,Processed Title,Release Date,Production Budget ($),Domestic Gross ($),Worldwide Gross ($),Domestic ROI (%),Worldwide ROI (%)
Avatar,Avatar,"Dec 18, 2009",425000000,760507625.0,2776345279.0,78.9429705882353,553.2577127058823
The Dark Knight Rises,"Dark-Knight-Rises,-The","Jul 20, 2012",275000000,448139099.0,1084439099.0,62.959672363636365,294.3414905454545
The Avengers,"Avengers,-The","May 4, 2012",225000000,623279547.0,1517935897.0,177.013132,574.6381764444444
Pirates of the Caribbean: Dead Man's Chest,Pirates-of-the-Caribbean-Dead-Man's-Chest,"Jul 7, 2006",225000000,423315812.0,1066215812.0,88.14036088888889,373.87369422222224
Men in Black 3,Men-in-Black-3,"May 25, 2012",215000000,179020854.0,654213485.0,-16.734486511627907,204.2853418604651
King Kong,King-Kong,"Dec 14, 2005",207000000,218080025.0,550517357.0,5.352669082125604,165.95041400966184
Guardians of the Galaxy Vol 2,Guardians-of-the-Galaxy-Vol-2,"May 5, 2017",200000000,389813101.0,862316233.0,94.9065505,331.1581165
Cars 2,Cars-2,"Jun 24, 2011",200000000,191450875.0,560155383.0,-4.2745625,180.0776915
2012,2012,"Nov 13, 2009",200000000,166112167.0,788408539.0,-16.9439165,294.2042695
Terminator Salvation,Terminator-Salvation,"May 21, 2009",200000000,125322469.0,365491792.0,-37.3387655,82.745896
The Mummy,"Mummy,-The","Jun 9, 2017",195000000,80101125.0,409953905.0,-58.9225,110.2327717948718
The Great Gatsby,"Great-Gatsby,-The","May 10, 2013",190000000,144840419.0,351040419.0,-23.76820052631579,84.75811526315789
Thor: Ragnarok,Thor-Ragnarok,"Nov 3, 2017",180000000,315058289.0,846980024.0,75.03238277777778,370.5444577777778
Up,Up,"May 29, 2009",175000000,293004164.0,731463377.0,67.43095085714286,317.97907257142856
Coco,Coco,"Nov 22, 2017",175000000,209726015.0,798020225.0,19.843437142857145,356.01155714285716
G.I. Joe: The Rise of Cobra,G.I.-Joe-The-Rise-of-Cobra,"Aug 7, 2009",175000000,150201498.0,302469017.0,-14.170572571428572,72.83943828571428
Wild Wild West,Wild-Wild-West,"Jun 30, 1999",175000000,113805681.0,221229335.0,-34.968182285714285,26.416762857142857
Snow White and the Huntsman,Snow-White-and-the-Huntsman,"Jun 1, 2012",170000000,155136755.0,401021746.0,-8.743085294117646,135.89514470588236
How to Train Your Dragon,How-to-Train-Your-Dragon,"Mar 26, 2010",165000000,217581232.0,494870992.0,31.86741333333333,199.92181333333335
Interstellar,Interstellar,"Nov 5, 2014",165000000,188017894.0,666379375.0,13.950238787878789,303.8662878787879
Beauty and the Beast,Beauty-and-the-Beast,"Mar 17, 2017",160000000,504014165.0,1259199706.0,215.008853125,686.99981625
Shrek the Third,Shrek-the-Third,"May 17, 2007",160000000,322719944.0,807330936.0,101.699965,404.581835
Inception,Inception,"Jul 16, 2010",160000000,292576195.0,832402082.0,82.860121875,420.25130125
Godzilla,Godzilla,"May 16, 2014",160000000,200676069.0,529076069.0,25.422543125,230.672543125
The Curious Case of Benjamin Button,"Curious-Case-of-Benjamin-Button,-The","Dec 25, 2008",160000000,127509326.0,329631958.0,-20.30667125,106.01997375
War for the Planet of the Apes,War-for-the-Planet-of-the-Apes,"Jul 14, 2017",152000000,146880162.0,489592267.0,-3.3683144736842103,222.10017565789474
Frozen,Frozen,"Nov 22, 2013",150000000,400738009.0,1272469910.0,167.15867266666666,748.3132733333333
Zootopia,Zootopia,"Mar 4, 2016",150000000,341268248.0,1019704348.0,127.51216533333333,579.8028986666667
The Matrix Reloaded,"Matrix-Reloaded,-The","May 15, 2003",150000000,281553689.0,738576929.0,87.70245933333334,392.3846193333333
Hancock,Hancock,"Jul 1, 2008",150000000,227946274.0,624234272.0,51.964182666666666,316.15618133333334
Thor,Thor,"May 6, 2011",150000000,181030624.0,449326618.0,20.687082666666665,199.55107866666665
X-Men Origins: Wolverine,X-Men-Origins-Wolverine,"May 1, 2009",150000000,179883157.0,374825760.0,19.922104666666666,149.88384
Angels & Demons,Angels-&-Demons,"May 15, 2009",150000000,133375846.0,490875846.0,-11.082769333333333,227.250564
How to Train Your Dragon 2,How-to-Train-Your-Dragon-2,"Jun 13, 2014",145000000,177002924.0,614586270.0,22.070982068965517,323.8526
Rise of the Guardians,Rise-of-the-Guardians,"Nov 21, 2012",145000000,103412758.0,306900902.0,-28.680856551724137,111.65579448275862
Star Trek,Star-Trek,"May 8, 2009",140000000,257730019.0,386839614.0,84.09287071428571,176.31401
The Last Samurai,"Last-Samurai,-The","Dec 5, 2003",140000000,111110575.0,456810575.0,-20.635303571428572,226.29326785714287
Spider-Man,Spider-Man,"May 3, 2002",139000000,403706375.0,821706375.0,190.43624100719424,491.1556654676259
Watchmen,Watchmen,"Mar 6, 2009",138000000,107509799.0,186976250.0,-22.09434855072464,35.490036231884055
The Croods,"Croods,-The","Mar 22, 2013",135000000,187168425.0,573068425.0,38.643277777777776,324.4951296296296
The Revenant,"Revenant,-The","Dec 25, 2015",135000000,183637894.0,532938302.0,36.02806962962963,294.7691125925926
Miami Vice,Miami-Vice,"Jul 28, 2006",135000000,63478838.0,163818556.0,-52.978638518518515,21.34707851851852
War of the Worlds,War-of-the-Worlds,"Jun 29, 2005",132000000,234280354.0,606836535.0,77.48511666666667,359.7246477272727
The Bourne Ultimatum,"Bourne-Ultimatum,-The","Aug 3, 2007",130000000,227471070.0,444043396.0,74.97774615384616,241.57184307692307
Kung Fu Panda,Kung-Fu-Panda,"Jun 6, 2008",130000000,215434591.0,631910531.0,65.71891615384615,386.08502384615383
Megamind,Megamind,"Nov 5, 2010",130000000,148415853.0,321887208.0,14.166040769230769,147.60554461538462
Logan,Logan,"Mar 3, 2017",127000000,226277068.0,615461394.0,78.17091968503937,384.6152708661417
Clash of the Titans,Clash-of-the-Titans,"Apr 1, 2010",125000000,163214888.0,493214888.0,30.5719104,294.5719104
Prometheus,Prometheus,"Jun 8, 2012",125000000,126477084.0,402448265.0,1.1816672,221.958612
Total Recall,Total-Recall,"Aug 3, 2012",125000000,58877969.0,211856088.0,-52.8976248,69.4848704
Life of Pi,Life-of-Pi,"Nov 21, 2012",120000000,124987022.0,607258634.0,4.155851666666667,406.04886166666665
Ghost Rider,Ghost-Rider,"Feb 16, 2007",120000000,115802596.0,229545589.0,-3.4978366666666667,91.28799083333334
Oblivion,Oblivion,"Apr 19, 2013",120000000,89107235.0,287916633.0,-25.743970833333332,139.9305275
Fantastic Four,Fantastic-Four,"Aug 7, 2015",120000000,56117548.0,167849187.0,-53.23537666666667,39.8743225
Speed Racer,Speed-Racer,"May 9, 2008",120000000,43945766.0,93394462.0,-63.378528333333335,-22.171281666666665
The Island,"Island,-The","Jul 22, 2005",120000000,35818913.0,163018913.0,-70.15090583333334,35.84909416666667
Ocean's Twelve,Ocean's-Twelve,"Dec 10, 2004",110000000,125531634.0,362989076.0,14.119667272727273,229.9900690909091
Tomorrow Never Dies,Tomorrow-Never-Dies,"Dec 19, 1997",110000000,125304276.0,339504276.0,13.912978181818183,208.6402509090909
The Patriot,"Patriot,-The","Jun 28, 2000",110000000,113330342.0,215300000.0,3.0275836363636364,95.72727272727273
Ali,Ali,"Dec 25, 2001",109000000,58183966.0,87683966.0,-46.62021467889908,-19.555994495412843
The Martian,"Martian,-The","Oct 2, 2015",108000000,228433663.0,655271443.0,111.51265092592593,506.7328175925926
"I, Robot","I,-Robot","Jul 16, 2004",105000000,144801023.0,348629585.0,37.90573619047619,232.0281761904762
Gone in 60 Seconds,Gone-in-60-Seconds,"Jun 9, 2000",103300000,101643008.0,232643008.0,-1.604058083252662,125.2110435624395
Gladiator,Gladiator,"May 5, 2000",103000000,187683805.0,457683805.0,82.21728640776699,344.35320873786407
Public Enemies,Public-Enemies,"Jul 1, 2009",102500000,97104620.0,212282709.0,-5.263785365853659,107.10508195121952
Django Unchained,Django-Unchained,"Dec 25, 2012",100000000,162805434.0,449948323.0,62.805434,349.948323
True Lies,True-Lies,"Jul 15, 1994",100000000,146282411.0,365300000.0,46.282411,265.3
American Gangster,American-Gangster,"Nov 2, 2007",100000000,130164645.0,267985456.0,30.164645,167.985456
The Wolf of Wall Street,"Wolf-of-Wall-Street,-The","Dec 25, 2013",100000000,116900694.0,389870414.0,16.900694,289.870414
The Tourist,"Tourist,-The","Dec 10, 2010",100000000,67631157.0,278731369.0,-32.368843,178.731369
Starship Troopers,Starship-Troopers,"Nov 7, 1997",100000000,54768952.0,121100000.0,-45.231048,21.1
Point Break,Point-Break,"Dec 25, 2015",100000000,28782481.0,126704591.0,-71.217519,26.704591
The Fifth Element,"Fifth-Element,-The","May 9, 1997",95000000,63570862.0,263898761.0,-33.08330315789474,177.7881694736842
Rise of the Planet of the Apes,Rise-of-the-Planet-of-the-Apes,"Aug 5, 2011",93000000,176760185.0,470986200.0,90.06471505376344,406.4367741935484
The Secret Life of Walter Mitty,"Secret-Life-of-Walter-Mitty,-The","Dec 25, 2013",91000000,58236838.0,187861183.0,-36.00347472527473,106.44086043956044
Men in Black,Men-in-Black,"Jul 1, 1997",90000000,250690539.0,587790539.0,178.54504333333333,553.1005988888888
Rush Hour 2,Rush-Hour-2,"Aug 3, 2001",90000000,226164286.0,347425832.0,151.2936511111111,286.02870222222225
Sherlock Holmes,Sherlock-Holmes,"Dec 25, 2009",90000000,209028679.0,498438212.0,132.25408777777778,453.82023555555554
What Lies Beneath,What-Lies-Beneath,"Jul 21, 2000",90000000,155464351.0,288693989.0,72.73816777777778,220.7710988888889
The Departed,"Departed,-The","Oct 6, 2006",90000000,132384315.0,289660619.0,47.09368333333333,221.84513222222222
Charlie's Angels,Charlie's-Angels,"Nov 3, 2000",90000000,125305545.0,259736090.0,39.22838333333333,188.59565555555557
Tropic Thunder,Tropic-Thunder,"Aug 13, 2008",90000000,110515313.0,191145256.0,22.794792222222224,112.38361777777777
The Girl with the Dragon Tattoo,"Girl-with-the-Dragon-Tattoo,-The","Dec 20, 2011",90000000,102515793.0,239373970.0,13.906436666666666,165.97107777777777
Valkyrie,Valkyrie,"Dec 25, 2008",90000000,83107829.0,203932174.0,-7.6579677777777775,126.59130444444445
Hollow Man,Hollow-Man,"Aug 4, 2000",90000000,73209340.0,191200000.0,-18.656288888888888,112.44444444444444
Mission to Mars,Mission-to-Mars,"Mar 10, 2000",90000000,60874615.0,106000000.0,-32.36153888888889,17.77777777777778
Conan the Barbarian,Conan-the-Barbarian,"Aug 19, 2011",90000000,21295021.0,63356133.0,-76.33886555555556,-29.604296666666666
The Three Musketeers,"Three-Musketeers,-The","Oct 21, 2011",90000000,20377913.0,139877913.0,-77.35787444444445,55.41990333333333
Hannibal,Hannibal,"Feb 9, 2001",87000000,165092266.0,350100280.0,89.76122528735632,302.4141149425287
Cast Away,Cast-Away,"Dec 22, 2000",85000000,233632142.0,427230516.0,174.86134352941176,402.6241364705882
Happy Feet,Happy-Feet,"Nov 17, 2006",85000000,198000317.0,385000317.0,132.9415494117647,352.9415494117647
Ocean's Eleven,Ocean's-Eleven,"Dec 7, 2001",85000000,183417150.0,450728529.0,115.78488235294118,430.26885764705884
It's Complicated,It's-Complicated,"Dec 25, 2009",85000000,112735375.0,224614744.0,32.62985294117647,164.25264
Meet Joe Black,Meet-Joe-Black,"Nov 13, 1998",85000000,44650003.0,44650003.0,-47.47058470588235,-47.47058470588235
Collateral Damage,Collateral-Damage,"Feb 8, 2002",85000000,40048332.0,78353508.0,-52.88431529411765,-7.819402352941177
Judge Dredd,Judge-Dredd,"Jun 30, 1995",85000000,34687912.0,113487912.0,-59.19069176470588,33.51519058823529
Bruce Almighty,Bruce-Almighty,"May 23, 2003",81000000,242704995.0,484468608.0,199.6357962962963,498.1093925925926
Mission: Impossible,Mission-Impossible,"May 21, 1996",80000000,180981886.0,457697994.0,126.2273575,472.1224925
Something's Gotta Give,Something's-Gotta-Give,"Dec 12, 2003",80000000,124685242.0,266685242.0,55.8565525,233.3565525
Eagle Eye,Eagle-Eye,"Sep 26, 2008",80000000,101440743.0,180585259.0,26.80092875,125.73157375
Cold Mountain,Cold-Mountain,"Dec 25, 2003",80000000,95632614.0,165173909.0,19.5407675,106.46738625
The Book of Eli,"Book-of-Eli,-The","Jan 15, 2010",80000000,94835059.0,158750817.0,18.54382375,98.43852125
The Haunting,"Haunting,-The","Jul 23, 1999",80000000,91188905.0,180188905.0,13.98613125,125.23613125
The Day the Earth Stood Still,"Day-the-Earth-Stood-Still,-The","Dec 12, 2008",80000000,79366978.0,237370350.0,-0.7912775,196.7129375
Swordfish,Swordfish,"Jun 8, 2001",80000000,69772969.0,147080413.0,-12.78378875,83.85051625
The Manchurian Candidate,"Manchurian-Candidate,-The","Jul 30, 2004",80000000,65948711.0,96148711.0,-17.56411125,20.18588875
The Time Machine,"Time-Machine,-The","Mar 8, 2002",80000000,56684819.0,98983590.0,-29.14397625,23.7294875
Mighty Joe Young,Mighty-Joe-Young,"Dec 25, 1998",80000000,50632037.0,50632037.0,-36.70995375,-36.70995375
Little Nicky,Little-Nicky,"Nov 10, 2000",80000000,39442871.0,58270391.0,-50.69641125,-27.16201125
Surrogates,Surrogates,"Sep 25, 2009",80000000,38577772.0,119668350.0,-51.777785,49.5854375
Thirteen Days,Thirteen-Days,"Dec 22, 2000",80000000,34566746.0,66554547.0,-56.7915675,-16.80681625
Nine,Nine,"Dec 18, 2009",80000000,19676965.0,53508858.0,-75.40379375,-33.1139275
The Postman,"Postman,-The","Dec 25, 1997",80000000,17650704.0,20841123.0,-77.93662,-73.94859625
Despicable Me 2,Despicable-Me-2,"Jul 3, 2013",76000000,368065385.0,975216835.0,384.2965592105263,1183.1800460526315
Wanted,Wanted,"Jun 27, 2008",75000000,134508551.0,342416460.0,79.34473466666667,356.55528
The Rock,"Rock,-The","Jun 7, 1996",75000000,134069511.0,336069511.0,78.759348,348.09268133333336
Constantine,Constantine,"Feb 18, 2005",75000000,75976178.0,221594911.0,1.3015706666666667,195.45988133333333
Life,Life,"Apr 16, 1999",75000000,64062587.0,73521587.0,-14.583217333333334,-1.9712173333333334
Spanglish,Spanglish,"Dec 17, 2004",75000000,42044321.0,54344321.0,-43.94090533333333,-27.540905333333335
Hostage,Hostage,"Mar 11, 2005",75000000,34636443.0,77636443.0,-53.818076,3.5152573333333335
Soldier,Soldier,"Oct 23, 1998",75000000,14623082.0,14623082.0,-80.50255733333333,-80.50255733333333
Monkeybone,Monkeybone,"Feb 23, 2001",75000000,5409517.0,5409517.0,-92.78731066666667,-92.78731066666667
Unbreakable,Unbreakable,"Nov 22, 2000",73243106,94999143.0,248099143.0,29.703870013377095,238.73378198898337
Sphere,Sphere,"Feb 13, 1998",73000000,37068294.0,50168294.0,-49.22151506849315,-31.276309589041094
Funny People,Funny-People,"Jul 31, 2009",72500000,51855045.0,71880305.0,-28.4758,-0.854751724137931
The Kingdom,"Kingdom,-The","Sep 28, 2007",72500000,47467250.0,86509602.0,-34.52793103448276,19.323588965517242
Braveheart,Braveheart,"May 24, 1995",72000000,75545647.0,209045244.0,4.924509722222222,190.34061666666668
Signs,Signs,"Aug 2, 2002",70702619,227969295.0,408269295.0,222.43401761397269,477.4457874042827
Runaway Bride,Runaway-Bride,"Jul 30, 1999",70000000,152257509.0,310138178.0,117.51072714285715,343.05454
xXx,xXx,"Aug 9, 2002",70000000,141930000.0,267200000.0,102.75714285714285,281.7142857142857
Inglourious Basterds,Inglourious-Basterds,"Aug 21, 2009",70000000,120774594.0,316915264.0,72.53513428571429,352.73609142857146
Die Hard 2,Die-Hard-2,"Jul 3, 1990",70000000,117323878.0,239814025.0,67.60554,242.5914642857143
Sleepy Hollow,Sleepy-Hollow,"Nov 19, 1999",70000000,101068340.0,207068340.0,44.38334285714286,195.8119142857143
Vanilla Sky,Vanilla-Sky,"Dec 14, 2001",70000000,100614858.0,202726605.0,43.73551142857143,189.60943571428572
Battle: Los Angeles,Battle-Los-Angeles,"Mar 11, 2011",70000000,83552429.0,213463976.0,19.360612857142858,204.94853714285713
War Horse,War-Horse,"Dec 25, 2011",70000000,79883359.0,156815529.0,14.119084285714285,124.02218428571429
Big Fish,Big-Fish,"Dec 10, 2003",70000000,66432867.0,123954323.0,-5.095904285714286,77.07760428571429
The Abyss,"Abyss,-The","Aug 9, 1989",70000000,54243125.0,54243125.0,-22.509821428571428,-22.509821428571428
The Siege,"Siege,-The","Nov 6, 1998",70000000,40934175.0,116625798.0,-41.52260714285714,66.60828285714285
Hard Rain,Hard-Rain,"Jan 16, 1998",70000000,19870567.0,19870567.0,-71.61347571428571,-71.61347571428571
Next,Next,"Apr 27, 2007",70000000,18211013.0,73591500.0,-73.98426714285715,5.130714285714285
Hall Pass,Hall-Pass,"Feb 25, 2011",68000000,45060734.0,87173475.0,-33.73421470588235,28.19628676470588
The Insider,"Insider,-The","Nov 5, 1999",68000000,28965197.0,60265197.0,-57.40412205882353,-11.374710294117648
Entrapment,Entrapment,"Apr 30, 1999",66000000,87707396.0,211700000.0,32.88999393939394,220.75757575757575
The X Files: Fight the Future,"X-Files-Fight-the-Future,-The","Jun 19, 1998",66000000,83898313.0,189176423.0,27.11865606060606,186.63094393939394
Saving Private Ryan,Saving-Private-Ryan,"Jul 24, 1998",65000000,216335085.0,485035085.0,232.8232076923077,646.2078230769231
Lincoln,Lincoln,"Nov 9, 2012",65000000,182207973.0,273346281.0,180.31995846153845,320.53274
The Matrix,"Matrix,-The","Mar 31, 1999",65000000,171479930.0,463517383.0,163.81527692307694,613.1036661538461
Les Miserables,Les-Miserables,"Dec 25, 2012",65000000,148809770.0,442169052.0,128.93810769230768,580.26008
Cliffhanger,Cliffhanger,"May 28, 1993",65000000,84049211.0,255000000.0,29.30647846153846,292.3076923076923
Broken Arrow,Broken-Arrow,"Feb 9, 1996",65000000,70645997.0,148345997.0,8.686149230769232,128.22461076923076
Blade: Trinity,Blade-Trinity,"Dec 8, 2004",65000000,52397389.0,131353165.0,-19.38863230769231,102.08179230769231
Fight Club,Fight-Club,"Oct 15, 1999",65000000,37030102.0,100851705.0,-43.03061230769231,55.15646923076923
The Long Kiss Goodnight,"Long-Kiss-Goodnight,-The","Oct 11, 1996",65000000,33447612.0,33447612.0,-48.542135384615385,-48.542135384615385
Hudson Hawk,Hudson-Hawk,"May 24, 1991",65000000,17218916.0,17218916.0,-73.50936,-73.50936
Jurassic Park,Jurassic-Park,"Jun 11, 1993",63000000,395708305.0,1038812584.0,528.1084206349207,1548.9088634920636
The American President,"American-President,-The","Nov 17, 1995",62000000,60022813.0,107822813.0,-3.1890112903225805,73.9077629032258
Wild Hogs,Wild-Hogs,"Mar 2, 2007",60000000,168213584.0,253555383.0,180.35597333333334,322.592305
Marley & Me,Marley-&-Me,"Dec 25, 2008",60000000,143153751.0,247812011.0,138.589585,313.0200183333333
The Green Mile,"Green-Mile,-The","Dec 10, 1999",60000000,136801374.0,290701374.0,128.00229,384.50229
The Truman Show,"Truman-Show,-The","Jun 5, 1998",60000000,125618201.0,264118201.0,109.36366833333334,340.19700166666667
The Bourne Identity,"Bourne-Identity,-The","Jun 14, 2002",60000000,121468960.0,214357371.0,102.44826666666667,257.262285
The Italian Job,"Italian-Job,-The","May 30, 2003",60000000,106126012.0,176262839.0,76.87668666666667,193.77139833333334
Antz,Antz,"Oct 2, 1998",60000000,90757863.0,152457863.0,51.263105,154.09643833333334
The Family Man,"Family-Man,-The","Dec 22, 2000",60000000,75764085.0,124715863.0,26.273475,107.85977166666666
The Horse Whisperer,"Horse-Whisperer,-The","May 15, 1998",60000000,75383563.0,186883563.0,25.639271666666666,211.472605
Coraline,Coraline,"Feb 6, 2009",60000000,75286229.0,126037057.0,25.477048333333332,110.06176166666667
Hellboy,Hellboy,"Apr 2, 2004",60000000,59623958.0,99823958.0,-0.6267366666666667,66.37326333333333
ParaNorman,ParaNorman,"Aug 17, 2012",60000000,56003051.0,108119662.0,-6.661581666666667,80.19943666666667
The Boxtrolls,"Boxtrolls,-The","Sep 26, 2014",60000000,50837305.0,111946251.0,-15.271158333333334,86.577085
Year One,Year-One,"Jun 19, 2009",60000000,43337279.0,57604723.0,-27.771201666666666,-3.9921283333333335
Star Trek: Nemesis,Star-Trek-Nemesis,"Dec 13, 2002",60000000,43254409.0,67312826.0,-27.909318333333335,12.188043333333333
Invictus,Invictus,"Dec 11, 2009",60000000,37491364.0,124514011.0,-37.51439333333333,107.52335166666667
Intolerable Cruelty,Intolerable-Cruelty,"Oct 10, 2003",60000000,35327628.0,121327628.0,-41.12062,102.21271333333334
The Relic,"Relic,-The","Jan 10, 1997",60000000,33956608.0,33956608.0,-43.40565333333333,-43.40565333333333
Analyze That,Analyze-That,"Dec 6, 2002",60000000,32122249.0,54994757.0,-46.462918333333334,-8.342071666666667
Priest,Priest,"May 13, 2011",60000000,29136626.0,84154026.0,-51.43895666666667,40.25671
Event Horizon,Event-Horizon,"Aug 15, 1997",60000000,26673242.0,26673242.0,-55.54459666666666,-55.54459666666666
The Black Dahlia,"Black-Dahlia,-The","Sep 15, 2006",60000000,22672813.0,49238525.0,-62.211978333333334,-17.935791666666667
Deadpool,Deadpool,"Feb 12, 2016",58000000,363070709.0,801025593.0,525.9839810344828,1281.0786086206897
American Sniper,American-Sniper,"Dec 25, 2014",58000000,350126372.0,547326372.0,503.66615862068966,843.6661586206897
Sex and the City,Sex-and-the-City,"May 30, 2008",57500000,152647258.0,415247258.0,165.47349217391303,622.1691443478261
Devil's Advocate,Devil's-Advocate,"Oct 17, 1997",57000000,61007424.0,153007424.0,7.030568421052632,168.43407719298244
Into the Woods,Into-the-Woods,"Dec 25, 2014",56200000,128002372.0,213116401.0,127.76222775800711,279.21067793594307
The Pacifier,"Pacifier,-The","Mar 4, 2005",56000000,113006880.0,198006880.0,101.798,253.58371428571428
Walking Tall,Walking-Tall,"Apr 2, 2004",56000000,46213824.0,47313824.0,-17.475314285714287,-15.511028571428572
Forrest Gump,Forrest-Gump,"Jul 6, 1994",55000000,330151138.0,679850637.0,500.27479636363637,1136.0920672727273
Date Night,Date-Night,"Apr 9, 2010",55000000,98711404.0,152269033.0,79.47528,176.85278727272728
Alien 3,Alien-3,"May 22, 1992",55000000,54927174.0,158500000.0,-0.13241090909090908,188.1818181818182
Ronin,Ronin,"Sep 25, 1998",55000000,41610884.0,70692101.0,-24.343847272727274,28.53109272727273
Burlesque,Burlesque,"Nov 24, 2010",55000000,39440655.0,90552675.0,-28.28971818181818,64.64122727272728
The Ghost and the Darkness,"Ghost-and-the-Darkness,-The","Oct 11, 1996",55000000,38564422.0,38564422.0,-29.88286909090909,-29.88286909090909
Changeling,Changeling,"Oct 24, 2008",55000000,35739802.0,113805580.0,-35.018541818181816,106.91923636363636
Semi-Pro,Semi-Pro,"Feb 29, 2008",55000000,33479698.0,43980363.0,-39.127821818181815,-20.035703636363635
Elizabeth: The Golden Age,Elizabeth-The-Golden-Age,"Oct 12, 2007",55000000,16285240.0,74870866.0,-70.39047272727272,36.12884727272727
All the King's Men,All-the-King's-Men,"Sep 22, 2006",55000000,7221458.0,9521458.0,-86.87007636363636,-82.68825818181818
Thunderbirds,Thunderbirds,"Jul 30, 2004",55000000,6768055.0,28231444.0,-87.69444545454546,-48.67010181818182
The Godfather: Part III,"Godfather-Part-III,-The","Dec 25, 1990",54000000,66520529.0,66520529.0,23.186164814814816,23.186164814814816
Law Abiding Citizen,Law-Abiding-Citizen,"Oct 16, 2009",53000000,73357727.0,131159781.0,38.410805660377356,147.47128490566038
Anastasia,Anastasia,"Nov 14, 1997",53000000,58403409.0,139801096.0,10.195111320754718,163.77565283018868
Beloved,Beloved,"Oct 16, 1998",53000000,22852487.0,22852487.0,-56.8821,-56.8821
Zero Dark Thirty,Zero-Dark-Thirty,"Dec 19, 2012",52500000,95720716.0,134612435.0,82.32517333333334,156.40463809523808
Casino,Casino,"Nov 22, 1995",52000000,42438300.0,110400000.0,-18.387884615384614,112.3076923076923
The Change-Up,"Change-Up,-The","Aug 5, 2011",52000000,37243418.0,75997067.0,-28.378042307692308,46.14820576923077
Man on the Moon,Man-on-the-Moon,"Dec 22, 1999",52000000,34580635.0,47407635.0,-33.49877884615385,-8.831471153846154
The Adjustment Bureau,"Adjustment-Bureau,-The","Mar 4, 2011",50200000,62495645.0,126931325.0,24.49331673306773,152.85124501992033
Shrek,Shrek,"May 18, 2001",50000000,267655011.0,491812794.0,435.310022,883.625588
Ted,Ted,"Jun 29, 2012",50000000,218665740.0,556016627.0,337.33148,1012.033254
Robin Hood: Prince of Thieves,Robin-Hood-Prince-of-Thieves,"Jun 14, 1991",50000000,165493908.0,390500000.0,230.987816,681.0
Jerry Maguire,Jerry-Maguire,"Dec 13, 1996",50000000,153952592.0,274000000.0,207.905184,448.0
Super 8,Super-8,"Jun 10, 2011",50000000,127004179.0,257972745.0,154.008358,415.94549
Erin Brockovich,Erin-Brockovich,"Mar 17, 2000",50000000,125548685.0,257805243.0,151.09737,415.610486
Yes Man,Yes-Man,"Dec 19, 2008",50000000,97690976.0,225990976.0,95.381952,351.981952
"Crazy, Stupid, Love","Crazy,-Stupid,-Love","Jul 29, 2011",50000000,84351197.0,147142328.0,68.702394,194.284656
Moneyball,Moneyball,"Sep 23, 2011",50000000,75605492.0,111300835.0,51.210984,122.60167
V for Vendetta,V-for-Vendetta,"Mar 17, 2006",50000000,70511035.0,130214162.0,41.02207,160.428324
Syriana,Syriana,"Nov 23, 2005",50000000,50824620.0,92690959.0,1.64924,85.381918
Absolute Power,Absolute-Power,"Feb 14, 1997",50000000,50068310.0,50068310.0,0.13662,0.13662
The Game,"Game,-The","Sep 12, 1997",50000000,48265581.0,80369970.0,-3.468838,60.73994
G.I. Jane,G.I.-Jane,"Aug 22, 1997",50000000,48169156.0,48169156.0,-3.661688,-3.661688
The Replacements,"Replacements,-The","Aug 11, 2000",50000000,44737059.0,50054511.0,-10.525882,0.109022
Ninja Assassin,Ninja-Assassin,"Nov 25, 2009",50000000,38122883.0,62209892.0,-23.754234,24.419784
Assassins,Assassins,"Oct 6, 1995",50000000,30306268.0,83306268.0,-39.387464,66.612536
Defiance,Defiance,"Jan 16, 2009",50000000,28644813.0,52987754.0,-42.710374,5.975508
Basic,Basic,"Mar 28, 2003",50000000,26599248.0,42598498.0,-46.801504,-14.803004
Gamer,Gamer,"Sep 4, 2009",50000000,20534907.0,42002029.0,-58.930186,-15.995942
The Life of David Gale,"Life-of-David-Gale,-The","Feb 21, 2003",50000000,19694635.0,28920188.0,-60.61073,-42.159624
Eastern Promises,Eastern-Promises,"Sep 14, 2007",50000000,17181265.0,56077088.0,-65.63747,12.154176
Fair Game,Fair-Game,"Nov 3, 1995",50000000,11497497.0,26097497.0,-77.005006,-47.805006
Drive Angry,Drive-Angry,"Feb 25, 2011",50000000,10721033.0,41042583.0,-78.557934,-17.914834
Death to Smoochy,Death-to-Smoochy,"Mar 29, 2002",50000000,8355815.0,8374062.0,-83.28837,-83.251876
Anna Karenina,Anna-Karenina,"Nov 16, 2012",49000000,12816367.0,71004627.0,-73.84414897959184,44.90740204081633
Indiana Jones and the Last Crusade,Indiana-Jones-and-the-Last-Crusade,"May 24, 1989",48000000,197171806.0,474171806.0,310.7745958333333,887.8579291666666
Traffic,Traffic,"Dec 27, 2000",48000000,124107476.0,208300000.0,158.55724166666667,333.9583333333333
Panic Room,Panic-Room,"Mar 29, 2002",48000000,95308367.0,196308367.0,98.55909791666667,308.97576458333333
Three Kings,Three-Kings,"Oct 1, 1999",48000000,60652036.0,107752036.0,26.358408333333333,124.48340833333333
Out of Sight,Out-of-Sight,"Jun 26, 1998",48000000,37562568.0,77562568.0,-21.74465,61.588683333333336
Solaris,Solaris,"Nov 27, 2002",47000000,14970038.0,14970038.0,-68.14885531914894,-68.14885531914894
My Best Friend's Wedding,My-Best-Friend's-Wedding,"Jun 20, 1997",46000000,126813153.0,298923419.0,175.68076739130436,549.8335195652174
Star Trek: First Contact,Star-Trek-First-Contact,"Nov 22, 1996",46000000,92027888.0,150000000.0,100.06062608695652,226.08695652173913
Insomnia,Insomnia,"May 24, 2002",46000000,67263182.0,113622499.0,46.22430869565218,147.00543260869566
Liar Liar,Liar-Liar,"Mar 21, 1997",45000000,181410615.0,302710615.0,303.1347,572.6902555555556
The Flintstones,"Flintstones,-The","May 27, 1994",45000000,130531208.0,358500000.0,190.0693511111111,696.6666666666666
Blade,Blade,"Aug 21, 1998",45000000,70141876.0,131237688.0,55.87083555555556,191.63930666666667
The Bounty Hunter,"Bounty-Hunter,-The","Mar 19, 2010",45000000,67061228.0,135808837.0,49.02495111111111,201.79741555555555
Tin Cup,Tin-Cup,"Aug 16, 1996",45000000,53854588.0,75854588.0,19.676862222222223,68.56575111111111
The Hitchhiker's Guide to the Galaxy,"Hitchhiker's-Guide-to-the-Galaxy,-The","Apr 29, 2005",45000000,51019112.0,102746214.0,13.375804444444444,128.32492
Cellular,Cellular,"Sep 10, 2004",45000000,32003620.0,61475984.0,-28.880844444444445,36.61329777777778
Dune,Dune,"Dec 14, 1984",45000000,27447471.0,27447471.0,-39.00562,-39.00562
Revolutionary Road,Revolutionary-Road,"Dec 26, 2008",45000000,22951340.0,79604820.0,-48.99702222222222,76.8996
Frankenstein,Frankenstein,"Nov 4, 1994",45000000,22006296.0,112006296.0,-51.09712,148.90288
Deep Rising,Deep-Rising,"Jan 30, 1998",45000000,11203026.0,11203026.0,-75.10438666666667,-75.10438666666667
Argo,Argo,"Oct 12, 2012",44500000,136025503.0,227140757.0,205.67528764044943,410.42866741573033
The Fugitive,"Fugitive,-The","Aug 6, 1993",44000000,183875760.0,353715317.0,317.89945454545455,703.8984477272727
The Mechanic,"Mechanic,-The","Jan 28, 2011",42500000,29121498.0,76347393.0,-31.478828235294117,79.64092470588236
Notting Hill,Notting-Hill,"May 28, 1999",42000000,116089678.0,363728085.0,176.40399523809523,766.01925
Red Riding Hood,Red-Riding-Hood,"Mar 11, 2011",42000000,37662162.0,91678442.0,-10.328185714285715,118.28200476190476
15 Minutes,15-Minutes,"Mar 9, 2001",42000000,24375436.0,56331864.0,-41.96324761904762,34.123485714285714
Lord of War,Lord-of-War,"Sep 16, 2005",42000000,24149632.0,60437727.0,-42.50087619047619,43.89935
The Proposal,"Proposal,-The","Jun 19, 2009",40000000,163958031.0,314709717.0,309.8950775,686.7742925
American Hustle,American-Hustle,"Dec 13, 2013",40000000,150117807.0,257878294.0,275.2945175,544.695735
The Social Network,"Social-Network,-The","Oct 1, 2010",40000000,96962694.0,224922135.0,142.406735,462.3053375
He's Just Not That Into You,He's-Just-Not-That-Into-You,"Feb 6, 2009",40000000,93953653.0,181053657.0,134.8841325,352.6341425
Scream 3,Scream-3,"Feb 4, 2000",40000000,89138076.0,161838076.0,122.84519,304.59519
The Talented Mr. Ripley,"Talented-Mr.-Ripley,-The","Dec 24, 1999",40000000,81292135.0,128792135.0,103.2303375,221.9803375
The Last of the Mohicans,"Last-of-the-Mohicans,-The","Sep 25, 1992",40000000,75505856.0,75505856.0,88.76464,88.76464
JFK,JFK,"Dec 20, 1991",40000000,70405498.0,205400000.0,76.013745,413.5
17 Again,17-Again,"Apr 17, 2009",40000000,64167069.0,139474906.0,60.4176725,248.687265
Unknown,Unknown,"Feb 18, 2011",40000000,63686397.0,136123083.0,59.2159925,240.3077075
Gothika,Gothika,"Nov 21, 2003",40000000,59588068.0,141484812.0,48.97017,253.71203
The Lincoln Lawyer,"Lincoln-Lawyer,-The","Mar 18, 2011",40000000,58009200.0,87145086.0,45.023,117.862715
The Prestige,"Prestige,-The","Oct 20, 2006",40000000,53089891.0,104407366.0,32.7247275,161.018415
Autumn in New York,Autumn-in-New-York,"Aug 11, 2000",40000000,37752931.0,90717684.0,-5.6176725,126.79421
Paul,Paul,"Mar 18, 2011",40000000,37412945.0,101162106.0,-6.4676375,152.905265
Colombiana,Colombiana,"Aug 26, 2011",40000000,36665854.0,72295262.0,-8.335365,80.738155
8MM,8MM,"Feb 26, 1999",40000000,36443442.0,96398826.0,-8.891395,140.997065
The Doors,"Doors,-The","Mar 1, 1991",40000000,34416893.0,34416893.0,-13.9577675,-13.9577675
Arthur,Arthur,"Apr 8, 2011",40000000,33035397.0,47787943.0,-17.4115075,19.4698575
The Other Boleyn Girl,"Other-Boleyn-Girl,-The","Feb 29, 2008",40000000,26814957.0,78269970.0,-32.9626075,95.674925
Get Carter,Get-Carter,"Oct 6, 2000",40000000,14967182.0,19417182.0,-62.582045,-51.457045
Amelia,Amelia,"Oct 23, 2009",40000000,14279575.0,19756077.0,-64.3010625,-50.6098075
Cirque du Freak: The Vampire's Assistant,Cirque-du-Freak-The-Vampire's-Assistant,"Oct 23, 2009",40000000,14046595.0,39753957.0,-64.8835125,-0.6151075
New York Minute,New-York-Minute,"May 7, 2004",40000000,14018364.0,21215882.0,-64.95409,-46.960295
Pandorum,Pandorum,"Sep 25, 2009",40000000,10330853.0,17033431.0,-74.1728675,-57.4164225
The Hudsucker Proxy,"Hudsucker-Proxy,-The","Mar 11, 1994",40000000,2816518.0,14938149.0,-92.958705,-62.6546275
Frankenweenie,Frankenweenie,"Oct 5, 2012",39000000,35287788.0,81150788.0,-9.518492307692307,108.07894358974359
Serenity,Serenity,"Sep 30, 2005",39000000,25514517.0,40319440.0,-34.578161538461536,3.383179487179487
The Ugly Truth,"Ugly-Truth,-The","Jul 24, 2009",38000000,88915214.0,205298907.0,133.98740526315788,440.26028157894734
Star Trek: Generations,Star-Trek-Generations,"Nov 18, 1994",38000000,75671262.0,120000000.0,99.1349,215.78947368421052
Water for Elephants,Water-for-Elephants,"Apr 22, 2011",38000000,58709717.0,116809717.0,54.49925526315789,207.39399210526315
Enough,Enough,"May 24, 2002",38000000,39177215.0,50970660.0,3.097934210526316,34.133315789473684
Rush,Rush,"Sep 20, 2013",38000000,26947624.0,98230839.0,-29.0852,158.50220789473684
Angel Eyes,Angel-Eyes,"May 18, 2001",38000000,24044532.0,29544532.0,-36.724915789473684,-22.25123157894737
The Thing,"Thing,-The","Oct 14, 2011",38000000,16999934.0,27573078.0,-55.263331578947366,-27.43926842105263
White Squall,White-Squall,"Feb 2, 1996",38000000,10229300.0,10229300.0,-73.0807894736842,-73.0807894736842
The Master,"Master,-The","Sep 14, 2012",37500000,16247159.0,50647416.0,-56.674242666666665,35.059776
Twilight,Twilight,"Nov 21, 2008",37000000,192769854.0,402280159.0,420.9996054054054,987.243672972973
Burn After Reading,Burn-After-Reading,"Sep 12, 2008",37000000,60355347.0,168167798.0,63.12255945945946,354.5075621621622
Magnolia,Magnolia,"Dec 17, 1999",37000000,22450975.0,48446802.0,-39.321689189189186,30.937302702702702
Hot Tub Time Machine,Hot-Tub-Time-Machine,"Mar 26, 2010",36000000,50269859.0,65967750.0,39.63849722222222,83.24375
Breakdown,Breakdown,"May 2, 1997",36000000,50159144.0,50159144.0,39.330955555555555,39.330955555555555
Reindeer Games,Reindeer-Games,"Feb 25, 2000",36000000,23360779.0,23360779.0,-35.10894722222222,-35.10894722222222
Gattaca,Gattaca,"Oct 24, 1997",36000000,12532777.0,12532777.0,-65.18673055555556,-65.18673055555556
It,It,"Sep 8, 2017",35000000,327481748.0,697457969.0,835.6621371428571,1892.7370542857143
The Hangover,"Hangover,-The","Jun 5, 2009",35000000,277322503.0,465764086.0,692.3500085714286,1230.7545314285715
The Blind Side,"Blind-Side,-The","Nov 20, 2009",35000000,255959475.0,305705794.0,631.3127857142857,773.4451257142857
Batman,Batman,"Jun 23, 1989",35000000,251188924.0,411348924.0,617.68264,1075.28264
Rush Hour,Rush-Hour,"Sep 18, 1998",35000000,141186864.0,245300000.0,303.39104,600.8571428571429
Horrible Bosses,Horrible-Bosses,"Jul 8, 2011",35000000,117538559.0,212417601.0,235.8244542857143,506.90743142857144
Saving Mr. Banks,Saving-Mr.-Banks,"Dec 13, 2013",35000000,83299761.0,114962525.0,137.99931714285714,228.46435714285715
Star Trek: The Motion Picture,Star-Trek-The-Motion-Picture,"Dec 7, 1979",35000000,82258456.0,139000000.0,135.02416,297.14285714285717
This is 40,This-is-40,"Dec 21, 2012",35000000,67544505.0,90221182.0,92.9843,157.77480571428572
L.A. Confidential,L.A.-Confidential,"Sep 19, 1997",35000000,64604977.0,126204977.0,84.58564857142858,260.5856485714286
The Cell,"Cell,-The","Aug 18, 2000",35000000,61280963.0,85911226.0,75.08846571428572,145.4606457142857
TMNT,TMNT,"Mar 23, 2007",35000000,54149098.0,96096018.0,54.711708571428574,174.56005142857143
Malcolm X,Malcolm-X,"Nov 18, 1992",35000000,48169910.0,48169910.0,37.62831428571429,37.62831428571429
Donnie Brasco,Donnie-Brasco,"Feb 28, 1997",35000000,41954997.0,65303052.0,19.87142,86.58014857142857
Max Payne,Max-Payne,"Oct 17, 2008",35000000,40689393.0,87775050.0,16.25540857142857,150.78585714285714
The Ladykillers,"Ladykillers,-The","Mar 26, 2004",35000000,39692139.0,77392139.0,13.406111428571428,121.12039714285714
The Back-up Plan,"Back-up-Plan,-The","Apr 23, 2010",35000000,37490007.0,75281179.0,7.114305714285714,115.08908285714286
The Pianist,"Pianist,-The","Dec 27, 2002",35000000,32519322.0,111854182.0,-7.087651428571428,219.58337714285713
Mirrors,Mirrors,"Aug 15, 2008",35000000,30691439.0,77220596.0,-12.310174285714286,120.63027428571428
Queen of the Damned,Queen-of-the-Damned,"Feb 22, 2002",35000000,30307804.0,30307804.0,-13.406274285714286,-13.406274285714286
Flash Gordon,Flash-Gordon,"Dec 5, 1980",35000000,27107960.0,27107960.0,-22.548685714285714,-22.548685714285714
Heist,Heist,"Nov 9, 2001",35000000,23483357.0,28906817.0,-32.904694285714285,-17.409094285714286
Wonder Boys,Wonder-Boys,"Feb 23, 2000",35000000,19389454.0,33422485.0,-44.60156,-4.507185714285714
The Shipping News,"Shipping-News,-The","Dec 25, 2001",35000000,11405825.0,24405825.0,-67.41192857142858,-30.26907142857143
Whiteout,Whiteout,"Sep 11, 2009",35000000,10275638.0,12254746.0,-70.64103428571428,-64.98644
A Few Good Men,A-Few-Good-Men,"Dec 11, 1992",33000000,141340178.0,236500000.0,328.3035696969697,616.6666666666666
Bridesmaids,Bridesmaids,"May 13, 2011",32500000,169211718.0,289632023.0,420.65144,791.1754553846154
The Reader,"Reader,-The","Dec 10, 2008",32500000,34194407.0,112964875.0,5.21356,247.58423076923077
Source Code,Source-Code,"Apr 1, 2011",32000000,54712227.0,140428499.0,70.975709375,338.839059375
Apocalypse Now,Apocalypse-Now,"Aug 15, 1979",31500000,78800000.0,81250485.0,150.15873015873015,157.9380476190476
42,42,"Apr 12, 2013",31000000,95020213.0,97470701.0,206.51681612903226,214.42161612903226
Flight,Flight,"Nov 2, 2012",31000000,93772375.0,160558438.0,202.49153225806452,417.9304451612903
The Hunt for Red October,"Hunt-for-Red-October,-The","Mar 2, 1990",30000000,120709866.0,200500000.0,302.36622,568.3333333333334
The Addams Family,"Addams-Family,-The","Nov 22, 1991",30000000,113502246.0,191502246.0,278.34082,538.34082
Analyze This,Analyze-This,"Mar 5, 1999",30000000,106885658.0,176885658.0,256.28552666666667,489.61886
Se7en,Se7en,"Sep 22, 1995",30000000,100125643.0,328125643.0,233.75214333333332,993.7521433333334
Up in the Air,Up-in-the-Air,"Dec 4, 2009",30000000,83823381.0,166842739.0,179.41127,456.14246333333335
Looper,Looper,"Sep 28, 2012",30000000,66486205.0,170466405.0,121.62068333333333,468.22135
Midnight in Paris,Midnight-in-Paris,"May 20, 2011",30000000,56816662.0,162502774.0,89.38887333333334,441.6759133333333
Blow,Blow,"Apr 6, 2001",30000000,52990775.0,83282296.0,76.63591666666666,177.60765333333333
Sicario,Sicario,"Sep 18, 2015",30000000,46889293.0,84393749.0,56.29764333333333,181.31249666666668
Black Rain,Black-Rain,"Sep 22, 1989",30000000,45892212.0,45892212.0,52.97404,52.97404
John Wick,John-Wick,"Oct 24, 2014",30000000,43037835.0,76235001.0,43.45945,154.11667
Hanna,Hanna,"Apr 8, 2011",30000000,40259119.0,65343694.0,34.19706333333333,117.81231333333334
Larry Crowne,Larry-Crowne,"Jul 1, 2011",30000000,35608245.0,61449135.0,18.69415,104.83045
Carrie,Carrie,"Oct 18, 2013",30000000,35266619.0,82409520.0,17.555396666666667,174.6984
Get on Up,Get-on-Up,"Aug 1, 2014",30000000,30569935.0,33339868.0,1.8997833333333334,11.132893333333334
Virtuosity,Virtuosity,"Aug 4, 1995",30000000,23998226.0,23998226.0,-20.005913333333332,-20.005913333333332
The Next Three Days,"Next-Three-Days,-The","Nov 19, 2010",30000000,21148651.0,67255916.0,-29.504496666666668,124.18638666666666
Fright Night,Fright-Night,"Aug 19, 2011",30000000,18298649.0,40520649.0,-39.00450333333333,35.06883
Eight Legged Freaks,Eight-Legged-Freaks,"Jul 17, 2002",30000000,17266505.0,36722311.0,-42.44498333333333,22.407703333333334
Antitrust,Antitrust,"Jan 12, 2001",30000000,10965209.0,17865209.0,-63.44930333333333,-40.44930333333333
The Imaginarium of Doctor Parnassus,"Imaginarium-of-Doctor-Parnassus,-The","Dec 25, 2009",30000000,7689607.0,64352607.0,-74.36797666666666,114.50869
Machine Gun Preacher,Machine-Gun-Preacher,"Sep 23, 2011",30000000,538690.0,3721988.0,-98.20436666666667,-87.59337333333333
12 Monkeys,12-Monkeys,"Dec 27, 1995",29000000,57141459.0,168841459.0,97.03951379310345,482.2119275862069
Confessions of a Dangerous Mind,Confessions-of-a-Dangerous-Mind,"Dec 31, 2002",29000000,16007718.0,33013805.0,-44.800972413793104,13.840706896551724
Mumford,Mumford,"Sep 24, 1999",28700000,4559569.0,4559569.0,-84.113,-84.113
The Jacket,"Jacket,-The","Mar 4, 2005",28500000,6301131.0,15452978.0,-77.89076842105263,-45.77902456140351
Indiana Jones and the Temple of Doom,Indiana-Jones-and-the-Temple-of-Doom,"May 23, 1984",28000000,179880271.0,333080271.0,542.4295392857143,1089.5723964285714
Straight Outta Compton,Straight-Outta-Compton,"Aug 14, 2015",28000000,161197785.0,202182981.0,475.706375,622.082075
Die Hard,Die-Hard,"Jul 15, 1988",28000000,81350242.0,139109346.0,190.53657857142858,396.81909285714283
30 Minutes or Less,30-Minutes-or-Less,"Aug 12, 2011",28000000,37053924.0,40966716.0,32.33544285714286,46.3097
Blade Runner,Blade-Runner,"Jun 25, 1982",28000000,32656328.0,39342912.0,16.62974285714286,40.5104
We Own the Night,We-Own-the-Night,"Oct 12, 2007",28000000,28563179.0,55307857.0,2.0113535714285713,97.52806071428571
Kundun,Kundun,"Dec 25, 1997",28000000,5686694.0,5686694.0,-79.69037857142857,-79.69037857142857
How to Lose Friends & Alienate People,How-to-Lose-Friends-&-Alienate-People,"Oct 3, 2008",28000000,2775593.0,12031443.0,-90.08716785714286,-57.03056071428571
Knocked Up,Knocked-Up,"Jun 1, 2007",27500000,148761765.0,219265952.0,440.9518727272727,697.3307345454546
Anonymous,Anonymous,"Oct 28, 2011",27500000,4463292.0,15815509.0,-83.76984727272728,-42.48905818181818
Limitless,Limitless,"Mar 18, 2011",27000000,79249455.0,155564919.0,193.5165,476.16636666666665
Lake Placid,Lake-Placid,"Jul 16, 1999",27000000,31770413.0,31770413.0,17.668196296296298,17.668196296296298
Dark City,Dark-City,"Feb 27, 1998",27000000,14435076.0,27257061.0,-46.53675555555556,0.9520777777777778
Case 39,Case-39,"Oct 1, 2010",27000000,13261851.0,28773827.0,-50.88203333333333,6.56972962962963
Suspect Zero,Suspect-Zero,"Aug 27, 2004",27000000,8712564.0,8712564.0,-67.73124444444444,-67.73124444444444
Shakespeare in Love,Shakespeare-in-Love,"Dec 11, 1998",26000000,100317794.0,279500000.0,285.8376692307692,975.0
Pineapple Express,Pineapple-Express,"Aug 6, 2008",26000000,87341380.0,102404019.0,235.9283846153846,293.86161153846155
Philadelphia,Philadelphia,"Dec 22, 1993",26000000,77324422.0,201324422.0,197.40162307692307,674.3247
Final Destination 2,Final-Destination-2,"Jan 31, 2003",26000000,46896664.0,90396664.0,80.37178461538461,247.67947692307692
Legion,Legion,"Jan 22, 2010",26000000,40168080.0,67647574.0,54.492615384615384,160.18297692307692
Blood and Wine,Blood-and-Wine,"Feb 21, 1997",26000000,1083350.0,1083350.0,-95.83326923076923,-95.83326923076923
The Help,"Help,-The","Aug 10, 2011",25000000,169705587.0,213120004.0,578.822348,752.480016
Gran Torino,Gran-Torino,"Dec 12, 2008",25000000,148095302.0,274543085.0,492.381208,998.17234
Schindler's List,Schindler's-List,"Dec 15, 1993",25000000,96898818.0,322197132.0,287.595272,1188.788528
Freddy vs. Jason,Freddy-vs.-Jason,"Aug 15, 2003",25000000,82622655.0,114576403.0,230.49062,358.305612
No Country for Old Men,No-Country-for-Old-Men,"Nov 9, 2007",25000000,74273505.0,164035753.0,197.09402,556.143012
No Strings Attached,No-Strings-Attached,"Jan 21, 2011",25000000,70662220.0,149228078.0,182.64888,496.912312
Tombstone,Tombstone,"Dec 25, 1993",25000000,56505065.0,56505065.0,126.02026,126.02026
Scarface,Scarface,"Dec 9, 1983",25000000,44942821.0,44942821.0,79.771284,79.771284
August: Osage County,August-Osage-County,"Dec 25, 2013",25000000,37738810.0,50738810.0,50.95524,102.95524
Cradle 2 the Grave,Cradle-2-the-Grave,"Feb 28, 2003",25000000,34657731.0,56434942.0,38.630924,125.739768
The Shawshank Redemption,"Shawshank-Redemption,-The","Sep 23, 1994",25000000,28241469.0,28307092.0,12.965876,13.228368
The Losers,"Losers,-The","Apr 23, 2010",25000000,23591432.0,29863840.0,-5.634272,19.45536
The Ruins,"Ruins,-The","Apr 4, 2008",25000000,17432844.0,22910563.0,-30.268624,-8.357748
The Box,"Box,-The","Nov 6, 2009",25000000,15051977.0,26341896.0,-39.792092,5.367584
Warrior,Warrior,"Sep 9, 2011",25000000,13657115.0,24215385.0,-45.37154,-3.13846
Deception,Deception,"Apr 25, 2008",25000000,4598506.0,12850033.0,-81.605976,-48.599868
Scream 2,Scream-2,"Dec 12, 1997",24000000,101363301.0,172363301.0,322.3470875,618.1804208333333
I Still Know What You Did Last Summer,I-Still-Know-What-You-Did-Last-Summer,"Nov 13, 1998",24000000,40020622.0,40020622.0,66.75259166666666,66.75259166666666
The Men Who Stare at Goats,"Men-Who-Stare-at-Goats,-The","Nov 6, 2009",24000000,32428195.0,67348218.0,35.11747916666667,180.617575
Bad Boys,Bad-Boys,"Apr 7, 1995",23000000,65647413.0,141247413.0,185.4235347826087,514.1191869565217
Final Destination,Final-Destination,"Mar 17, 2000",23000000,53302314.0,112036870.0,131.74919130434782,387.1168260869565
The Ides of March,"Ides-of-March,-The","Oct 7, 2011",23000000,40962534.0,77735925.0,78.09797391304348,237.98228260869564
Pitch Black,Pitch-Black,"Feb 18, 2000",23000000,39235088.0,53182088.0,70.58733913043478,131.2264695652174
Her,Her,"Jan 10, 2014",23000000,25568251.0,48259031.0,11.166308695652173,109.82187391304348
Ghost,Ghost,"Jul 13, 1990",22000000,217631306.0,517600000.0,889.2332090909091,2252.7272727272725
Gandhi,Gandhi,"Dec 8, 1982",22000000,52767889.0,127767889.0,139.8540409090909,480.7631318181818
Jay and Silent Bob Strike Back,Jay-and-Silent-Bob-Strike-Back,"Aug 24, 2001",22000000,30059386.0,33762400.0,36.63357272727273,53.46545454545455
Silver Linings Playbook,Silver-Linings-Playbook,"Nov 16, 2012",21000000,132092958.0,236412453.0,529.0140857142857,1025.7735857142857
Death at a Funeral,Death-at-a-Funeral,"Apr 16, 2010",21000000,42739347.0,48977233.0,103.5207,133.22491904761904
Pet Sematary,Pet-Sematary,"Apr 5, 2019",21000000,25000000.0,25000000.0,19.047619047619047,19.047619047619047
Tinker Tailor Soldier Spy,Tinker-Tailor-Soldier-Spy,"Dec 9, 2011",21000000,24149393.0,81452811.0,14.997109523809524,287.87052857142857
eXistenZ,eXistenZ,"Apr 23, 1999",20700000,2840417.0,2840417.0,-86.27817874396135,-86.27817874396135
La La Land,La-La-Land,"Dec 9, 2016",20000000,151101803.0,426524166.0,655.509015,2032.62083
Jaws 2,Jaws-2,"Jun 16, 1978",20000000,102922376.0,208900376.0,414.61188,944.50188
The Descendants,"Descendants,-The","Nov 16, 2011",20000000,82624961.0,175507800.0,313.124805,777.539
Disturbia,Disturbia,"Apr 13, 2007",20000000,80818974.0,118537627.0,304.09487,492.688135
Obsessed,Obsessed,"Apr 24, 2009",20000000,68261644.0,73964713.0,241.30822,269.823565
12 Years a Slave,12-Years-a-Slave,"Oct 18, 2013",20000000,56671993.0,181025343.0,183.359965,805.126715
Edward Scissorhands,Edward-Scissorhands,"Dec 7, 1990",20000000,53976987.0,53976987.0,169.884935,169.884935
Orphan,Orphan,"Jul 24, 2009",20000000,41596251.0,78769428.0,107.981255,293.84714
The American,"American,-The","Sep 1, 2010",20000000,35606376.0,67950723.0,78.03188,239.753615
Eternal Sunshine of the Spotless Mind,Eternal-Sunshine-of-the-Spotless-Mind,"Mar 19, 2004",20000000,34366518.0,72570762.0,71.83259,262.85381
Babel,Babel,"Oct 27, 2006",20000000,34302837.0,132121212.0,71.514185,560.60606
She's Out of My League,She's-Out-of-My-League,"Mar 12, 2010",20000000,32010860.0,48680977.0,60.0543,143.404885
Milk,Milk,"Nov 26, 2008",20000000,31841299.0,57293371.0,59.206495,186.466855
The Debt,"Debt,-The","Aug 31, 2011",20000000,31177548.0,46604054.0,55.88774,133.02027
Ghost Ship,Ghost-Ship,"Oct 25, 2002",20000000,30113491.0,68349884.0,50.567455,241.74942
Wild Things,Wild-Things,"Mar 20, 1998",20000000,29795299.0,55576699.0,48.976495,177.883495
High Fidelity,High-Fidelity,"Mar 31, 2000",20000000,27277055.0,47881663.0,36.385275,139.408315
From Dusk Till Dawn,From-Dusk-Till-Dawn,"Jan 19, 1996",20000000,25728961.0,25732986.0,28.644805,28.66493
Monte Carlo,Monte-Carlo,"Jul 1, 2011",20000000,23186769.0,39686769.0,15.933845,98.433845
Psycho,Psycho,"Dec 4, 1998",20000000,21541218.0,37226218.0,7.70609,86.13109
Into the Wild,Into-the-Wild,"Sep 21, 2007",20000000,18354356.0,56822960.0,-8.22822,184.1148
A Most Violent Year,A-Most-Violent-Year,"Dec 31, 2014",20000000,5749134.0,8846875.0,-71.25433,-55.765625
A Scanner Darkly,A-Scanner-Darkly,"Jul 7, 2006",20000000,5501616.0,7405084.0,-72.49192,-62.97458
Alone in the Dark,Alone-in-the-Dark,"Jan 28, 2005",20000000,5178569.0,10588079.0,-74.107155,-47.059605
The Brothers Bloom,"Brothers-Bloom,-The","May 15, 2009",20000000,3531756.0,5531756.0,-82.34122,-72.34122
"Synecdoche, New York","Synecdoche,-New-York","Oct 24, 2008",20000000,3083538.0,4383538.0,-84.58231,-78.08231
Dances with Wolves,Dances-with-Wolves,"Nov 9, 1990",19000000,184208842.0,424200000.0,869.5202210526315,2132.6315789473683
Bad Teacher,Bad-Teacher,"Jun 24, 2011",19000000,100292856.0,215448997.0,427.85713684210526,1033.9420894736843
The Shining,"Shining,-The","May 23, 1980",19000000,44017374.0,44728227.0,131.67038947368422,135.41172105263158
Adaptation,Adaptation,"Dec 6, 2002",18500000,22498520.0,32531759.0,21.613621621621622,75.84734594594595
The Invention of Lying,"Invention-of-Lying,-The","Oct 2, 2009",18500000,18451251.0,32679264.0,-0.2635081081081081,76.64467027027027
Fear and Loathing in Las Vegas,Fear-and-Loathing-in-Las-Vegas,"May 22, 1998",18500000,10680275.0,13711903.0,-42.26878378378378,-25.881605405405406
The Mask,"Mask,-The","Jul 29, 1994",18000000,119920129.0,351620129.0,566.2229388888888,1853.445161111111
Legally Blonde,Legally-Blonde,"Jul 13, 2001",18000000,96493426.0,141809235.0,436.0745888888889,687.8290833333333
Bad Santa,Bad-Santa,"Nov 26, 2003",18000000,60060328.0,77147031.0,233.6684888888889,328.59461666666664
Predator,Predator,"Jun 12, 1987",18000000,59735548.0,98267558.0,231.86415555555556,445.93087777777777
Amadeus,Amadeus,"Sep 19, 1984",18000000,51973029.0,51973029.0,188.73905,188.73905
Prom Night,Prom-Night,"Apr 11, 2008",18000000,43869350.0,57193655.0,143.7186111111111,217.74252777777778
Peggy Sue Got Married,Peggy-Sue-Got-Married,"Oct 10, 1986",18000000,41382841.0,41382841.0,129.90467222222222,129.90467222222222
Observe and Report,Observe-and-Report,"Apr 10, 2009",18000000,24007324.0,27148898.0,33.37402222222222,50.82721111111111
Raging Bull,Raging-Bull,"Nov 14, 1980",18000000,23380203.0,23380203.0,29.890016666666668,29.890016666666668
127 Hours,127-Hours,"Nov 5, 2010",18000000,18335230.0,60217171.0,1.8623888888888889,234.53983888888888
Youth in Revolt,Youth-in-Revolt,"Jan 8, 2010",18000000,15285588.0,19685588.0,-15.080066666666667,9.364377777777777
The Ice Storm,"Ice-Storm,-The","Sep 26, 1997",18000000,8038061.0,16011975.0,-55.34410555555556,-11.044583333333334
The Last Station,"Last-Station,-The","Jan 15, 2010",18000000,6617867.0,15696146.0,-63.234072222222224,-12.799188888888889
Dragonslayer,Dragonslayer,"Jun 26, 1981",18000000,6000000.0,6000000.0,-66.66666666666667,-66.66666666666667
Ed Wood,Ed-Wood,"Sep 30, 1994",18000000,5828466.0,5828466.0,-67.61963333333334,-67.61963333333334
RocknRolla,RocknRolla,"Oct 8, 2008",18000000,5700626.0,27794339.0,-68.32985555555555,54.41299444444444
The Salton Sea,"Salton-Sea,-The","Apr 26, 2002",18000000,676698.0,676698.0,-96.24056666666667,-96.24056666666667
Superbad,Superbad,"Aug 17, 2007",17500000,121463226.0,169955142.0,594.0755771428571,871.17224
Hotel Rwanda,Hotel-Rwanda,"Dec 22, 2004",17500000,23519128.0,36521223.0,34.39501714285714,108.69270285714286
Aliens,Aliens,"Jul 18, 1986",17000000,85160248.0,183316455.0,400.9426352941176,978.3320882352941
Sideways,Sideways,"Oct 22, 2004",17000000,71502303.0,109793192.0,320.6017823529412,545.8423058823529
Friday the 13th,Friday-the-13th,"Feb 13, 2009",17000000,65002019.0,92670237.0,282.3648176470588,445.1190411764706
Evil Dead,Evil-Dead,"Apr 5, 2013",17000000,54239856.0,97778356.0,219.05797647058824,475.1668
The Hills Have Eyes,"Hills-Have-Eyes,-The","Mar 10, 2006",17000000,41778863.0,70355813.0,145.75801764705884,313.85772352941177
Smokin' Aces,Smokin'-Aces,"Jan 26, 2007",17000000,35662731.0,57263440.0,109.7807705882353,236.84376470588236
My Girl,My-Girl,"Nov 27, 1991",16500000,58011485.0,58011485.0,251.58475757575758,251.58475757575758
Wall Street,Wall-Street,"Dec 11, 1987",16500000,43848100.0,43848100.0,165.7460606060606,165.7460606060606
Sense and Sensibility,Sense-and-Sensibility,"Dec 11, 1995",16500000,42993774.0,134993774.0,160.56832727272726,718.1440848484848
Dead Poets Society,Dead-Poets-Society,"Jun 2, 1989",16400000,95860116.0,239500000.0,484.5129024390244,1360.3658536585365
The Verdict,"Verdict,-The","Dec 8, 1982",16000000,53977250.0,53977250.0,237.3578125,237.3578125
Moonrise Kingdom,Moonrise-Kingdom,"May 25, 2012",16000000,45512466.0,68848446.0,184.4529125,330.3027875
The Roommate,"Roommate,-The","Feb 4, 2011",16000000,37300107.0,52545707.0,133.12566875,228.41066875
Remember Me,Remember-Me,"Mar 12, 2010",16000000,19068240.0,56506120.0,19.1765,253.16325
Jennifer's Body,Jennifer's-Body,"Sep 18, 2009",16000000,16204793.0,31943401.0,1.27995625,99.64625625
Highlander,Highlander,"Mar 7, 1986",16000000,5900000.0,12900000.0,-63.125,-19.375
Detroit Rock City,Detroit-Rock-City,"Aug 13, 1999",16000000,4217115.0,5825314.0,-73.64303125,-63.5917875
Slither,Slither,"Mar 31, 2006",15250000,7802450.0,12930343.0,-48.83639344262295,-15.210865573770493
The King's Speech,"King's-Speech,-The","Nov 26, 2010",15000000,138797449.0,430821168.0,825.3163266666667,2772.14112
American Beauty,American-Beauty,"Sep 15, 1999",15000000,130058047.0,356258047.0,767.0536466666666,2275.0536466666667
"Crouching Tiger, Hidden Dragon","Crouching-Tiger,-Hidden-Dragon","Dec 8, 2000",15000000,128067808.0,213514672.0,753.7853866666667,1323.4311466666666
Twins,Twins,"Dec 9, 1988",15000000,111936388.0,216600000.0,646.2425866666666,1344.0
Scream,Scream,"Dec 20, 1996",15000000,103046663.0,173046663.0,586.9777533333333,1053.64442
The Queen,"Queen,-The","Sep 30, 2006",15000000,56441711.0,128885873.0,276.27807333333334,759.2391533333333
The Deer Hunter,"Deer-Hunter,-The","Jan 1, 1979",15000000,50000000.0,50009253.0,233.33333333333334,233.39502
When a Stranger Calls,When-a-Stranger-Calls,"Feb 3, 2006",15000000,47860214.0,67215435.0,219.06809333333334,348.1029
Wag the Dog,Wag-the-Dog,"Dec 25, 1997",15000000,43057470.0,64252038.0,187.0498,328.34692
The Theory of Everything,"Theory-of-Everything,-The","Nov 7, 2014",15000000,35893537.0,123327692.0,139.29024666666666,722.1846133333333
Drive,Drive,"Sep 16, 2011",15000000,35060689.0,81357930.0,133.73792666666668,442.3862
Malibu's Most Wanted,Malibu's-Most-Wanted,"Apr 18, 2003",15000000,34308901.0,34499204.0,128.72600666666668,129.99469333333334
All About Steve,All-About-Steve,"Sep 4, 2009",15000000,33862903.0,40127259.0,125.75268666666666,167.51506
The Princess Bride,"Princess-Bride,-The","Sep 25, 1987",15000000,30857000.0,30859628.0,105.71333333333334,105.73085333333333
Love and Basketball,Love-and-Basketball,"Apr 21, 2000",15000000,27441122.0,27709625.0,82.94081333333334,84.73083333333334
Boogie Nights,Boogie-Nights,"Oct 10, 1997",15000000,26410771.0,43111725.0,76.07180666666666,187.4115
The Big Lebowski,"Big-Lebowski,-The","Mar 6, 1998",15000000,17498804.0,46189568.0,16.658693333333332,207.93045333333333
The Hurt Locker,"Hurt-Locker,-The","Jun 26, 2009",15000000,17017811.0,49894223.0,13.452073333333333,232.62815333333333
Confidence,Confidence,"Apr 25, 2003",15000000,12212417.0,12212417.0,-18.583886666666668,-18.583886666666668
Black Snake Moan,Black-Snake-Moan,"Mar 2, 2007",15000000,9396870.0,10951153.0,-37.3542,-26.992313333333332
Mulholland Drive,Mulholland-Drive,"Oct 8, 2001",15000000,7219578.0,20785973.0,-51.86948,38.57315333333333
Groundhog Day,Groundhog-Day,"Feb 12, 1993",14600000,70906973.0,70906973.0,385.664198630137,385.664198630137
Pretty Woman,Pretty-Woman,"Mar 23, 1990",14000000,178406268.0,432645872.0,1174.3304857142857,2990.3276571428573
Slumdog Millionaire,Slumdog-Millionaire,"Nov 12, 2008",14000000,141330703.0,384530440.0,909.5050214285715,2646.646
The Iron Lady,"Iron-Lady,-The","Jan 13, 2012",14000000,29959436.0,115592104.0,113.99597142857142,725.6578857142857
Jason X,Jason-X,"Apr 26, 2002",14000000,13121555.0,16951798.0,-6.274607142857143,21.08427142857143
Margaret,Margaret,"Sep 30, 2011",14000000,47185.0,623292.0,-99.66296428571428,-95.54791428571428
Black Swan,Black-Swan,"Dec 3, 2010",13000000,106954678.0,331266710.0,722.7282923076923,2448.2054615384613
Save the Last Dance,Save-the-Last-Dance,"Jan 12, 2001",13000000,91038276.0,122244329.0,600.2944307692308,840.3409923076923
The Butterfly Effect,"Butterfly-Effect,-The","Jan 23, 2004",13000000,57924679.0,95638592.0,345.57445384615386,635.681476923077
10 Things I Hate About You,10-Things-I-Hate-About-You,"Mar 31, 1999",13000000,38177966.0,60413950.0,193.67666153846153,364.7226923076923
Being John Malkovich,Being-John-Malkovich,"Oct 29, 1999",13000000,22858926.0,32382381.0,75.83789230769231,149.09523846153846
The Perks of Being a Wallflower,"Perks-of-Being-a-Wallflower,-The","Sep 21, 2012",13000000,17742948.0,33069303.0,36.48421538461538,154.37925384615386
Room,Room,"Oct 16, 2015",13000000,14677674.0,36262783.0,12.905184615384615,178.94448461538462
Serial Mom,Serial-Mom,"Apr 13, 1994",13000000,7881335.0,7881335.0,-39.374346153846155,-39.374346153846155
Birthday Girl,Birthday-Girl,"Feb 1, 2002",13000000,4919896.0,8130727.0,-62.15464615384615,-37.455946153846156
Machete,Machete,"Sep 3, 2010",12500000,26593646.0,46370970.0,112.749168,270.96776
Jaws,Jaws,"Jun 20, 1975",12000000,260000000.0,470700000.0,2066.6666666666665,3822.5
The Fault in Our Stars,"Fault-in-Our-Stars,-The","Jun 6, 2014",12000000,124872350.0,307166834.0,940.6029166666667,2459.7236166666667
American Pie,American-Pie,"Jul 9, 1999",12000000,101800948.0,234723148.0,748.3412333333333,1856.0262333333333
Star Trek II: The Wrath of Khan,Star-Trek-II-The-Wrath-of-Khan,"Jun 4, 1982",12000000,78912963.0,95800000.0,557.608025,698.3333333333334
Witness,Witness,"Feb 8, 1985",12000000,65532576.0,65532576.0,446.1048,446.1048
Chronicle,Chronicle,"Feb 3, 2012",12000000,64575175.0,123681790.0,438.12645833333335,930.6815833333334
Jackie Brown,Jackie-Brown,"Dec 25, 1997",12000000,39673162.0,74727492.0,230.60968333333332,522.7291
Crank,Crank,"Sep 1, 2006",12000000,27838408.0,43924923.0,131.98673333333332,266.041025
Stir of Echoes,Stir-of-Echoes,"Sep 10, 1999",12000000,21133087.0,21133087.0,76.10905833333334,76.10905833333334
Rachel Getting Married,Rachel-Getting-Married,"Oct 3, 2008",12000000,12796861.0,17475475.0,6.640508333333333,45.62895833333334
Arbitrage,Arbitrage,"Sep 14, 2012",12000000,7919574.0,35830713.0,-34.00355,198.589275
Gremlins,Gremlins,"Jun 8, 1984",11000000,148168459.0,148199515.0,1246.985990909091,1247.2683181818181
The Fighter,"Fighter,-The","Dec 10, 2010",11000000,93617009.0,129262388.0,751.0637181818182,1075.112618181818
Major League,Major-League,"Apr 7, 1989",11000000,49793054.0,49793054.0,352.6641272727273,352.6641272727273
Phone Booth,Phone-Booth,"Apr 4, 2003",11000000,46566212.0,97837138.0,323.3292,789.4285272727273
Cruel Intentions,Cruel-Intentions,"Mar 5, 1999",11000000,38665260.0,76238901.0,251.50236363636364,593.0809181818182
Barry Lyndon,Barry-Lyndon,"Jan 1, 1975",11000000,20000000.0,20169934.0,81.81818181818181,83.36303636363637
Army of Darkness,Army-of-Darkness,"Feb 19, 1993",11000000,11502976.0,21502976.0,4.572509090909091,95.4816
Alien,Alien,"May 25, 1979",10700000,80930630.0,203630630.0,656.3610280373832,1803.09
2001: A Space Odyssey,2001-A-Space-Odyssey,"Apr 2, 1968",10500000,59936321.0,71928046.0,470.82210476190477,585.0290095238096
Good Will Hunting,Good-Will-Hunting,"Dec 5, 1997",10000000,138433435.0,225925989.0,1284.33435,2159.25989
The Grudge,"Grudge,-The","Oct 22, 2004",10000000,110359362.0,187281115.0,1003.59362,1772.81115
The Best Exotic Marigold Hotel,"Best-Exotic-Marigold-Hotel,-The","May 4, 2012",10000000,46383639.0,134639780.0,363.83639,1246.3978
St. Elmo's Fire,St.-Elmo's-Fire,"Jun 28, 1985",10000000,37800000.0,37800000.0,278.0,278.0
Commando,Commando,"Oct 4, 1985",10000000,35073978.0,35073978.0,250.73978,250.73978
Snatch,Snatch,"Dec 8, 2000",10000000,30093107.0,83593107.0,200.93107,735.93107
Mud,Mud,"Apr 26, 2013",10000000,21590086.0,31556959.0,115.90086,215.56959
My Week with Marilyn,My-Week-with-Marilyn,"Nov 23, 2011",10000000,14597405.0,34240572.0,45.97405,242.40572
Big Eyes,Big-Eyes,"Dec 25, 2014",10000000,14482031.0,27317872.0,44.82031,173.17872
Drop Dead Gorgeous,Drop-Dead-Gorgeous,"Jul 23, 1999",10000000,10571408.0,10571408.0,5.71408,5.71408
Very Bad Things,Very-Bad-Things,"Nov 25, 1998",10000000,9949470.0,21094974.0,-0.5053,110.94974
Cedar Rapids,Cedar-Rapids,"Feb 11, 2011",10000000,6861102.0,7862131.0,-31.38898,-21.37869
Crash,Crash,"Oct 4, 1996",10000000,3357324.0,3357324.0,-66.42676,-66.42676
The Limey,"Limey,-The","Oct 8, 1999",10000000,3193102.0,6030047.0,-68.06898,-39.69953
Bamboozled,Bamboozled,"Oct 6, 2000",10000000,2185266.0,2373937.0,-78.14734,-76.26063
Cecil B. Demented,Cecil-B.-Demented,"Aug 11, 2000",10000000,1276984.0,1953882.0,-87.23016,-80.46118
Coriolanus,Coriolanus,"Jan 20, 2012",10000000,749641.0,2179623.0,-92.50359,-78.20377
Amour,Amour,"Dec 19, 2012",9700000,6738954.0,36787044.0,-30.526247422680413,279.24787628865977
Next Friday,Next-Friday,"Jan 12, 2000",9500000,57176582.0,59675307.0,501.85875789473687,528.1611263157895
Election,Election,"Apr 23, 1999",8500000,14943582.0,17202854.0,75.80684705882354,102.38651764705882
Pulp Fiction,Pulp-Fiction,"Oct 14, 1994",8000000,107928762.0,212928762.0,1249.109525,2561.609525
Easy A,Easy-A,"Sep 17, 2010",8000000,58401464.0,76200721.0,630.0183,852.5090125
The Good Girl,"Good-Girl,-The","Aug 7, 2002",8000000,14018296.0,16585503.0,75.2287,107.3187875
An Education,An-Education,"Oct 9, 2009",7500000,12574914.0,29652736.0,67.66552,295.36981333333335
Extract,Extract,"Sep 4, 2009",7500000,10823158.0,10849158.0,44.308773333333335,44.65544
Juno,Juno,"Dec 5, 2007",7000000,143495265.0,231450102.0,1949.9323571428572,3206.4300285714285
The Piano,"Piano,-The","Nov 12, 1993",7000000,40157856.0,40168957.0,473.68365714285716,473.8422428571429
Capote,Capote,"Sep 30, 2005",7000000,28750530.0,49924079.0,310.7218571428571,613.2011285714286
Logan's Run,Logan's-Run,"Jan 1, 1976",7000000,25000000.0,25000000.0,257.14285714285717,257.14285714285717
Fargo,Fargo,"Mar 8, 1996",7000000,24567751.0,51204567.0,250.96787142857144,631.4938142857143
Silver Bullet,Silver-Bullet,"Oct 11, 1985",7000000,10803211.0,10803211.0,54.331585714285715,54.331585714285715
A Serious Man,A-Serious-Man,"Oct 2, 2009",7000000,9228788.0,30360570.0,31.839828571428573,333.72242857142857
Get Low,Get-Low,"Jul 30, 2010",7000000,9176933.0,10828305.0,31.09904285714286,54.69007142857143
Hesher,Hesher,"May 13, 2011",7000000,382946.0,382946.0,-94.52934285714285,-94.52934285714285
The Boondock Saints,"Boondock-Saints,-The","Jan 21, 2000",7000000,30471.0,411874.0,-99.5647,-94.11608571428572
Shame,Shame,"Dec 2, 2011",6500000,4002293.0,20412841.0,-38.42626153846154,214.0437076923077
The Damned United,"Damned-United,-The","Oct 9, 2009",6400000,449865.0,4199874.0,-92.970859375,-34.37696875
Ordinary People,Ordinary-People,"Sep 19, 1980",6000000,52302978.0,52302978.0,771.7163,771.7163
The Wrestler,"Wrestler,-The","Dec 17, 2008",6000000,26238243.0,46634275.0,337.30405,677.2379166666667
The Wild Bunch,"Wild-Bunch,-The","Jun 18, 1969",6000000,509424.0,509424.0,-91.5096,-91.5096
The Sting,"Sting,-The","Dec 25, 1973",5500000,159616327.0,159616327.0,2802.1150363636366,2802.1150363636366
Ghost World,Ghost-World,"Jul 20, 2001",5500000,6217849.0,8761608.0,13.0518,59.30196363636364
Get Out,Get-Out,"Feb 24, 2017",5000000,176040665.0,255367951.0,3420.8133,5007.35902
The Big Sick,"Big-Sick,-The","Jun 23, 2017",5000000,42872467.0,53972860.0,757.44934,979.4572
Dallas Buyers Club,Dallas-Buyers-Club,"Nov 1, 2013",5000000,27298285.0,60611845.0,445.9657,1112.2369
The Elephant Man,"Elephant-Man,-The","Oct 3, 1980",5000000,26010864.0,26010864.0,420.21728,420.21728
Memento,Memento,"Mar 16, 2001",5000000,25544867.0,39723096.0,410.89734,694.46192
Friday the 13th Part VIII: Jason Takes Manhattan,Friday-the-13th-Part-VIII-Jason-Takes-Manhattan,"Jul 28, 1989",5000000,14343976.0,14343976.0,186.87952,186.87952
Lone Star,Lone-Star,"Jun 21, 1996",5000000,12961389.0,12961389.0,159.22778,159.22778
April Fool's Day,April-Fool's-Day,"Mar 27, 1986",5000000,12947763.0,12947763.0,158.95526,158.95526
Diner,Diner,"Apr 2, 1982",5000000,12592907.0,12592907.0,151.85814,151.85814
Sunshine Cleaning,Sunshine-Cleaning,"Mar 13, 2009",5000000,12062558.0,17329337.0,141.25116,246.58674
Moon,Moon,"Jun 12, 2009",5000000,5010163.0,10676073.0,0.20326,113.52146
The Sweet Hereafter,"Sweet-Hereafter,-The","Oct 10, 1997",5000000,4306697.0,7951247.0,-13.86606,59.02494
Light Sleeper,Light-Sleeper,"Sep 21, 1992",5000000,1050861.0,1050861.0,-78.98278,-78.98278
Sling Blade,Sling-Blade,"Nov 20, 1996",4833610,24475416.0,34175000.0,406.3589325576536,607.0284942310199
Only God Forgives,Only-God-Forgives,"Jul 19, 2013",4800000,775849.0,4494560.0,-83.83647916666666,-6.363333333333333
Take Shelter,Take-Shelter,"Sep 30, 2011",4750000,1728953.0,4972016.0,-63.60098947368421,4.674021052631579
Fast Times at Ridgemont High,Fast-Times-at-Ridgemont-High,"Aug 13, 1982",4500000,27092880.0,27092880.0,502.064,502.064
Bound,Bound,"Oct 4, 1996",4500000,3802260.0,7011317.0,-15.505333333333333,55.80704444444444
After.Life,After.Life,"Apr 9, 2010",4500000,108596.0,2481925.0,-97.58675555555556,-44.846111111111114
One Flew Over the Cuckoo's Nest,One-Flew-Over-the-Cuckoo's-Nest,"Nov 19, 1975",4400000,108981275.0,108997629.0,2376.847159090909,2377.218840909091
Lost in Translation,Lost-in-Translation,"Sep 12, 2003",4000000,44585453.0,117085297.0,1014.636325,2827.132425
Annie Hall,Annie-Hall,"Apr 20, 1977",4000000,38251425.0,38251425.0,856.285625,856.285625
Boyhood,Boyhood,"Jul 11, 2014",4000000,25379975.0,57273049.0,534.499375,1331.826225
The Kids Are All Right,"Kids-Are-All-Right,-The","Jul 9, 2010",4000000,20811365.0,36275469.0,420.284125,806.886725
The Visitor,"Visitor,-The","Apr 11, 2008",4000000,9427026.0,19174817.0,135.67565,379.370425
The Cooler,"Cooler,-The","Nov 26, 2003",4000000,8291572.0,11131455.0,107.2893,178.286375
Four Rooms,Four-Rooms,"Dec 25, 1995",4000000,4301000.0,4301000.0,7.525,7.525
Midnight Cowboy,Midnight-Cowboy,"May 25, 1969",3600000,44785053.0,44785053.0,1144.02925,1144.02925
Gods and Monsters,Gods-and-Monsters,"Nov 6, 1998",3500000,6451628.0,6451628.0,84.33222857142857,84.33222857142857
Margin Call,Margin-Call,"Oct 21, 2011",3400000,5353586.0,20433227.0,57.45841176470588,500.97726470588236
Beginners,Beginners,"Jun 3, 2011",3200000,5790894.0,14314407.0,80.9654375,347.32521875
Feast,Feast,"Sep 22, 2006",3200000,56131.0,690872.0,-98.24590625,-78.41025
It's a Wonderful Life,It's-a-Wonderful-Life,"Dec 20, 1946",3180000,6600000.0,10768908.0,107.54716981132076,238.64490566037736
Trainspotting,Trainspotting,"Jul 19, 1996",3100000,16501785.0,71558971.0,432.3156451612903,2208.3539032258063
Basquiat,Basquiat,"Aug 9, 1996",3000000,2962051.0,2962051.0,-1.2649666666666666,-1.2649666666666666
The Wizard of Oz,"Wizard-of-Oz,-The","Aug 25, 1939",2777000,34063405.0,34305476.0,1126.6260352898812,1135.3430320489738
Garden State,Garden-State,"Jul 28, 2004",2500000,26782316.0,36028802.0,971.29264,1341.15208
The French Connection,"French-Connection,-The","Oct 9, 1971",2200000,41158757.0,41158757.0,1770.8525909090908,1770.8525909090908
Mad Max 2: The Road Warrior,Mad-Max-2-The-Road-Warrior,"May 21, 1982",2000000,24600832.0,24600832.0,1130.0416,1130.0416
American Splendor,American-Splendor,"Aug 15, 2003",2000000,6003587.0,8685632.0,200.17935,334.2816
Buried,Buried,"Sep 24, 2010",1987650,1044143.0,21270290.0,-47.46846778859457,970.1225064774985
Beasts of the Southern Wild,Beasts-of-the-Southern-Wild,"Jun 27, 2012",1800000,12795746.0,23265132.0,610.8747777777778,1192.5073333333332
I Spit on Your Grave,I-Spit-on-Your-Grave,"Oct 8, 2010",1750000,93051.0,1278471.0,-94.6828,-26.944514285714284
In the Bedroom,In-the-Bedroom,"Nov 23, 2001",1700000,35930604.0,42137871.0,2013.5649411764705,2378.698294117647
From Here to Eternity,From-Here-to-Eternity,"Aug 5, 1953",1650000,30500000.0,30500000.0,1748.4848484848485,1748.4848484848485
Insidious,Insidious,"Apr 1, 2011",1500000,54009150.0,99870886.0,3500.61,6558.059066666667
Repo Man,Repo-Man,"Mar 2, 1984",1500000,2300000.0,2300000.0,53.333333333333336,53.333333333333336
Blood Simple,Blood-Simple,"Jan 18, 1985",1500000,1690913.0,2730877.0,12.727533333333334,82.05846666666666
Killing Zoe,Killing-Zoe,"Aug 31, 1994",1500000,418953.0,418953.0,-72.0698,-72.0698
The Believer,"Believer,-The","May 17, 2002",1500000,406035.0,1840248.0,-72.931,22.6832
The Hebrew Hammer,"Hebrew-Hammer,-The","Dec 19, 2003",1300000,77755.0,90213.0,-94.01884615384616,-93.06053846153846
Dear White People,Dear-White-People,"Oct 17, 2014",1250000,4404154.0,5403771.0,252.33232,332.30168
Saw,Saw,"Oct 29, 2004",1200000,55968727.0,103880027.0,4564.060583333333,8556.668916666667
Strangers on a Train,Strangers-on-a-Train,"Jul 3, 1951",1200000,7000000.0,7000000.0,483.3333333333333,483.3333333333333
Reservoir Dogs,Reservoir-Dogs,"Oct 23, 1992",1200000,2832029.0,2832029.0,136.00241666666668,136.00241666666668
The Rocky Horror Picture Show,"Rocky-Horror-Picture-Show,-The","Sep 26, 1975",1200000,1414845.0,1615976.0,17.90375,34.66466666666667
Rocky,Rocky,"Nov 21, 1976",1000000,117235147.0,225000000.0,11623.5147,22400.0
Taxi Driver,Taxi-Driver,"Feb 8, 1976",1000000,28262574.0,28316211.0,2726.2574,2731.6211
Hellraiser,Hellraiser,"Sep 18, 1987",1000000,14564000.0,14575148.0,1356.4,1357.5148
Blue Valentine,Blue-Valentine,"Dec 29, 2010",1000000,9737892.0,16566240.0,873.7892,1556.624
The Sessions,"Sessions,-The","Oct 19, 2012",1000000,6002451.0,11495204.0,500.2451,1049.5204
Martha Marcy May Marlene,Martha-Marcy-May-Marlene,"Oct 21, 2011",1000000,2981038.0,5438911.0,198.1038,443.8911
Frozen River,Frozen-River,"Aug 1, 2008",1000000,2511476.0,6030129.0,151.1476,503.0129
The Battle of Shaker Heights,"Battle-of-Shaker-Heights,-The","Aug 22, 2003",1000000,280351.0,839145.0,-71.9649,-16.0855
Fruitvale Station,Fruitvale-Station,"Jul 12, 2013",900000,16098998.0,17549645.0,1688.7775555555556,1849.9605555555556
American Graffiti,American-Graffiti,"Aug 11, 1973",777000,115000000.0,140000000.0,14700.5148005148,17918.018018018018
Brick,Brick,"Mar 31, 2006",450000,2075743.0,4243996.0,361.2762222222222,843.1102222222222
It Happened One Night,It-Happened-One-Night,"Feb 22, 1934",325000,2500000.0,2500000.0,669.2307692307693,669.2307692307693
Chasing Amy,Chasing-Amy,"Apr 4, 1997",250000,12006514.0,15155095.0,4702.6056,5962.038
Pi,Pi,"Jul 10, 1998",68000,3221152.0,4678513.0,4636.988235294118,6780.166176470589
Clerks,Clerks,"Oct 19, 1994",27000,3073428.0,3894240.0,11283.066666666668,14323.111111111111
