,Processed Title,Success,main_char_rel_diag_length,stdvs_unique_words_above_mean,FK_read_level_mean_char,stdvs_n_stop_words_above_mean,stdvs_n_curse_words_above_mean,stdvs_n_mentions_others_above_mean
Avatar,Avatar,1,39.53723230463065,-0.09053805961640132,2.4,0.06314085747312652,0.10620158730200693,-0.5419562522103616
The Dark Knight Rises,"Dark-Knight-Rises,-The",1,23.705824512695926,0.2554383174918369,2.2,0.789322500075007,-0.6867540735236607,-0.17631046127790476
The Avengers,"Avengers,-The",1,30.146046667785807,-0.1181511976954626,3.0,-0.004098183508529088,-0.7094099495472512,-0.4386215721642325
Pirates of the Caribbean: Dead Man's Chest,Pirates-of-the-Caribbean-Dead-Man's-Chest,1,36.74362089914945,-0.4819948994430934,1.8,-0.05788941629385357,-0.7320658255708418,-0.8678579354327688
Men in Black 3,Men-in-Black-3,1,57.32816313676089,0.7427289894752711,2.8,0.5338141443447157,-0.43753943726416517,1.349863274788002
King Kong,King-Kong,1,48.47224817791067,-1.0391305677441531,1.4,-1.2816399621599857,-0.7094099495472512,0.29267000970068113
Guardians of the Galaxy Vol 2,Guardians-of-the-Galaxy-Vol-2,1,29.971017956915354,-0.07267073497700874,2.4,0.6010531853263713,-0.21098067702826012,-0.31144042749207357
Cars 2,Cars-2,1,41.850962202159096,-0.24159816793126596,1.8,0.3589926377924112,-0.6640981975000702,0.4119023328308301
2012,2012,1,26.84753496676917,-1.0911082394223859,2.4,-0.7302798261104096,-0.5508188173821177,-0.5578538952943815
Terminator Salvation,Terminator-Salvation,1,37.71133460179397,-1.1755719558995148,3.2,-1.1740574965893367,-0.46019531328775565,-0.8360626492647291
The Mummy,"Mummy,-The",1,30.33196079145866,-0.5404697800811056,2.6,-0.08478503268651581,-0.5961305694292987,-0.8599091138907589
The Great Gatsby,"Great-Gatsby,-The",1,36.7020954762721,0.6939999222769277,2.8,1.219652362357603,-0.7094099495472512,0.8490875176413764
Thor: Ragnarok,Thor-Ragnarok,1,53.59095193213949,-0.5209781532017682,1.8,0.13037989845478212,-0.3469159331698031,-0.3670821782861431
Up,Up,1,34.303235356312115,-1.1382130043807848,1.0,-0.9051013326627142,-0.6867540735236607,-0.7327279692186
Coco,Coco,1,42.45455693006817,-0.8685788325499513,1.8,-0.01754599170486021,-0.6414423214764797,0.14164240040249246
G.I. Joe: The Rise of Cobra,G.I.-Joe-The-Rise-of-Cobra,1,27.445855115758032,2.2435842591842485,3.6,1.9189383885668212,-0.4828511893113462,1.1590915577797636
Wild Wild West,Wild-Wild-West,1,33.36243717110697,0.8239441014725102,3.4,0.6279488017190336,-0.46019531328775565,-0.33528689211810336
Snow White and the Huntsman,Snow-White-and-the-Huntsman,1,34.231795354676706,1.1634232696209694,2.2,1.6903256492291923,-0.7094099495472512,0.45164644054087977
How to Train Your Dragon,How-to-Train-Your-Dragon,1,49.759117247205104,2.579814822852818,3.0,1.3810260607135765,-0.6640981975000702,1.9062807827286972
Interstellar,Interstellar,1,35.142850346123645,0.2002120413337144,2.4,0.6413966099153647,-0.6867540735236607,-0.45451921524825234
Beauty and the Beast,Beauty-and-the-Beast,1,25.355074188685236,-0.6021932651990072,2.2,0.3186492132034178,-0.7094099495472512,-0.1604128181938849
Shrek the Third,Shrek-the-Third,1,33.945848646216156,-0.6541709368772402,1.8,-0.4882192785764494,-0.7094099495472512,-0.2875939628660438
Inception,Inception,1,54.06148462884279,0.4097470302865911,2.6,1.327234827928252,-0.6867540735236607,0.5072881913349493
Godzilla,Godzilla,1,37.78804060229953,-1.0521249856637114,2.8,-0.7437276343067407,-0.5281629413585271,-0.844011470806739
The Curious Case of Benjamin Button,"Curious-Case-of-Benjamin-Button,-The",1,22.54568429237947,0.06539495541829762,3.4,0.5069185279520535,-0.6414423214764797,-0.6373421107144808
War for the Planet of the Apes,War-for-the-Planet-of-the-Apes,1,27.38130607879256,-1.7863095981187522,0.8,-1.779208865424237,-0.7094099495472512,-0.9393973293108582
Frozen,Frozen,1,45.20430268170613,-0.9676612691865828,0.8,-1.3623268113379723,0.69525436391536,-0.7088815045925702
Zootopia,Zootopia,1,42.47933406555292,-0.16525596265386122,2.4,-0.326845580220476,-0.6187864454528892,-0.5499050737523715
The Matrix Reloaded,"Matrix-Reloaded,-The",1,32.37962316817865,-1.9617342400327888,1.2,-2.007821604761866,-0.25629242907544114,-0.8201650061807092
Hancock,Hancock,1,25.232084418620186,0.9522639784281478,1.8,0.8565615410566627,-0.052389544863126594,1.0716545208176544
Thor,Thor,1,30.086456222837434,2.074656826229991,3.2,1.8516993475851655,-0.6867540735236607,1.7711508165145282
X-Men Origins: Wolverine,X-Men-Origins-Wolverine,1,30.478430713655648,1.5516315049677718,3.4,0.2917535968107556,-0.6187864454528892,0.6503669790911281
Angels & Demons,Angels-&-Demons,1,43.61139285616382,0.2538140152518922,4.4,0.18417113124010662,-0.7320658255708418,-0.9473461508528681
How to Train Your Dragon 2,How-to-Train-Your-Dragon-2,1,46.71033893477642,-0.8377170899910004,1.4,-0.17891969006083366,-0.7320658255708418,0.022410077272343506
Rise of the Guardians,Rise-of-the-Guardians,1,28.786045276113448,-0.3016973508092228,1.4,0.3052014050070867,-0.6867540735236607,0.10984711423445274
Star Trek,Star-Trek,1,31.99878123095673,0.04103042181912591,4.6,-0.09823284088284694,-0.5734746934057082,-0.4704168583322722
The Last Samurai,"Last-Samurai,-The",1,40.228964854695384,0.4519788885251554,4.2,1.2465479787502651,-0.5508188173821177,-0.2875939628660438
Spider-Man,Spider-Man,1,23.80018216212429,-0.7548776757538166,2.4,-0.4882192785764494,-0.5508188173821177,0.11779593577646268
Watchmen,Watchmen,1,29.83095615425251,1.9560827627140225,3.2,2.093759895119126,-0.32426005714621264,1.1431939146957437
The Croods,"Croods,-The",1,36.10475266731329,-0.95304254902708,0.2,-0.36718900480946937,-0.7320658255708418,-0.08887342431579552
The Revenant,"Revenant,-The",1,39.89585524931622,-1.2145552096581895,1.0,-1.429565852319628,-0.1883248010046696,-0.6214444676304609
Miami Vice,Miami-Vice,1,37.820346880662704,0.4016255190868672,2.6,0.6010531853263713,-0.25629242907544114,-0.7883697200126695
War of the Worlds,War-of-the-Worlds,1,52.952297208177605,-1.3428750866138273,1.8,-1.1202662638040122,-0.5734746934057082,-0.12066871048383525
The Bourne Ultimatum,"Bourne-Ultimatum,-The",1,39.08759685944476,-1.2714057880562568,2.0,-1.2681921539636545,-0.6867540735236607,-0.48631450141629207
Kung Fu Panda,Kung-Fu-Panda,1,43.187900930370866,-1.2811516014959254,1.6,-1.2681921539636545,-0.6640981975000702,-0.3988774644541828
Megamind,Megamind,1,43.563642655285776,-0.04018469017811312,2.4,0.2917535968107556,-0.23363655305185063,-0.6373421107144808
Logan,Logan,1,40.029599626109984,-0.7467561645540927,1.6,0.07658866566945764,0.4913514797030455,-0.46246803679026227
Clash of the Titans,Clash-of-the-Titans,1,35.28024758068478,1.0870810643435649,3.8,0.8162181164676693,-0.6867540735236607,0.4913905482509294
Prometheus,Prometheus,1,26.75397199937077,-0.5209781532017682,2.8,-0.5420105113617739,-0.6640981975000702,-0.5340074306683517
Total Recall,Total-Recall,1,55.17887909192257,-1.329880668694269,2.4,-1.2681921539636545,-0.5508188173821177,-0.8519602923487489
Life of Pi,Life-of-Pi,1,32.11856579057856,-0.8750760415097304,3.4,-0.8513100998773897,-0.7094099495472512,-0.8281138277227191
Ghost Rider,Ghost-Rider,1,40.04782014656564,0.14336146293564708,2.6,-0.24615873104248925,0.038233959231235425,-0.009385208895696218
Oblivion,Oblivion,1,49.31471558120363,1.4947809265697043,3.2,0.9641440066273116,-0.6640981975000702,0.547032299044999
Fantastic Four,Fantastic-Four,1,27.75756927356371,0.12874274277614406,1.8,0.8296659246640005,-0.7094099495472512,0.5867764067550486
Speed Racer,Speed-Racer,0,32.136365557763035,1.2560084972978218,2.4,1.004487431216305,-0.5508188173821177,0.8570363391833863
The Island,"Island,-The",1,26.83033120278907,-0.4072769964056335,3.0,0.5338141443447157,-0.6414423214764797,-0.8122161846386993
Ocean's Twelve,Ocean's-Twelve,1,21.542648427988254,-0.33905630232795275,2.4,0.34554482959608007,-0.6867540735236607,-0.7883697200126695
Tomorrow Never Dies,Tomorrow-Never-Dies,1,35.973776013472865,0.05727344421857373,3.2,-0.31339777202414487,-0.6640981975000702,-0.263747498240014
The Patriot,"Patriot,-The",1,51.50551314673452,-0.23347665673154205,3.6,-0.24615873104248925,-0.7094099495472512,-0.08092460277378559
Ali,Ali,0,58.87280190824874,-0.05967631705745049,2.8,-0.5823539359507673,-0.4148835612405747,-0.5340074306683517
The Martian,"Martian,-The",1,17.37991723848934,0.5104537691631675,3.4,0.06314085747312652,-0.5055070653349367,0.014461255730333574
"I, Robot","I,-Robot",1,47.3906526774765,-0.6736625637565775,4.0,-0.46132366218378723,-0.6640981975000702,0.2847211881586712
Gone in 60 Seconds,Gone-in-60-Seconds,1,41.333030027297546,0.17584750773454272,2.2,0.5338141443447157,-0.07504542088671709,-0.2955427844080537
Gladiator,Gladiator,1,19.860783317898008,-0.22373084329187332,2.6,0.5741575689337092,-0.5961305694292987,-0.5896491814624212
Public Enemies,Public-Enemies,1,45.55472783785866,0.6468951573185291,3.0,0.5741575689337092,-0.6414423214764797,0.0462565418983733
Django Unchained,Django-Unchained,1,45.660829314084104,3.0378680545172463,3.2,1.8785949639778279,2.8928743382036393,0.8570363391833863
True Lies,True-Lies,1,33.03841387856258,0.3382777317290208,2.0,0.5741575689337092,0.06088983525482593,-0.1842592828199147
American Gangster,American-Gangster,1,41.15295331441836,-0.6687896570367432,2.2,-0.23271092284615816,0.5366632317502266,-0.5975980030044311
The Wolf of Wall Street,"Wolf-of-Wall-Street,-The",1,78.74661794160019,0.8970377022700253,2.8,-0.31339777202414487,3.0514654703687727,-0.6611885753405106
The Tourist,"Tourist,-The",1,29.612466494025718,-0.95304254902708,2.6,-0.7571754425030719,-0.5961305694292987,-0.7486256123026198
Starship Troopers,Starship-Troopers,1,40.574946018241,-0.26433839929049285,3.8,-0.6226973605397607,-0.5734746934057082,-0.40682628599619275
Point Break,Point-Break,1,35.02138327680282,0.08001367557780065,1.8,-0.03099379990119133,0.37807209958509297,-0.6214444676304609
The Fifth Element,"Fifth-Element,-The",1,38.045934369835756,-0.34880211576762143,2.4,0.1707233230437755,-0.46019531328775565,-0.5022121445003119
Rise of the Planet of the Apes,Rise-of-the-Planet-of-the-Apes,1,52.40599855984471,-0.17337747385358512,2.4,0.10348428206211988,-0.5734746934057082,0.5311346559609791
The Secret Life of Walter Mitty,"Secret-Life-of-Walter-Mitty,-The",1,67.90495118957152,-0.7759936048730988,2.2,-0.7168320179140785,-0.30160418112262216,-0.6770862184245304
Men in Black,Men-in-Black,1,42.508289689795156,0.09625669797724844,2.6,0.049693049276795395,-0.3469159331698031,-0.5578538952943815
Rush Hour 2,Rush-Hour-2,1,59.12966693341428,-0.24159816793126596,1.8,-0.6495929769324229,0.12885746332559744,-0.5578538952943815
Sherlock Holmes,Sherlock-Holmes,1,54.633713738943726,0.9392695605085896,3.4,0.5069185279520535,-0.6867540735236607,-0.17631046127790476
What Lies Beneath,What-Lies-Beneath,1,49.39048894842599,-0.9904015005458098,1.4,-1.2950877703563166,-0.46019531328775565,-0.5181097875843318
The Departed,"Departed,-The",1,31.156053566548238,0.5543099296416766,2.2,0.883457157449325,2.4171009417082385,-0.33528689211810336
Charlie's Angels,Charlie's-Angels,1,29.77497255762897,-0.7678720936733748,2.0,-0.08478503268651581,-0.5281629413585271,-0.45451921524825234
Tropic Thunder,Tropic-Thunder,1,34.21458021838612,1.3875769787333492,2.8,1.4886085262842255,0.6046308598209981,0.39600468974681025
The Girl with the Dragon Tattoo,"Girl-with-the-Dragon-Tattoo,-The",1,26.07709750566893,-1.3136376462948212,2.6,-0.8916535244663831,-0.6414423214764797,-0.9950390801049276
Valkyrie,Valkyrie,1,47.650557327976685,-0.6947784928758597,3.8,-0.2730543474351515,-0.6867540735236607,-0.3511845352021232
Hollow Man,Hollow-Man,1,32.34259004674182,0.06214635093840806,1.8,0.668292226308027,0.08354571127841644,-0.4227239290802126
Mission to Mars,Mission-to-Mars,1,34.21225943361709,0.8369385193920684,2.2,1.0313830476089672,-0.6187864454528892,-0.07297578123177566
Conan the Barbarian,Conan-the-Barbarian,0,34.086559446664204,-0.2351009589714868,2.0,0.560709760737378,-0.7094099495472512,-0.5817003599204112
The Three Musketeers,"Three-Musketeers,-The",1,22.338551859099802,-0.1165268954555178,2.2,0.8296659246640005,-0.6187864454528892,-0.7565744338446297
Hannibal,Hannibal,1,40.18131626827279,-0.28545432840977497,2.6,0.3589926377924112,-0.7094099495472512,-0.5101609660423219
Cast Away,Cast-Away,1,60.363452436865494,-0.7532533735138718,1.0,-0.878205716270052,0.26479271946714045,-0.7645232553866397
Happy Feet,Happy-Feet,1,57.133251148716795,-1.5605315867664278,1.6,-1.644730783460926,-0.7320658255708418,-0.8678579354327688
Ocean's Eleven,Ocean's-Eleven,1,35.268847795163595,0.10437820917697237,2.4,0.6010531853263713,-0.5508188173821177,-0.45451921524825234
It's Complicated,It's-Complicated,1,46.40992321323096,-0.049930503617781806,1.6,0.21106674763276886,-0.6867540735236607,-0.2716963197820239
Meet Joe Black,Meet-Joe-Black,0,36.70949861426053,1.6425924304046795,2.6,2.080312086922795,-0.36957180919339366,0.6106228713810784
Collateral Damage,Collateral-Damage,0,36.81347300190984,-1.2356711387774717,1.8,-1.3757746195343035,-0.23363655305185063,-0.963243793936888
Judge Dredd,Judge-Dredd,1,27.929820226107374,0.5039565602033884,2.4,0.8296659246640005,-0.46019531328775565,0.37215822512078045
Bruce Almighty,Bruce-Almighty,1,57.85240236107288,-0.3016973508092228,1.4,-0.7571754425030719,-0.46019531328775565,-0.10477106739981538
Mission: Impossible,Mission-Impossible,1,40.17717561229807,-0.418647112085247,2.2,-0.35374119661313824,-0.5055070653349367,0.006512434188323644
Something's Gotta Give,Something's-Gotta-Give,1,38.04805284747749,1.0935782733033437,2.2,1.0179352394126362,-0.3469159331698031,0.22113061582259178
Eagle Eye,Eagle-Eye,1,40.94781582938565,1.8634975350371696,4.4,1.8113559229961722,0.01557808320764492,1.1511427362377538
Cold Mountain,Cold-Mountain,1,26.287655050206734,0.11574832485658583,1.8,0.3052014050070867,-0.4148835612405747,-0.6373421107144808
The Book of Eli,"Book-of-Eli,-The",1,39.10215695739438,-0.3455535112877319,1.0,0.7489790754860137,-0.36957180919339366,-0.7963185415546794
The Haunting,"Haunting,-The",1,32.73232840626372,-0.44626025016430826,2.2,0.33209702139974895,-0.5508188173821177,-0.11271988894182532
The Day the Earth Stood Still,"Day-the-Earth-Stood-Still,-The",1,45.67609177274605,-0.9709098736664724,4.0,-0.9723403736443698,-0.7320658255708418,-0.46246803679026227
Swordfish,Swordfish,1,47.08729590619354,-0.4819948994430934,2.6,-0.9588925654480387,0.33276034753791195,-0.08887342431579552
The Manchurian Candidate,"Manchurian-Candidate,-The",1,34.457202505219215,0.4958350490036645,4.4,0.3724404459887423,-0.32426005714621264,-0.47836567987428213
The Time Machine,"Time-Machine,-The",1,54.25909920291942,-1.3412507843738823,2.4,-1.6850742080499193,-0.7320658255708418,-1.0347831878149774
Mighty Joe Young,Mighty-Joe-Young,0,33.33978852782835,-0.6817840749563014,2.4,-0.5151148949691117,-0.6187864454528892,0.32446529586872086
Little Nicky,Little-Nicky,0,44.95109701295268,-0.8913190639091781,2.0,-0.7840710588957341,-0.5055070653349367,-0.2955427844080537
Surrogates,Surrogates,1,54.27654427438864,0.8742974709107983,3.4,0.3186492132034178,-0.5961305694292987,0.6106228713810784
Thirteen Days,Thirteen-Days,0,36.323223930203575,0.721613060355989,4.6,0.6145009935227025,-0.1883248010046696,-0.6611885753405106
Nine,Nine,0,53.18146784276784,-1.2194281163780238,2.0,-1.1606096883930055,-0.6414423214764797,-0.38297982137016295
The Postman,"Postman,-The",0,49.20503654697754,0.03128460837945723,1.6,0.34554482959608007,-0.43753943726416517,-0.6850350399665404
Despicable Me 2,Despicable-Me-2,1,52.57431601948379,-1.144710213340564,2.0,-1.5102527014976146,-0.7320658255708418,-0.16836163973589482
Wanted,Wanted,1,44.587858137934504,1.5873661542465571,3.8,1.0851742803942916,0.038233959231235425,0.5708787636710287
The Rock,"Rock,-The",1,31.27885751100613,-0.17012886937369556,2.8,-0.1385762654718403,0.514007355726636,-0.5181097875843318
Constantine,Constantine,1,59.668215999697686,-0.8718274370298408,2.8,-1.0126837982333632,-0.21098067702826012,-0.5101609660423219
Life,Life,0,44.140211079557496,0.35452075412846856,2.2,-0.17891969006083366,0.3554162235615025,0.09394947115043288
Spanglish,Spanglish,0,33.837803320561946,0.8564301462714058,3.4,0.8700093492529938,-0.5734746934057082,-0.33528689211810336
Hostage,Hostage,1,50.59909570459683,-1.2681571835763672,0.8,-1.1202662638040122,1.1257160083635795,-0.14451517510986503
Soldier,Soldier,0,27.44159544159544,-1.3201348552546002,2.8,-1.0664750310186877,-0.46019531328775565,-0.8122161846386993
Monkeybone,Monkeybone,0,33.71896413633532,-0.9140592952684052,1.8,-0.5823539359507673,-0.4828511893113462,-0.1365663535678551
Unbreakable,Unbreakable,1,33.170470517368315,-0.5502155935207742,2.4,-0.7571754425030719,-0.7094099495472512,-0.6691373968825205
Sphere,Sphere,0,31.1117578579744,0.9457667694683688,2.0,1.892042772174159,0.21948096741995946,3.297324552580435
Funny People,Funny-People,0,40.612134903615704,1.9642042739137464,2.0,1.9323861967631524,2.7569390820620963,0.8093434099313267
The Kingdom,"Kingdom,-The",1,51.60342163771338,-0.4218957165651366,3.0,-0.5016670867727806,-0.5961305694292987,-0.9870902585629177
Braveheart,Braveheart,1,38.95492818226845,-1.1317157954210058,1.8,-0.4747714703801183,-0.6640981975000702,-0.5737515383784013
Signs,Signs,1,42.94629546163714,-0.6492980301574058,3.2,-0.29994996382781375,-0.6187864454528892,-0.03323167352172601
Runaway Bride,Runaway-Bride,1,40.086396082145576,0.4568517952449898,2.2,0.39933606238140457,-0.5734746934057082,0.29267000970068113
xXx,xXx,1,49.46827456367985,0.30091878021029084,2.8,0.21106674763276886,0.15151333934918795,-0.7406767907606099
Inglourious Basterds,Inglourious-Basterds,1,21.09789243862229,0.981501418747154,4.8,1.0986220885906228,-0.4148835612405747,-0.32733807057609343
Die Hard 2,Die-Hard-2,1,42.17232155427284,-0.0028257386593831648,3.6,-0.21926311464982703,0.69525436391536,-0.6532397537985006
Sleepy Hollow,Sleepy-Hollow,1,55.38264186611754,-0.4657518770436456,2.4,0.14382770665111325,-0.6867540735236607,-0.7804208984706595
Vanilla Sky,Vanilla-Sky,1,49.562822107695034,1.506151042249318,2.6,0.9238005820383183,0.24213684344354997,0.2052329727385719
Battle: Los Angeles,Battle-Los-Angeles,1,22.855825391945896,-2.442527703056444,3.2,-3.7963800948739053,-0.6640981975000702,-1.0188855447309575
War Horse,War-Horse,1,38.008633093525184,-1.4679463590895754,1.0,-1.321983386748979,-0.7320658255708418,-0.9393973293108582
Big Fish,Big-Fish,1,54.95111914559597,0.04103042181912591,2.0,0.560709760737378,-0.6867540735236607,-0.6770862184245304
The Abyss,"Abyss,-The",0,32.5429110030757,-0.3942825784860753,2.0,-0.5016670867727806,-0.25629242907544114,-0.4227239290802126
The Siege,"Siege,-The",1,41.91119769471164,0.9555125829080374,2.8,1.340682636124583,0.038233959231235425,-0.33528689211810336
Hard Rain,Hard-Rain,0,35.8169428027,-0.4007797874458544,1.8,0.07658866566945764,-0.30160418112262216,0.030358898814353438
Next,Next,1,23.10670298233893,1.3534666316945088,1.4,2.335820442653086,-0.4148835612405747,1.675764958010409
Hall Pass,Hall-Pass,1,39.12849065312717,2.3118049532619294,2.4,2.214790168886106,-0.14301304895748862,4.537340713133984
The Insider,"Insider,-The",0,44.776712138361034,0.5283210938025601,3.6,0.560709760737378,0.33276034753791195,-0.8281138277227191
Entrapment,Entrapment,1,51.1767578125,0.41786854148631497,2.8,-0.8244144834847275,-0.07504542088671709,-0.7963185415546794
The X Files: Fight the Future,"X-Files-Fight-the-Future,-The",1,38.79217273954115,-0.4901164106428174,4.8,-0.4747714703801183,-0.5508188173821177,-0.21605456898795442
Saving Private Ryan,Saving-Private-Ryan,1,52.459244809809114,0.3756366832477507,2.8,0.15727551484744437,0.15151333934918795,0.19728415119656198
Lincoln,Lincoln,1,54.445305710191896,0.7703421275543324,5.0,0.18417113124010662,-0.6640981975000702,-0.8758067569747787
The Matrix,"Matrix,-The",1,17.301107084677017,-0.6298064032780685,1.6,0.10348428206211988,-0.0977012969103076,-0.11271988894182532
Les Miserables,Les-Miserables,1,36.23407779745246,-0.043433294658002684,2.2,0.7355312672896825,-0.6414423214764797,-0.20810574744594448
Cliffhanger,Cliffhanger,1,48.91276777273042,0.4081227280466464,3.2,0.5203663361483847,-0.25629242907544114,0.27677236661666127
Broken Arrow,Broken-Arrow,1,35.96501567693722,0.3577693586083581,2.4,0.3052014050070867,-0.30160418112262216,0.6424181575491181
Blade: Trinity,Blade-Trinity,1,34.16515225388945,-0.5096080375221548,3.6,-0.2730543474351515,-0.21098067702826012,-0.4465703937062424
Fight Club,Fight-Club,1,55.85180833232536,0.9798771165072092,2.4,-0.3402933884168071,0.514007355726636,-0.07297578123177566
The Long Kiss Goodnight,"Long-Kiss-Goodnight,-The",0,30.430217669654287,0.8288170081923445,2.2,0.560709760737378,1.7827364130477044,-0.45451921524825234
Hudson Hawk,Hudson-Hawk,0,43.73938158341829,0.5900445789204618,3.6,-0.01754599170486021,-0.007077792815945584,-0.4227239290802126
Jurassic Park,Jurassic-Park,1,24.763864210230988,0.060522048698463275,3.2,0.03624524108046428,-0.6640981975000702,0.1495912219445024
The American President,"American-President,-The",1,53.615737462672776,1.3096104712159995,3.8,0.6951878427006892,-0.39222768521698415,0.07010300652440309
Wild Hogs,Wild-Hogs,1,39.89608012061167,2.038922176951206,1.4,1.569295375462212,0.287448595490731,2.6852652938456703
Marley & Me,Marley-&-Me,1,56.223607164722694,1.2121523368193128,2.0,0.9238005820383183,-0.46019531328775565,3.384761589542544
The Green Mile,"Green-Mile,-The",1,52.25374773348315,0.05402483973868416,1.4,0.453127295166729,-0.21098067702826012,0.14164240040249246
The Truman Show,"Truman-Show,-The",1,41.9249305237978,-0.5485912912808295,3.4,-0.5151148949691117,-0.5281629413585271,-0.4386215721642325
The Bourne Identity,"Bourne-Identity,-The",1,34.22061610330087,-1.424090198611066,1.4,-1.3085355785526478,-0.32426005714621264,-0.6214444676304609
The Italian Job,"Italian-Job,-The",1,39.33711117452809,-0.4787462949632039,2.2,-0.21926311464982703,-0.4148835612405747,-0.7804208984706595
Antz,Antz,1,33.181939620625165,-1.633625187563943,2.4,-1.4968048933012836,-0.6187864454528892,-0.9791414370209078
The Family Man,"Family-Man,-The",1,58.8533549036242,0.5380669072422288,2.8,-0.08478503268651581,-0.5508188173821177,0.47549290516690956
The Horse Whisperer,"Horse-Whisperer,-The",1,38.86919773703225,0.7670935230744429,2.0,1.6230866082475366,-0.5961305694292987,0.14164240040249246
Coraline,Coraline,1,57.610689022792776,-1.373736829172778,1.8,-1.8733435227985549,-0.6640981975000702,-0.7327279692186
Hellboy,Hellboy,1,33.829678735339115,-0.9790313848661965,1.8,-0.8647579080737209,-0.5961305694292987,-0.7963185415546794
ParaNorman,ParaNorman,1,48.21676090735078,1.0302304859454974,3.0,0.2514101722217622,-0.6187864454528892,0.6662646221751479
The Boxtrolls,"Boxtrolls,-The",1,28.246802106847248,-1.287648810455705,2.0,-1.2547443457673233,-0.7320658255708418,-0.47836567987428213
Year One,Year-One,0,51.7613951182526,1.7205589379220292,2.6,1.3003392115355896,-0.36957180919339366,1.4293514902081013
Star Trek: Nemesis,Star-Trek-Nemesis,1,40.10036719706242,0.4259900526860389,4.6,0.34554482959608007,-0.7094099495472512,-0.3670821782861431
Invictus,Invictus,1,52.139144342263094,-0.9757827803863068,3.4,-0.878205716270052,-0.7094099495472512,-1.0188855447309575
Intolerable Cruelty,Intolerable-Cruelty,1,50.75825384241618,0.08326228005769021,2.8,-0.1923674982571648,-0.39222768521698415,0.8331898745573565
The Relic,"Relic,-The",0,21.992158126544204,0.3967526123670329,2.8,0.5741575689337092,-0.5961305694292987,-0.3432357136601133
Analyze That,Analyze-That,0,41.18499364704309,0.203460645813604,1.6,0.049693049276795395,1.2843071405287132,-0.6850350399665404
Priest,Priest,1,37.25091412622515,1.2511355905779875,3.2,1.1389655131796161,-0.5055070653349367,0.5072881913349493
Event Horizon,Event-Horizon,0,38.48364020171221,-0.38778536952629616,2.8,-0.6226973605397607,-0.2789483050990316,0.39600468974681025
The Black Dahlia,"Black-Dahlia,-The",0,36.86156344830535,1.5370127848082689,3.2,0.6413966099153647,0.21948096741995946,-0.09682224585780545
Deadpool,Deadpool,1,43.14358538657604,0.6225306237193574,2.2,-0.11168064907917806,0.514007355726636,-0.8360626492647291
American Sniper,American-Sniper,1,52.08680516979595,-0.6330550077579581,1.8,-0.6361451687360917,0.3554162235615025,-0.8678579354327688
Sex and the City,Sex-and-the-City,1,45.93271290479362,0.8889161910703014,2.0,1.2734435951429275,-0.21098067702826012,0.22113061582259178
Devil's Advocate,Devil's-Advocate,1,44.34081727000461,0.6371493438788604,2.0,0.34554482959608007,0.3554162235615025,-0.10477106739981538
Into the Woods,Into-the-Woods,1,44.03346543372963,-1.2519141611769196,0.6,-0.663040785128754,-0.7320658255708418,-0.22400339052996435
The Pacifier,"Pacifier,-The",1,61.32918920993055,-0.7906123250326018,2.0,-0.8378622916810586,-0.6867540735236607,-0.3988774644541828
Walking Tall,Walking-Tall,0,37.919149852803905,-1.602763445004992,1.8,-2.021269412958197,-0.6414423214764797,-0.7645232553866397
Forrest Gump,Forrest-Gump,1,75.33805366269166,-1.0699923103031042,4.8,-2.101956262136184,-0.46019531328775565,0.06215418498239316
Date Night,Date-Night,1,49.50036305798553,0.9798771165072092,2.6,0.6951878427006892,-0.36957180919339366,1.5326861702542303
Alien 3,Alien-3,1,41.143760562612435,-0.16525596265386122,2.4,0.33209702139974895,-0.3469159331698031,-0.7088815045925702
Ronin,Ronin,1,33.86433233319929,-0.4819948994430934,2.4,0.4262316787740668,0.17416921537277844,-0.32733807057609343
Burlesque,Burlesque,1,39.08705556676952,2.5635718004533703,2.2,2.6989112639540265,0.12885746332559744,2.041410748942866
The Ghost and the Darkness,"Ghost-and-the-Darkness,-The",0,35.208235844642026,-0.8604573213502273,3.2,-0.878205716270052,-0.6867540735236607,0.6424181575491181
Changeling,Changeling,1,46.13636363636363,-0.12464840665524173,3.8,0.5069185279520535,-0.6414423214764797,-0.5896491814624212
Semi-Pro,Semi-Pro,0,39.91049700295621,1.7432991692812558,2.4,1.4886085262842255,0.7405661159625411,0.2847211881586712
Elizabeth: The Golden Age,Elizabeth-The-Golden-Age,1,45.25286022218538,-0.4056526941656888,2.2,0.19761893943643774,-0.6867540735236607,-0.33528689211810336
All the King's Men,All-the-King's-Men,0,48.712899427504155,-0.09378666409629087,1.2,0.26485798041809333,-0.7094099495472512,1.0478080561916245
Thunderbirds,Thunderbirds,0,31.191611589837976,-0.09865957081612522,2.8,0.07658866566945764,-0.7094099495472512,1.6360208503003595
The Godfather: Part III,"Godfather-Part-III,-The",1,50.69860279441118,-0.38291246280646185,4.0,-1.45646146871229,-0.6187864454528892,-0.5181097875843318
Law Abiding Citizen,Law-Abiding-Citizen,1,44.22259152451243,0.3139131981298491,1.8,0.13037989845478212,0.6272867358445885,-0.4386215721642325
Anastasia,Anastasia,1,26.39771695420936,-1.5848961203655996,2.0,-1.4430136605159591,-0.7320658255708418,-0.7724720769286496
Beloved,Beloved,0,41.263823064770925,0.5461884184419527,1.4,1.6096388000512054,-0.6187864454528892,0.022410077272343506
Zero Dark Thirty,Zero-Dark-Thirty,1,38.5639733669246,0.5331940005223944,3.4,0.07658866566945764,0.19682509139636895,-0.0570781381477558
Casino,Casino,1,47.615996348506926,2.0048118299123656,1.2,1.0582786640016295,9.599013641186428,5.093758221074679
The Change-Up,"Change-Up,-The",1,46.195155245907976,2.6707757482897256,3.2,1.0851742803942916,3.0514654703687727,1.5883279210483
Man on the Moon,Man-on-the-Moon,0,56.81875093904942,0.18884192565410096,2.0,-0.1923674982571648,-0.23363655305185063,0.6344693360071082
The Adjustment Bureau,"Adjustment-Bureau,-The",1,48.689834603233614,1.4769136019303115,2.6,1.5423997590695497,-0.36957180919339366,0.3642094035787705
Shrek,Shrek,1,32.60957071484384,-0.06292492153734004,2.0,-0.08478503268651581,-0.5508188173821177,0.7537016591372572
Ted,Ted,1,35.989080218395635,0.7118672469163203,2.6,0.5472619525410469,1.9866392972600189,1.2624262378258928
Robin Hood: Prince of Thieves,Robin-Hood-Prince-of-Thieves,1,48.711767836458684,-0.11165398873568347,1.6,-0.04444160809752245,-0.7094099495472512,-0.16836163973589482
Jerry Maguire,Jerry-Maguire,1,48.024823168290396,0.33340482500918645,2.4,0.23796236402543108,0.06088983525482593,-0.4465703937062424
Super 8,Super-8,1,31.28628169874733,-0.8555844146303929,1.4,-0.5958017441470984,-0.23363655305185063,-0.3670821782861431
Erin Brockovich,Erin-Brockovich,1,58.08872326305581,0.5023322579634436,3.2,0.3052014050070867,1.2616512645051225,1.1988356654898134
Yes Man,Yes-Man,1,55.27137978638378,0.3399020339689656,2.4,0.15727551484744437,-0.30160418112262216,0.4119023328308301
"Crazy, Stupid, Love","Crazy,-Stupid,-Love",1,39.4760726806784,1.247886986098098,2.0,1.9861774295484769,-0.1656689249810791,1.4929420625441807
Moneyball,Moneyball,1,63.811718331087064,1.3193562846556683,2.4,0.7489790754860137,-0.0977012969103076,1.1829380224057935
V for Vendetta,V-for-Vendetta,1,28.957315654803445,-0.25296828361087936,2.4,0.48002291155939125,-0.5508188173821177,-0.1842592828199147
Syriana,Syriana,1,24.66685730626251,0.6663867841978665,5.0,0.3724404459887423,-0.43753943726416517,-0.27964514132403384
Absolute Power,Absolute-Power,1,31.37157314089005,-0.8945676683890678,2.6,-0.5958017441470984,-0.4828511893113462,-0.8837555785167887
The Game,"Game,-The",1,52.449247262773724,-0.26271409705054805,4.8,-0.9319969490553764,1.2389953884815321,-0.8519602923487489
G.I. Jane,G.I.-Jane,0,38.52407754846779,0.32365901156951776,3.4,0.3186492132034178,-0.30160418112262216,-0.5975980030044311
The Replacements,"Replacements,-The",1,42.622415161275256,-0.9465453400673008,2.6,-1.3085355785526478,-0.3469159331698031,0.4357487974568599
Ninja Assassin,Ninja-Assassin,1,36.591835926673795,-0.951418246787135,1.6,-0.7975188670920652,-0.12035717293389811,-0.7327279692186
Assassins,Assassins,1,49.272845669633156,-0.5810773360797251,2.0,-0.2865021556314826,1.5108659007646184,-0.8837555785167887
Defiance,Defiance,1,44.57552187994988,0.7427289894752711,2.8,1.327234827928252,-0.21098067702826012,1.2147333085738332
Basic,Basic,0,40.81628498727736,0.7492261984350502,3.0,0.9775918148236428,0.514007355726636,1.5406349917962403
Gamer,Gamer,0,22.886597938144327,-1.4825650792490783,2.8,-2.088508453939853,0.19682509139636895,-0.8360626492647291
The Life of David Gale,"Life-of-David-Gale,-The",0,28.05533721113032,0.21320645925327267,2.8,0.22451455582909996,0.24213684344354997,-0.5101609660423219
Eastern Promises,Eastern-Promises,1,29.51818281897912,-0.7516290712739271,1.8,0.1707233230437755,0.287448595490731,-0.2875939628660438
Fair Game,Fair-Game,0,46.6256739565033,0.2278251794127757,4.2,-0.1923674982571648,-0.36957180919339366,-0.48631450141629207
Drive Angry,Drive-Angry,0,31.708576444467397,0.5315696982824497,1.8,0.3186492132034178,0.8085337440333126,0.308567652784701
Death to Smoochy,Death-to-Smoochy,0,35.755022230498845,1.0042416501063811,2.6,0.6413966099153647,0.7405661159625411,-0.17631046127790476
Anna Karenina,Anna-Karenina,1,34.97759187331939,-0.3228132799285049,1.2,0.5741575689337092,-0.7320658255708418,-0.06502695968976574
Indiana Jones and the Last Crusade,Indiana-Jones-and-the-Last-Crusade,1,45.24094488188978,-0.16850456713375078,2.0,0.38588825418507344,-0.7094099495472512,-0.27964514132403384
Traffic,Traffic,1,33.527474432310626,-0.3601722314472349,3.2,0.13037989845478212,-0.052389544863126594,-0.7565744338446297
Panic Room,Panic-Room,1,32.28424915546699,0.38050958996758505,2.2,0.4934707197557224,0.468695603679455,0.3403629389527407
Three Kings,Three-Kings,1,40.21543446951512,-0.15226154473430298,2.0,-0.2596065392388204,0.69525436391536,-0.9155508646848284
Out of Sight,Out-of-Sight,1,40.681835191976646,0.7865851499537803,1.6,1.0448308558052983,1.6694570329297518,0.2290794373646017
Solaris,Solaris,0,33.48659240287592,-0.4153985076053575,3.0,0.9238005820383183,-0.4148835612405747,-0.7088815045925702
My Best Friend's Wedding,My-Best-Friend's-Wedding,1,53.20974473454334,0.9262751425890312,2.4,0.9641440066273116,-0.12035717293389811,-0.605546824546441
Star Trek: First Contact,Star-Trek-First-Contact,1,40.937135234283815,-0.8068553474320496,4.4,-1.0933706474113498,-0.7094099495472512,-0.72477914767659
Insomnia,Insomnia,1,44.91374182034503,-0.4625032725637561,2.0,-0.09823284088284694,-0.25629242907544114,-0.43067275062222254
Liar Liar,Liar-Liar,1,67.10424480562006,-0.2692113060103272,1.6,-0.6495929769324229,-0.43753943726416517,-0.35913335674413316
The Flintstones,"Flintstones,-The",1,41.1955293977766,0.0588977464585185,3.6,-0.3402933884168071,-0.6187864454528892,0.4595952620828897
Blade,Blade,1,24.35452923553371,-0.2269794477717629,3.0,0.03624524108046428,-0.4828511893113462,-0.40682628599619275
The Bounty Hunter,"Bounty-Hunter,-The",1,50.62564734204854,-0.300073048569278,2.0,-0.326845580220476,0.24213684344354997,-0.46246803679026227
Tin Cup,Tin-Cup,1,50.857476465007665,1.358339538414343,3.2,0.560709760737378,0.649942611868179,-0.5578538952943815
The Hitchhiker's Guide to the Galaxy,"Hitchhiker's-Guide-to-the-Galaxy,-The",1,31.040578989530676,0.203460645813604,4.4,0.6548444181116958,-0.6414423214764797,-0.8122161846386993
Cellular,Cellular,1,44.652149547674334,-0.9108106907885156,1.2,-0.9857881818407009,0.31010447151432147,-0.48631450141629207
Dune,Dune,0,45.320658722720566,-1.0569978923835457,2.8,-0.8244144834847275,-0.7320658255708418,-0.5022121445003119
Revolutionary Road,Revolutionary-Road,1,44.47269542616607,-0.7613748847135957,2.4,-0.6764885933250852,-0.25629242907544114,-0.45451921524825234
Frankenstein,Frankenstein,1,38.87733887733888,-0.5307239666414368,2.4,0.4262316787740668,-0.6414423214764797,-0.613495646088451
Deep Rising,Deep-Rising,0,39.68582262274093,-1.1771962581394595,2.4,-0.999235990037032,-0.1883248010046696,-0.8122161846386993
Argo,Argo,1,38.86549041927528,-0.33418339560811844,3.2,-0.6226973605397607,-0.36957180919339366,-0.5737515383784013
The Fugitive,"Fugitive,-The",1,37.74919614147909,-0.988777198305865,2.4,-1.321983386748979,-0.6414423214764797,-0.14451517510986503
The Mechanic,"Mechanic,-The",1,39.64819451662178,1.5808689452867781,2.2,1.0313830476089672,-0.3469159331698031,1.2067844870318232
Notting Hill,Notting-Hill,1,48.90724015767675,0.10600251141691712,2.6,-0.4478758539874561,-0.46019531328775565,-0.6214444676304609
Red Riding Hood,Red-Riding-Hood,1,32.916066614969914,1.1975336166598096,2.6,1.5827431836585433,-0.7094099495472512,1.2862727024519225
15 Minutes,15-Minutes,1,25.569115231166396,-0.2269794477717629,1.6,0.5203663361483847,0.10620158730200693,-0.6929838615085503
Lord of War,Lord-of-War,1,75.95182223073607,0.17909611221443228,2.6,-1.0395794146260253,0.33276034753791195,-0.5737515383784013
The Proposal,"Proposal,-The",1,44.25923721077907,1.8163927700787712,2.2,1.7037734574255232,-0.21098067702826012,1.9778201766067864
American Hustle,American-Hustle,1,33.39157476275968,0.8158225902727863,2.0,1.327234827928252,1.8733599171420665,-1.0268343662729673
The Social Network,"Social-Network,-The",1,36.55273976805547,2.1363803113478927,3.4,1.6096388000512054,0.038233959231235425,1.8665366750186474
He's Just Not That Into You,He's-Just-Not-That-Into-You,1,37.20178372352285,-0.27408421273016154,1.4,0.8700093492529938,-0.23363655305185063,-0.5737515383784013
Scream 3,Scream-3,1,27.774594722119236,-0.23347665673154205,2.6,0.26485798041809333,0.559319107773817,0.5788275852130387
The Talented Mr. Ripley,"Talented-Mr.-Ripley,-The",1,45.614242761429004,0.09463239573730367,2.4,0.7489790754860137,-0.5508188173821177,0.5152370128769592
The Last of the Mohicans,"Last-of-the-Mohicans,-The",1,36.71923107815053,0.4730948176444376,3.2,0.5876053771300402,-0.7320658255708418,0.14164240040249246
JFK,JFK,1,66.07004042288557,3.6437327900166494,4.6,1.5423997590695497,0.37807209958509297,7.414814111341579
17 Again,17-Again,1,47.5786218565844,-0.05155480585772658,1.6,-0.16547188186450254,-0.4148835612405747,0.4834417267089195
Unknown,Unknown,1,48.10175710959,1.4866594153699806,2.4,1.1389655131796161,-0.6187864454528892,1.0796033423596643
Gothika,Gothika,1,47.70367998292104,0.10275390693702756,3.2,0.6145009935227025,-0.1883248010046696,-0.605546824546441
The Lincoln Lawyer,"Lincoln-Lawyer,-The",1,62.53276839602511,1.4509247660911957,2.8,1.7575646902108477,-0.14301304895748862,2.0811548566529154
The Prestige,"Prestige,-The",1,33.638749817722264,0.4373601683656524,2.6,0.9775918148236428,-0.7094099495472512,-0.02528285197971608
Autumn in New York,Autumn-in-New-York,1,41.107591223747505,0.2635598286915609,2.0,0.3186492132034178,-0.46019531328775565,-0.5340074306683517
Paul,Paul,1,25.2198716425006,2.648035516930499,2.2,1.5423997590695497,-0.0977012969103076,2.5024423983794417
Colombiana,Colombiana,1,24.667644415006862,-1.0618707991033802,0.8,-0.11168064907917806,-0.3469159331698031,-0.7724720769286496
8MM,8MM,1,57.06134735045039,0.1417371606957023,3.2,0.2514101722217622,0.4007279756086835,-0.7009326830505602
The Doors,"Doors,-The",0,56.13172086942311,1.6490896393644587,3.8,0.5876053771300402,1.057748380292808,0.7537016591372572
Arthur,Arthur,1,49.759991272409906,2.05029229263082,2.6,1.1389655131796161,-0.007077792815945584,0.6424181575491181
The Other Boleyn Girl,"Other-Boleyn-Girl,-The",1,21.996540014096237,-0.12139980217535215,2.2,1.1255177049832852,-0.6414423214764797,-0.31144042749207357
Get Carter,Get-Carter,0,61.94900981473953,-1.7879339003586971,0.8,-2.1557474949215085,-0.43753943726416517,-0.19220810436192462
Amelia,Amelia,0,50.11073783750154,0.4194928437262598,2.6,0.3724404459887423,-0.6187864454528892,-0.43067275062222254
Cirque du Freak: The Vampire's Assistant,Cirque-du-Freak-The-Vampire's-Assistant,0,33.587786259541986,1.6507139416044034,2.0,1.5961909918548742,-0.5281629413585271,2.4309030045013524
New York Minute,New-York-Minute,0,42.24050411342552,-0.7077729107954179,1.8,-1.106818455607681,-0.6187864454528892,-0.5975980030044311
Pandorum,Pandorum,0,45.36638202473614,3.041116658997136,3.4,1.9189383885668212,-0.052389544863126594,1.0319104131076047
The Hudsucker Proxy,"Hudsucker-Proxy,-The",0,43.00378044695411,0.5900445789204618,4.0,-0.12512845727550917,-0.30160418112262216,0.2052329727385719
Frankenweenie,Frankenweenie,1,38.26241878012996,-2.2524843409829045,1.2,-2.9760637948977067,-0.7320658255708418,-0.4147751075382027
Serenity,Serenity,1,45.40543339431807,1.9252210201550717,3.4,1.4213694853025698,-0.5281629413585271,1.7949972811405581
The Ugly Truth,"Ugly-Truth,-The",1,40.41514534121397,0.5104537691631675,2.2,-0.15202407366817142,0.423383851632274,-0.4386215721642325
Star Trek: Generations,Star-Trek-Generations,1,34.302157231793835,-0.4754976904833143,3.8,-0.08478503268651581,-0.7094099495472512,-0.6214444676304609
Water for Elephants,Water-for-Elephants,1,34.92962014158609,2.2354627479845246,3.2,1.7037734574255232,-0.4828511893113462,3.249631623328375
Enough,Enough,1,38.68647172450543,0.8872918888303566,2.0,1.340682636124583,-0.43753943726416517,0.3801070466627904
Rush,Rush,1,39.314160029326494,-0.418647112085247,2.4,0.19761893943643774,-0.2789483050990316,-0.8678579354327688
Angel Eyes,Angel-Eyes,0,55.65790798348938,-0.7256402354348106,1.4,-0.6092495523434296,-0.46019531328775565,-0.45451921524825234
The Thing,"Thing,-The",0,44.58392966673482,-0.8978162728689573,1.6,-0.6899364015214162,-0.07504542088671709,-0.3670821782861431
White Squall,White-Squall,0,43.86047331023549,-0.04018469017811312,3.0,-0.004098183508529088,-0.4148835612405747,-0.2955427844080537
The Master,"Master,-The",1,29.625952303667933,0.8775460753906881,2.2,0.6010531853263713,-0.32426005714621264,-0.009385208895696218
Twilight,Twilight,1,42.44552623542726,1.4817865086501465,2.6,0.9641440066273116,-0.5734746934057082,0.8252410530153466
Burn After Reading,Burn-After-Reading,1,26.51110228765157,-0.4089012986455784,2.2,-0.11168064907917806,0.9671248761984461,-0.1842592828199147
Magnolia,Magnolia,1,25.473623497049562,0.1336156494959784,2.8,0.6413966099153647,1.6921129089533424,-0.4386215721642325
Hot Tub Time Machine,Hot-Tub-Time-Machine,1,38.19754041822984,1.9057293932757342,2.2,1.999625237744808,1.3749306446230751,1.4293514902081013
Breakdown,Breakdown,1,41.08634529970253,-0.9968987095055888,1.4,-1.4699092769086213,0.21948096741995946,0.19728415119656198
Reindeer Games,Reindeer-Games,0,40.703149523909175,0.2879243622907326,2.0,0.4262316787740668,0.69525436391536,0.24497708044862157
Gattaca,Gattaca,0,27.653949587492594,-0.9400481311075216,2.8,-0.35374119661313824,-0.6640981975000702,-0.7883697200126695
It,It,1,33.60890757908822,-1.0066445229452576,1.4,-0.6092495523434296,-0.14301304895748862,-0.40682628599619275
The Hangover,"Hangover,-The",1,41.037381774508326,0.14336146293564708,2.0,0.21106674763276886,-0.1883248010046696,0.9126780899774558
The Blind Side,"Blind-Side,-The",1,48.8588389087714,0.6972485267568173,2.8,0.8162181164676693,-0.5508188173821177,1.3975562040400615
Batman,Batman,1,25.72897388443348,-0.7824908138328779,1.8,0.03624524108046428,-0.5055070653349367,-0.35913335674413316
Rush Hour,Rush-Hour,1,47.96466376089664,-0.3358076978480632,4.0,-1.0933706474113498,0.468695603679455,-0.8678579354327688
Horrible Bosses,Horrible-Bosses,1,28.561471982157787,1.6425924304046795,2.0,1.7575646902108477,1.4655541487174373,1.7075602441784488
Saving Mr. Banks,Saving-Mr.-Banks,1,42.113352027610006,0.19046622789404571,2.2,-0.05788941629385357,-0.5508188173821177,0.18933532965455205
Star Trek: The Motion Picture,Star-Trek-The-Motion-Picture,1,44.61421064497667,1.2641300084975458,6.4,0.8431137328603315,-0.7094099495472512,2.1526942505310047
This is 40,This-is-40,1,36.0096923898312,0.4211171459662046,1.2,0.8700093492529938,0.8765013721040841,-0.3909286429121729
L.A. Confidential,L.A.-Confidential,1,30.787093620141768,0.5510613251617871,2.4,0.681740034504358,0.33276034753791195,0.2290794373646017
The Cell,"Cell,-The",1,25.24283583894241,-0.6233091943182894,3.0,-0.17891969006083366,-0.4148835612405747,-0.613495646088451
TMNT,TMNT,1,25.91375304584348,-0.9855285938259756,2.2,-0.7840710588957341,-0.6640981975000702,-0.8042673630966893
Malcolm X,Malcolm-X,1,62.97262583286506,0.6436465528386395,3.8,0.3724404459887423,-0.23363655305185063,-0.46246803679026227
Donnie Brasco,Donnie-Brasco,1,35.23958799820869,0.6436465528386395,2.0,0.9372483902346493,3.685829999029307,0.31651647432671093
Max Payne,Max-Payne,1,24.840883564208163,-1.515051124047974,3.2,-1.8195522900132304,-0.6414423214764797,-0.494263322958302
The Ladykillers,"Ladykillers,-The",1,62.68280720527912,0.6062876013199096,4.0,-1.1471618801966743,1.0804042563163987,-0.6452909322564907
The Back-up Plan,"Back-up-Plan,-The",1,47.7351070544254,-0.2594654925706585,1.6,0.21106674763276886,0.21948096741995946,-0.5101609660423219
The Pianist,"Pianist,-The",1,37.18683138932985,-1.722961810760906,2.0,-2.021269412958197,-0.5734746934057082,-0.8678579354327688
Mirrors,Mirrors,1,40.15627977892129,-0.966036966946638,3.0,-0.1385762654718403,-0.4828511893113462,-0.02528285197971608
Queen of the Damned,Queen-of-the-Damned,0,30.77689243027889,-0.6314307055180133,2.4,0.022797432884133155,-0.7320658255708418,-0.03323167352172601
Flash Gordon,Flash-Gordon,0,26.525557306912866,-1.084611030462607,2.2,-0.8916535244663831,-0.6640981975000702,-0.14451517510986503
Heist,Heist,0,32.96837273792164,-0.01582015657894141,1.4,0.38588825418507344,-0.1656689249810791,-0.9950390801049276
Wonder Boys,Wonder-Boys,0,49.53444280598272,0.6875027133171486,1.8,1.2062045541612718,-0.2789483050990316,-0.2716963197820239
The Shipping News,"Shipping-News,-The",0,44.514985583154775,0.6728839931576456,2.0,0.8027703082713382,-0.5055070653349367,-0.17631046127790476
Whiteout,Whiteout,0,46.25197603029299,-0.6460494256775163,1.6,-0.46132366218378723,-0.4148835612405747,-0.45451921524825234
A Few Good Men,A-Few-Good-Men,1,48.79334898579732,2.1380046135878383,4.0,1.8113559229961722,-0.029733668839536088,1.4849932410021707
Bridesmaids,Bridesmaids,1,51.44594634390553,1.9658285761536909,2.4,1.2465479787502651,-0.029733668839536088,7.041219498867112
The Reader,"Reader,-The",1,41.85081081081081,-1.100854052862055,1.8,-0.663040785128754,-0.7320658255708418,-0.9314485077688482
Source Code,Source-Code,1,44.36282164437504,2.3329208823812118,3.0,2.241685785278768,-0.23363655305185063,0.8808828038094161
Apocalypse Now,Apocalypse-Now,1,53.85658539285418,-0.02881457449849965,2.4,-0.4478758539874561,0.21948096741995946,0.030358898814353438
42,42,1,46.14928909952607,1.0139874635460495,2.2,0.9775918148236428,-0.6414423214764797,0.7378040160532373
Flight,Flight,1,49.380291524831975,0.7947066611535041,3.2,0.43967948697039794,0.6725984878917696,0.11779593577646268
The Hunt for Red October,"Hunt-for-Red-October,-The",1,32.509806977892076,0.8418114261119027,3.8,0.3052014050070867,-0.5961305694292987,0.4913905482509294
The Addams Family,"Addams-Family,-The",1,31.35891819826683,-1.9292481952338931,2.2,-2.5053905080261174,-0.7320658255708418,-0.7883697200126695
Analyze This,Analyze-This,1,43.124036622281636,0.44548167956537627,2.0,0.5876053771300402,0.8765013721040841,-0.2875939628660438
Se7en,Se7en,1,44.53084499740798,0.4471059818053211,2.6,0.5741575689337092,0.33276034753791195,-0.5260586091263417
Up in the Air,Up-in-the-Air,1,53.426366423512,0.7622206163546085,2.2,0.38588825418507344,-0.029733668839536088,-0.5737515383784013
Looper,Looper,1,39.00879142111873,1.1488045494614665,1.8,0.7624268836823448,0.37807209958509297,0.8331898745573565
Midnight in Paris,Midnight-in-Paris,1,49.51837739332118,0.39187970564719854,3.8,0.39933606238140457,-0.7320658255708418,-0.3988774644541828
Blow,Blow,1,61.46116041957016,-0.3715423471268484,1.8,-0.4478758539874561,1.1483718843871702,0.3403629389527407
Sicario,Sicario,1,25.02057613168725,-0.4738733882433696,2.0,0.22451455582909996,-0.1883248010046696,-0.5022121445003119
Black Rain,Black-Rain,1,43.63410301953818,-0.2968244440893885,1.6,-0.5151148949691117,-0.14301304895748862,0.4119023328308301
John Wick,John-Wick,1,45.28100775193799,-2.104672837147929,1.4,-3.0701984522720247,-0.1883248010046696,-0.7168303261345801
Hanna,Hanna,1,35.55324238128985,1.0627165307443929,2.6,0.8565615410566627,-0.2789483050990316,1.230630951657853
Larry Crowne,Larry-Crowne,1,31.927177300311627,0.17584750773454272,1.8,-0.1923674982571648,-0.43753943726416517,-0.8917044000587986
Carrie,Carrie,1,25.138563206139413,-1.6320008853239982,0.8,-1.3085355785526478,-0.1656689249810791,-0.47836567987428213
Get on Up,Get-on-Up,1,66.14040980853207,-0.4819948994430934,1.2,-0.8244144834847275,-0.5281629413585271,-0.48631450141629207
Virtuosity,Virtuosity,0,36.60012519997217,-0.3682937426469588,3.4,0.022797432884133155,-0.23363655305185063,-0.5499050737523715
The Next Three Days,"Next-Three-Days,-The",1,51.04166666666666,-1.4370846165306244,2.0,-1.564043934282939,-0.5281629413585271,-0.72477914767659
Fright Night,Fright-Night,1,42.65827274339422,1.610106385605784,1.8,1.90549058037049,0.287448595490731,3.980923205193289
Eight Legged Freaks,Eight-Legged-Freaks,1,26.928389290267745,-1.1333400976609505,1.2,-0.7168320179140785,-0.6414423214764797,-0.605546824546441
Antitrust,Antitrust,0,48.82426644132988,-0.08079224617673264,3.0,0.10348428206211988,-0.6867540735236607,-0.3193892490340835
The Imaginarium of Doctor Parnassus,"Imaginarium-of-Doctor-Parnassus,-The",1,18.884833592310194,-0.5859502427995594,1.8,-0.04444160809752245,-0.43753943726416517,-0.47836567987428213
Machine Gun Preacher,Machine-Gun-Preacher,0,55.67402376910017,-0.5664586159202221,1.2,-0.663040785128754,0.06088983525482593,-0.6214444676304609
12 Monkeys,12-Monkeys,1,36.961468838893204,-0.2935758396094989,2.4,-0.2596065392388204,-0.36957180919339366,-0.955294972394878
Confessions of a Dangerous Mind,Confessions-of-a-Dangerous-Mind,1,55.93892422174729,0.14661006741553664,3.0,0.06314085747312652,1.329618892575894,-0.613495646088451
Mumford,Mumford,0,48.714711482738636,0.4081227280466464,2.8,1.0448308558052983,-0.2789483050990316,-0.45451921524825234
The Jacket,"Jacket,-The",0,45.29434269045,-0.19611770521281205,1.6,0.5741575689337092,-0.4828511893113462,-0.4704168583322722
Indiana Jones and the Temple of Doom,Indiana-Jones-and-the-Temple-of-Doom,1,47.47677803965063,-0.7175187242350867,2.4,-1.2950877703563166,-0.6867540735236607,-0.7168303261345801
Straight Outta Compton,Straight-Outta-Compton,1,25.921653774822456,0.3967526123670329,1.8,0.8027703082713382,4.388162155760613,0.13369357886048253
Die Hard,Die-Hard,1,35.54606160695053,-0.3991554852059097,2.4,-0.4478758539874561,0.3554162235615025,-0.5419562522103616
30 Minutes or Less,30-Minutes-or-Less,1,38.108238041276046,1.2641300084975458,1.6,1.0313830476089672,5.226429568633461,-0.38297982137016295
Blade Runner,Blade-Runner,1,46.263877028181035,-0.8393413922309452,2.8,-0.7975188670920652,-0.43753943726416517,-0.6532397537985006
We Own the Night,We-Own-the-Night,1,46.779025168677734,-0.418647112085247,2.6,-0.1385762654718403,0.8085337440333126,-1.1301690463190965
Kundun,Kundun,0,57.96513593123762,-1.2129309074182448,3.2,-1.537148317890277,-0.7094099495472512,-0.7168303261345801
How to Lose Friends & Alienate People,How-to-Lose-Friends-&-Alienate-People,0,53.728316804689356,1.5467585982479377,3.0,1.2868914033392584,0.24213684344354997,0.45164644054087977
Knocked Up,Knocked-Up,1,43.45298030150469,1.08545676210362,1.0,1.219652362357603,3.3233359826518587,-0.25579867669800405
Anonymous,Anonymous,0,25.57566884067616,-0.0921623618563461,3.0,0.5069185279520535,-0.7094099495472512,-0.2955427844080537
Limitless,Limitless,1,62.93752828129575,0.15148297413537098,2.4,-0.16547188186450254,0.12885746332559744,-0.3670821782861431
Lake Placid,Lake-Placid,1,30.885734432964405,-0.17987468281336425,2.2,0.2514101722217622,-0.21098067702826012,-0.6293932891724708
Dark City,Dark-City,1,25.356193009118535,-1.0618707991033802,2.6,-1.0799228392150189,-0.5734746934057082,-0.7327279692186
Case 39,Case-39,1,46.98605795516676,-0.6866569816761359,2.0,-0.15202407366817142,-0.6640981975000702,-0.5975980030044311
Suspect Zero,Suspect-Zero,0,32.021433850702145,-0.6720382615166328,2.0,-0.6361451687360917,-0.12035717293389811,-0.8519602923487489
Shakespeare in Love,Shakespeare-in-Love,1,42.39821216565402,-0.4495088546441978,2.4,-0.05788941629385357,-0.7320658255708418,0.16548886502852225
Pineapple Express,Pineapple-Express,1,40.511030065824585,0.01179298150011986,1.2,-0.004098183508529088,4.863935552256013,0.17343768657053218
Philadelphia,Philadelphia,1,34.41213365263998,0.5348183027623392,3.8,0.5472619525410469,-0.21098067702826012,-0.40682628599619275
Final Destination 2,Final-Destination-2,1,37.746442094268176,-0.9303023176678528,2.0,-0.7571754425030719,-0.1656689249810791,-0.40682628599619275
Legion,Legion,1,27.88922155688623,-1.156080329020177,1.2,-0.5285627031654428,0.15151333934918795,-0.6532397537985006
Blood and Wine,Blood-and-Wine,0,35.98639086450586,1.9560827627140225,1.8,1.4213694853025698,0.038233959231235425,0.9603710192295154
The Help,"Help,-The",1,22.85391945524508,0.9782528142672644,2.2,1.233100170553934,-0.6187864454528892,0.7060087298851976
Gran Torino,Gran-Torino,1,63.98390014177001,1.2218981502589814,1.6,0.6951878427006892,0.15151333934918795,1.8824343181026673
Schindler's List,Schindler's-List,1,63.67013633336839,-1.100854052862055,2.2,-1.2816399621599857,-0.6414423214764797,-0.8042673630966893
Freddy vs. Jason,Freddy-vs.-Jason,1,31.80994638565354,-0.6687896570367432,1.8,0.009349624687802033,-0.12035717293389811,-0.09682224585780545
No Country for Old Men,No-Country-for-Old-Men,1,23.19980829905348,-0.8166011608717183,1.6,-0.7033842097177474,-0.5961305694292987,-0.7883697200126695
No Strings Attached,No-Strings-Attached,1,49.4129001125945,1.3762068630537356,1.8,-0.08478503268651581,0.9444690001748556,-0.06502695968976574
Tombstone,Tombstone,1,50.33416022180067,-0.2269794477717629,1.6,0.46657510336306013,-0.5055070653349367,0.15754004348651232
Scarface,Scarface,1,63.49695219762592,-1.8366629675570405,2.6,-3.231572150627998,0.10620158730200693,-0.844011470806739
August: Osage County,August-Osage-County,1,31.472959610557538,0.788209452193725,2.6,1.3003392115355896,0.7405661159625411,-0.1604128181938849
Cradle 2 the Grave,Cradle-2-the-Grave,1,36.28691983122363,-1.2421683477372507,1.8,-1.3892224277306346,0.10620158730200693,-0.6373421107144808
The Shawshank Redemption,"Shawshank-Redemption,-The",1,49.050851591398725,1.1601746651410798,2.2,0.560709760737378,0.559319107773817,0.006512434188323644
The Losers,"Losers,-The",1,24.48927477017365,0.22132797045299654,2.2,0.34554482959608007,-0.07504542088671709,-0.04912931660574587
The Ruins,"Ruins,-The",0,45.6721002824159,2.756863767006799,2.6,1.9458340049594836,0.038233959231235425,5.173246436494779
The Box,"Box,-The",1,39.00519978106185,0.5981660901201856,3.0,0.116932090258451,-0.5961305694292987,0.4039535112888202
Warrior,Warrior,0,27.07266109463467,-0.3975311829659649,2.2,-0.434428045791125,-0.43753943726416517,-0.19220810436192462
Deception,Deception,0,64.50613780466051,1.335599307055116,4.0,0.21106674763276886,-0.36957180919339366,0.10189829269244281
Scream 2,Scream-2,1,23.728813559322035,-0.9319266199077976,2.2,-0.9723403736443698,-0.21098067702826012,-0.4704168583322722
I Still Know What You Did Last Summer,I-Still-Know-What-You-Did-Last-Summer,1,30.233674775928296,-0.7694963959133196,1.2,-0.5689061277544362,-0.5508188173821177,-0.07297578123177566
The Men Who Stare at Goats,"Men-Who-Stare-at-Goats,-The",1,46.208784047960386,0.26193552645161605,3.0,-0.17891969006083366,-0.25629242907544114,-0.8201650061807092
Bad Boys,Bad-Boys,1,35.46678807629637,0.4129956347664807,1.6,0.48002291155939125,1.4202423966702562,-0.1286175320258452
Final Destination,Final-Destination,1,42.989449947652396,-1.950364124353175,2.0,-1.8598957146022237,-0.25629242907544114,-0.8599091138907589
The Ides of March,"Ides-of-March,-The",1,43.229635910753096,-0.08891375737645654,2.4,0.3724404459887423,0.8311896200569031,-0.40682628599619275
Pitch Black,Pitch-Black,1,31.966240721282567,-0.3358076978480632,2.2,0.5203663361483847,0.17416921537277844,-0.5419562522103616
Her,Her,1,43.25560592815467,-0.21723363433209425,2.8,-0.5420105113617739,-0.0977012969103076,-0.4704168583322722
Ghost,Ghost,1,24.67911949957793,0.4795920266042167,1.6,0.43967948697039794,-0.32426005714621264,1.3021703455359424
Gandhi,Gandhi,1,67.5992966487381,-0.22373084329187332,3.6,-0.3940846212021316,-0.6414423214764797,-0.3511845352021232
Jay and Silent Bob Strike Back,Jay-and-Silent-Bob-Strike-Back,1,54.19118893652063,0.2018363435736592,3.2,0.4127838705777357,5.860794097293995,0.0462565418983733
Silver Linings Playbook,Silver-Linings-Playbook,1,57.003346777653825,0.2278251794127757,1.6,0.09003647386578877,0.9444690001748556,0.8331898745573565
Death at a Funeral,Death-at-a-Funeral,1,37.03119177571733,0.31716180260973864,2.0,0.8027703082713382,-0.3469159331698031,1.691662601094429
Pet Sematary,Pet-Sematary,1,34.632692594248255,-0.5437183845609951,1.4,-0.24615873104248925,-0.39222768521698415,0.11779593577646268
Tinker Tailor Soldier Spy,Tinker-Tailor-Soldier-Spy,1,49.07667791526059,-1.0261361498245951,2.6,-0.7840710588957341,-0.5961305694292987,-0.7724720769286496
eXistenZ,eXistenZ,0,37.36950510693527,2.1591205427071203,4.4,1.555847567265881,-0.4828511893113462,0.9285757330614757
La La Land,La-La-Land,1,40.7116953762466,-1.2681571835763672,1.6,-1.658178591657257,-0.5281629413585271,-0.9473461508528681
Jaws 2,Jaws-2,1,49.75413310724883,-0.8831975527094543,2.0,-0.6764885933250852,-0.07504542088671709,-0.009385208895696218
The Descendants,"Descendants,-The",1,60.501372662966155,0.04590332853896025,1.4,0.668292226308027,0.7179102399389505,-0.16836163973589482
Disturbia,Disturbia,1,44.33173490716833,-0.14414003353457908,2.4,0.26485798041809333,0.10620158730200693,-0.30349160595006364
Obsessed,Obsessed,1,39.48263073309433,-0.3617965336871797,2.0,0.22451455582909996,-0.39222768521698415,0.8808828038094161
12 Years a Slave,12-Years-a-Slave,1,39.037075917354585,0.6598895752380873,3.6,0.8431137328603315,0.12885746332559744,0.6265205144650983
Edward Scissorhands,Edward-Scissorhands,1,45.458536371219104,-1.1853177693391834,1.0,-0.6226973605397607,-0.6187864454528892,-0.4227239290802126
Orphan,Orphan,1,32.7228665397265,2.086026941909605,3.2,1.3810260607135765,-0.39222768521698415,1.9062807827286972
The American,"American,-The",1,37.19806763285024,-0.2610897948106033,2.2,0.09003647386578877,-0.39222768521698415,-0.7565744338446297
Eternal Sunshine of the Spotless Mind,Eternal-Sunshine-of-the-Spotless-Mind,1,30.91772084843091,0.06377065317835284,1.8,0.3052014050070867,0.4007279756086835,-0.25579867669800405
Babel,Babel,1,36.5984217206556,-1.6823542547622865,1.6,-1.45646146871229,-0.30160418112262216,-0.605546824546441
She's Out of My League,She's-Out-of-My-League,1,38.90150637311703,0.16285308981498445,1.2,0.27830578861442445,1.5335217767882088,0.5152370128769592
Milk,Milk,1,69.64690013969846,1.3599638406542878,2.2,1.0313830476089672,0.12885746332559744,0.308567652784701
The Debt,"Debt,-The",1,27.55005585632036,-1.1869420715791283,1.8,-0.3402933884168071,-0.07504542088671709,-0.6373421107144808
Ghost Ship,Ghost-Ship,1,45.64291406743797,-0.2383495634513764,2.8,-0.4478758539874561,-0.007077792815945584,-0.4704168583322722
Wild Things,Wild-Things,1,26.93804250224484,-0.06292492153734004,1.8,0.6010531853263713,0.559319107773817,0.4039535112888202
High Fidelity,High-Fidelity,1,65.0126751682516,1.3372236092950611,2.4,0.6279488017190336,2.0999186773779717,0.7537016591372572
From Dusk Till Dawn,From-Dusk-Till-Dawn,1,53.796788709347524,-0.18637189177314334,3.2,-0.11168064907917806,2.8702184621800484,-0.6214444676304609
Monte Carlo,Monte-Carlo,1,31.42909139037787,1.691321497603023,3.0,1.2465479787502651,-0.6640981975000702,5.308376402708947
Psycho,Psycho,1,27.43396117235193,-0.30657025752905714,2.0,0.5338141443447157,-0.7320658255708418,-0.47836567987428213
Into the Wild,Into-the-Wild,1,42.3898898175193,0.04590332853896025,3.0,0.18417113124010662,-0.43753943726416517,-0.5578538952943815
A Most Violent Year,A-Most-Violent-Year,0,56.12739025653731,-0.4137742053654127,2.2,0.6279488017190336,-0.029733668839536088,-0.8678579354327688
A Scanner Darkly,A-Scanner-Darkly,0,31.000237997360397,1.1406830382617423,2.6,1.771012498407179,0.8538454960804935,-0.9870902585629177
Alone in the Dark,Alone-in-the-Dark,0,28.059494984434448,-1.5865204226055445,3.0,-1.429565852319628,-0.6867540735236607,-0.8042673630966893
The Brothers Bloom,"Brothers-Bloom,-The",0,40.331274687384074,0.6761325976375352,2.4,0.4127838705777357,0.08354571127841644,-0.4465703937062424
"Synecdoche, New York","Synecdoche,-New-York",0,48.278816699869324,0.5137023736430569,1.8,0.4262316787740668,0.01557808320764492,0.888831625351426
Dances with Wolves,Dances-with-Wolves,1,32.68111861861862,-1.2681571835763672,1.6,-0.17891969006083366,-0.7094099495472512,-1.066578473983017
Bad Teacher,Bad-Teacher,1,59.08332569438079,1.2218981502589814,3.0,0.4934707197557224,0.21948096741995946,0.6424181575491181
The Shining,"Shining,-The",1,34.04838239580297,-0.4430116456844187,2.6,-0.01754599170486021,-0.1656689249810791,0.6026740498390685
Adaptation,Adaptation,1,37.44103470161414,1.5012781355294835,3.8,0.8431137328603315,0.468695603679455,-0.5658027168363914
The Invention of Lying,"Invention-of-Lying,-The",1,64.21415004748339,-0.4933650151227069,3.0,-0.8109666752883964,-0.1883248010046696,-0.6691373968825205
Fear and Loathing in Las Vegas,Fear-and-Loathing-in-Las-Vegas,0,62.11314262706127,0.8255684037124549,2.8,-0.5958017441470984,1.3749306446230751,-0.4227239290802126
The Mask,"Mask,-The",1,37.38305236128168,1.173169083060638,2.8,0.7489790754860137,-0.4828511893113462,0.9603710192295154
Legally Blonde,Legally-Blonde,1,66.50668845093432,-0.6103147763987311,2.8,-0.5958017441470984,-0.2789483050990316,-0.47836567987428213
Bad Santa,Bad-Santa,1,45.24095636680065,-0.8767003437496752,1.6,-0.8916535244663831,3.889732883241621,-0.6214444676304609
Predator,Predator,1,30.517464424320828,-1.610884956204716,2.4,-1.8195522900132304,-0.12035717293389811,-0.7088815045925702
Amadeus,Amadeus,1,35.99866175978588,0.9311480493088656,2.2,1.8516993475851655,-0.2789483050990316,-0.46246803679026227
Prom Night,Prom-Night,1,35.50569800569801,-1.032633358784374,2.6,-1.752313249031575,-0.6414423214764797,0.3880558682048003
Peggy Sue Got Married,Peggy-Sue-Got-Married,1,50.511774077388104,0.5543099296416766,3.0,0.3589926377924112,-0.5734746934057082,-0.06502695968976574
Observe and Report,Observe-and-Report,1,69.27640201420984,0.2879243622907326,2.4,0.009349624687802033,1.7374246610005233,0.4119023328308301
Raging Bull,Raging-Bull,1,60.89877439854744,0.7086186424364308,2.8,0.18417113124010662,1.329618892575894,1.5167885271702104
127 Hours,127-Hours,1,80.61059190031153,-1.7489506466000224,2.8,-3.0701984522720247,-0.2789483050990316,-1.074527295525027
Youth in Revolt,Youth-in-Revolt,1,54.07031778228533,0.6339007393989708,2.2,0.14382770665111325,-0.3469159331698031,2.9078322970219483
The Ice Storm,"Ice-Storm,-The",0,41.04800563588178,-0.4365144367246396,2.4,-0.1923674982571648,-0.14301304895748862,-0.24784985515599414
The Last Station,"Last-Station,-The",0,19.7309535091876,0.06539495541829762,2.2,0.8296659246640005,-0.5281629413585271,-0.27964514132403384
Dragonslayer,Dragonslayer,0,31.81899321670832,-0.8133525563918287,1.8,-0.29994996382781375,-0.6867540735236607,-0.6770862184245304
Ed Wood,Ed-Wood,0,63.272575694418144,0.6533923662783082,2.4,0.3724404459887423,0.08354571127841644,1.1511427362377538
RocknRolla,RocknRolla,1,26.701771427110767,-0.3163160709687258,2.2,-1.1337140720003434,0.5819749837974075,-0.40682628599619275
The Salton Sea,"Salton-Sea,-The",0,65.08808891331563,-0.5112323397620995,2.4,-1.21440092117833,0.4913514797030455,0.1495912219445024
Superbad,Superbad,1,44.75003935502733,0.2586869219717265,1.0,0.6145009935227025,4.70534442009088,-0.46246803679026227
Hotel Rwanda,Hotel-Rwanda,1,68.61806838486932,-0.8230983698314974,2.4,-1.0530272228223565,-0.5961305694292987,-0.16836163973589482
Aliens,Aliens,1,44.272504967140456,-0.6574195413571298,2.6,-0.5823539359507673,-0.1656689249810791,-0.4386215721642325
Sideways,Sideways,1,42.31178049615364,0.6745082953975904,2.0,0.2917535968107556,1.3749306446230751,0.31651647432671093
Friday the 13th,Friday-the-13th,1,25.907752698724238,-1.7781880869190283,1.2,-2.182643111314171,-0.5281629413585271,-0.4704168583322722
Evil Dead,Evil-Dead,1,30.572687224669604,-1.7002215794016788,2.4,-1.8464479064058927,-0.6867540735236607,-0.5181097875843318
The Hills Have Eyes,"Hills-Have-Eyes,-The",1,28.39559418751244,0.005295772540340738,2.8,0.3052014050070867,-0.46019531328775565,0.16548886502852225
Smokin' Aces,Smokin'-Aces,1,20.606518528694576,0.05727344421857373,4.6,-0.15202407366817142,0.514007355726636,-0.5737515383784013
My Girl,My-Girl,1,30.845771144278608,-0.33743200008800794,2.6,-0.3940846212021316,-0.6640981975000702,-0.08092460277378559
Wall Street,Wall-Street,1,38.7675018704289,2.086026941909605,3.4,0.9775918148236428,-0.23363655305185063,0.2847211881586712
Sense and Sensibility,Sense-and-Sensibility,1,30.944672626238226,0.31553750036979383,3.6,1.2062045541612718,-0.7320658255708418,0.769599302221277
Dead Poets Society,Dead-Poets-Society,1,25.36188669015993,0.10437820917697237,2.0,0.5338141443447157,-0.4828511893113462,0.030358898814353438
The Verdict,"Verdict,-The",1,42.19821673525377,0.5608071386014557,2.8,0.27830578861442445,-0.3469159331698031,0.5311346559609791
Moonrise Kingdom,Moonrise-Kingdom,1,27.960823059409773,-0.5258510599216025,3.0,-0.6092495523434296,-0.6640981975000702,-0.8042673630966893
The Roommate,"Roommate,-The",1,41.86421361120156,1.3956984899330729,2.0,1.0986220885906228,-0.23363655305185063,2.5262888630054716
Remember Me,Remember-Me,1,37.52970781490284,-0.38940967176624103,1.8,-0.21926311464982703,-0.32426005714621264,-0.3670821782861431
Jennifer's Body,Jennifer's-Body,1,35.84223065384276,0.060522048698463275,2.0,-0.326845580220476,0.19682509139636895,-0.21605456898795442
Highlander,Highlander,0,28.154379020286985,-0.3796638583265723,2.0,0.3724404459887423,-0.5961305694292987,-0.6691373968825205
Detroit Rock City,Detroit-Rock-City,0,37.145480179678025,0.03940611957918113,2.2,-0.12512845727550917,1.2163395124579417,-0.43067275062222254
Slither,Slither,0,31.98647778493239,-1.2714057880562568,1.4,-1.5102527014976146,-0.029733668839536088,-0.02528285197971608
The King's Speech,"King's-Speech,-The",1,39.78074074074074,1.3989470944129625,3.8,1.1927567459649406,-0.1883248010046696,-0.3909286429121729
American Beauty,American-Beauty,1,36.963237135780474,-0.02231736553872053,1.6,0.6279488017190336,0.4007279756086835,-0.6214444676304609
"Crouching Tiger, Hidden Dragon","Crouching-Tiger,-Hidden-Dragon",1,31.82680696912196,-0.7824908138328779,1.8,-0.23271092284615816,-0.7094099495472512,0.3801070466627904
Twins,Twins,1,47.320749498720865,0.2765542466111191,2.6,0.03624524108046428,-0.2789483050990316,1.2862727024519225
Scream,Scream,1,26.092509079299198,-0.5307239666414368,2.2,0.2917535968107556,0.12885746332559744,-0.01733403043770615
The Queen,"Queen,-The",1,39.516867385027105,-0.3780395560866275,3.2,0.049693049276795395,-0.7094099495472512,-1.0427320093569872
The Deer Hunter,"Deer-Hunter,-The",1,38.605619146722155,-1.5572829822865382,0.0,-1.1606096883930055,0.6725984878917696,0.7219063729692174
When a Stranger Calls,When-a-Stranger-Calls,1,26.914840010078105,-1.654741116683225,1.6,-1.4161180441232968,-0.7320658255708418,-0.5578538952943815
Wag the Dog,Wag-the-Dog,1,42.08670880441557,0.9831257209870988,3.4,0.8565615410566627,-0.007077792815945584,-0.5578538952943815
The Theory of Everything,"Theory-of-Everything,-The",1,31.85294237925817,-0.6574195413571298,3.0,-0.3940846212021316,-0.6867540735236607,-0.6691373968825205
Drive,Drive,1,21.58084834603356,0.7167401536361546,4.0,1.1658611295722785,-0.14301304895748862,1.0796033423596643
Malibu's Most Wanted,Malibu's-Most-Wanted,1,42.664086437671344,-0.13114561561502086,2.2,-0.2730543474351515,0.06088983525482593,-0.494263322958302
All About Steve,All-About-Steve,1,56.556946376139706,1.943088344794464,2.8,0.6010531853263713,-0.14301304895748862,1.0160127700235848
The Princess Bride,"Princess-Bride,-The",1,25.15587178170616,-0.5079837352822101,3.2,0.3052014050070867,-0.7320658255708418,-0.8122161846386993
Love and Basketball,Love-and-Basketball,1,33.634297833661556,-0.3747909516067379,1.8,-0.31339777202414487,0.15151333934918795,-0.6770862184245304
Boogie Nights,Boogie-Nights,1,39.20600767835296,-1.321759157494545,-0.2,-1.21440092117833,0.6725984878917696,-0.263747498240014
The Big Lebowski,"Big-Lebowski,-The",1,44.103789846245775,0.05402483973868416,3.0,0.27830578861442445,4.637376792020108,1.7155090657204588
The Hurt Locker,"Hurt-Locker,-The",1,44.84765386959171,-0.2464710746511003,1.6,-0.9185491408590454,0.06088983525482593,-0.3511845352021232
Confidence,Confidence,0,61.275304105712394,0.19209053013399047,2.2,0.2917535968107556,0.8311896200569031,-0.3909286429121729
Black Snake Moan,Black-Snake-Moan,0,51.88379364252214,-0.26271409705054805,1.0,-0.434428045791125,1.1483718843871702,-0.6452909322564907
Mulholland Drive,Mulholland-Drive,1,49.530890423083726,-1.4289631053309009,1.6,-1.321983386748979,-0.6867540735236607,-0.5181097875843318
Groundhog Day,Groundhog-Day,1,66.29163651642118,-0.1847475895331986,2.4,-1.2412965375709921,-0.5055070653349367,0.0462565418983733
Pretty Woman,Pretty-Woman,1,38.991571787668185,0.04103042181912591,1.6,0.46657510336306013,-0.07504542088671709,-0.30349160595006364
Slumdog Millionaire,Slumdog-Millionaire,1,28.02077391852541,-0.2692113060103272,2.0,0.06314085747312652,-0.36957180919339366,0.06215418498239316
The Iron Lady,"Iron-Lady,-The",1,65.29327503015682,-0.8247226720714421,4.6,-1.564043934282939,-0.7320658255708418,-0.7963185415546794
Jason X,Jason-X,1,26.935913142664017,-0.8230983698314974,1.2,-0.5016670867727806,0.287448595490731,-0.38297982137016295
Margaret,Margaret,0,56.56212569361265,1.4233116280121345,3.2,1.6096388000512054,0.6046308598209981,0.7219063729692174
Black Swan,Black-Swan,1,30.48470480706064,0.08488658229763499,2.4,-0.35374119661313824,-0.30160418112262216,0.42779997591485
Save the Last Dance,Save-the-Last-Dance,1,32.755096552095104,-0.02556597001861009,1.0,0.7086356508970203,1.1710277604107606,-0.11271988894182532
The Butterfly Effect,"Butterfly-Effect,-The",1,55.64549539500939,-0.6866569816761359,1.4,-0.5016670867727806,0.6272867358445885,-0.19220810436192462
10 Things I Hate About You,10-Things-I-Hate-About-You,1,29.602410749976936,0.10600251141691712,2.2,0.6413966099153647,-0.0977012969103076,-0.6452909322564907
Being John Malkovich,Being-John-Malkovich,1,30.802122507856367,0.2814271533309535,2.2,0.8296659246640005,0.15151333934918795,0.769599302221277
The Perks of Being a Wallflower,"Perks-of-Being-a-Wallflower,-The",1,46.58166934011837,-0.19774200745275686,1.6,-0.04444160809752245,-0.25629242907544114,0.014461255730333574
Room,Room,1,53.54575656901238,-0.7240159331948658,0.6,-0.434428045791125,-0.5961305694292987,0.17343768657053218
Serial Mom,Serial-Mom,0,49.53224707267208,-1.485813683728968,1.8,-2.209538727706833,-0.30160418112262216,-0.494263322958302
Birthday Girl,Birthday-Girl,0,41.748318056621656,-1.3103890418149315,2.0,-1.2950877703563166,-0.3469159331698031,-0.8042673630966893
Machete,Machete,1,32.173523003972825,-1.4646977546096858,2.0,-1.6178351670682636,0.21948096741995946,-0.9234996862268383
Jaws,Jaws,1,24.18767767475225,0.56568004532129,2.6,0.18417113124010662,-0.4148835612405747,-0.963243793936888
The Fault in Our Stars,"Fault-in-Our-Stars,-The",1,46.31341945919951,0.5234481870827258,2.4,0.5472619525410469,-0.1656689249810791,-0.27964514132403384
American Pie,American-Pie,1,33.573185506075845,-0.7597505824736509,1.4,-0.9588925654480387,0.7179102399389505,-0.40682628599619275
Star Trek II: The Wrath of Khan,Star-Trek-II-The-Wrath-of-Khan,1,42.40773609156007,0.013417283740064642,3.8,0.6145009935227025,-0.7320658255708418,-0.19220810436192462
Witness,Witness,1,37.420949334884064,-0.6590438435970746,2.4,-0.4478758539874561,-0.5961305694292987,-0.1604128181938849
Chronicle,Chronicle,1,29.61455944366353,-0.974158478146362,1.8,-1.3757746195343035,0.785877868009722,-0.47836567987428213
Jackie Brown,Jackie-Brown,1,29.568256415026642,1.5142725534490418,2.2,1.6903256492291923,4.025668139383164,0.47549290516690956
Crank,Crank,1,54.157837614347,-1.602763445004992,1.8,-2.0481650293508595,0.7405661159625411,0.2529259019906315
Stir of Echoes,Stir-of-Echoes,1,42.52228128372168,0.8239441014725102,2.4,1.2062045541612718,0.01557808320764492,1.119347450069714
Rachel Getting Married,Rachel-Getting-Married,1,43.07901689216237,0.14336146293564708,2.6,0.6548444181116958,-0.2789483050990316,-0.35913335674413316
Arbitrage,Arbitrage,1,51.318920814649665,-0.17012886937369556,1.8,0.14382770665111325,0.8765013721040841,-0.43067275062222254
Gremlins,Gremlins,1,63.39893635039464,-0.3747909516067379,2.2,-1.1606096883930055,-0.5734746934057082,0.5629299421290188
The Fighter,"Fighter,-The",1,23.939539092021928,1.4590462772909194,3.0,0.9910396230199738,0.8765013721040841,2.2560289305771337
Major League,Major-League,1,37.382451231833365,0.4081227280466464,2.8,0.38588825418507344,-0.14301304895748862,-0.30349160595006364
Phone Booth,Phone-Booth,1,43.3340091792159,0.6225306237193574,2.2,0.21106674763276886,0.8538454960804935,-0.5022121445003119
Cruel Intentions,Cruel-Intentions,1,45.71328015016425,0.06864355989818717,1.2,0.15727551484744437,1.0350925042692176,-0.32733807057609343
Barry Lyndon,Barry-Lyndon,1,77.72448955835448,2.2728216995032544,5.6,0.9506961984309805,-0.6867540735236607,-0.14451517510986503
Army of Darkness,Army-of-Darkness,1,63.403748884260644,-1.8106741317179242,2.4,-2.6398685899894287,-0.6414423214764797,-0.963243793936888
Alien,Alien,1,38.937425612195796,0.27980285109100866,2.6,0.4262316787740668,-0.5055070653349367,-0.8519602923487489
2001: A Space Odyssey,2001-A-Space-Odyssey,1,16.547982366904034,-0.4283929255249157,5.2,-0.6764885933250852,-0.7320658255708418,-0.6532397537985006
Good Will Hunting,Good-Will-Hunting,1,32.69378470991374,1.7270561468818082,2.4,1.999625237744808,1.9639834212364284,1.1431939146957437
The Grudge,"Grudge,-The",1,38.513402400920896,-1.968231448992568,2.0,-2.088508453939853,-0.7094099495472512,-0.7963185415546794
The Best Exotic Marigold Hotel,"Best-Exotic-Marigold-Hotel,-The",1,28.99719792816507,0.9912472321868224,2.8,1.9458340049594836,-0.6867540735236607,0.27677236661666127
St. Elmo's Fire,St.-Elmo's-Fire,1,20.786316165500427,1.3680853518540117,3.4,1.3541304443209141,-0.25629242907544114,1.6519184933843793
Commando,Commando,1,53.385389910613384,-1.3250077619744347,3.0,-2.0347172211545286,-0.5508188173821177,0.038307720356363366
Snatch,Snatch,1,21.084383352424585,-0.7110215152753075,1.6,-0.2865021556314826,1.805392289071295,-0.20810574744594448
Mud,Mud,1,30.49784049908466,1.2267710569788155,1.6,0.883457157449325,-0.029733668839536088,1.787048459598548
My Week with Marilyn,My-Week-with-Marilyn,1,28.18857702726068,1.2186495457790918,3.2,1.1793089377686097,-0.43753943726416517,1.6439696718423693
Big Eyes,Big-Eyes,1,56.22538267411967,0.4308629594058733,2.6,-0.663040785128754,-0.5055070653349367,-0.47836567987428213
Drop Dead Gorgeous,Drop-Dead-Gorgeous,1,32.699714250217426,-0.603817567438952,2.2,-1.1202662638040122,-0.14301304895748862,-0.5499050737523715
Very Bad Things,Very-Bad-Things,1,25.671841840723786,0.5315696982824497,1.6,1.0313830476089672,1.193683636434351,-0.12066871048383525
Cedar Rapids,Cedar-Rapids,0,43.68244642789893,1.506151042249318,2.4,1.0851742803942916,1.0350925042692176,0.09394947115043288
Crash,Crash,0,27.20253164556962,-1.4435818254904036,3.4,-1.537148317890277,-0.5281629413585271,-0.8360626492647291
The Limey,"Limey,-The",0,45.54598046040472,0.6566409707581978,2.2,1.219652362357603,0.15151333934918795,0.7298551945112274
Bamboozled,Bamboozled,0,42.387744785599686,0.9750042097873748,2.6,0.6548444181116958,0.10620158730200693,-0.2716963197820239
Cecil B. Demented,Cecil-B.-Demented,0,44.81953951462353,0.17909611221443228,5.4,-1.4026702359269656,-0.12035717293389811,0.9444733761454955
Coriolanus,Coriolanus,0,31.248478948649307,1.0302304859454974,4.2,1.66343003283653,-0.7320658255708418,0.17343768657053218
Amour,Amour,1,58.834931646602726,-0.7418832578342583,2.0,-0.8109666752883964,-0.6414423214764797,-0.7883697200126695
Next Friday,Next-Friday,1,38.61748633879781,-1.4208415941311767,0.8,-1.9674781801728727,0.37807209958509297,-0.844011470806739
Election,Election,1,40.97104605210098,0.5461884184419527,3.2,0.8700093492529938,-0.3469159331698031,0.26882354507465134
Pulp Fiction,Pulp-Fiction,1,27.62213236507675,0.7784636387540563,2.6,0.7355312672896825,3.5272388668641734,-0.12066871048383525
Easy A,Easy-A,1,72.00149925037479,0.3399020339689656,2.4,-0.24615873104248925,0.69525436391536,-0.6850350399665404
The Good Girl,"Good-Girl,-The",1,47.854964418841064,-0.5355968733612713,1.6,-0.6226973605397607,-0.46019531328775565,-0.1604128181938849
An Education,An-Education,1,37.99642964783345,0.04590332853896025,2.2,0.896904965645656,-0.6414423214764797,-0.17631046127790476
Extract,Extract,1,54.96028995266482,0.24081959733233396,2.0,0.5069185279520535,0.33276034753791195,0.8808828038094161
Juno,Juno,1,58.64988167557149,0.41786854148631497,2.0,0.1707233230437755,-0.12035717293389811,-0.3193892490340835
The Piano,"Piano,-The",1,35.758096875895674,-1.4143443851713975,1.6,-1.2412965375709921,-0.7094099495472512,-0.9791414370209078
Capote,Capote,1,58.1257865316515,-0.3406806045678976,2.0,-0.03099379990119133,-0.4148835612405747,-0.3988774644541828
Logan's Run,Logan's-Run,1,47.644211375554654,-1.3103890418149315,1.6,-0.5554583195581051,-0.6867540735236607,-0.31144042749207357
Fargo,Fargo,1,31.423922990882282,-0.8539601123904482,2.0,-0.9454447572517075,0.15151333934918795,0.11779593577646268
Silver Bullet,Silver-Bullet,1,21.096278317152105,-0.714270119755197,2.4,-0.5689061277544362,-0.39222768521698415,0.022410077272343506
A Serious Man,A-Serious-Man,1,70.37336386699894,0.3187861048496834,3.4,-0.7437276343067407,-0.30160418112262216,2.1844895366990444
Get Low,Get-Low,1,35.696007696007705,1.002617347866436,2.0,0.9641440066273116,-0.4148835612405747,1.3101191670779524
Hesher,Hesher,0,25.57345847143373,-0.7532533735138718,1.0,-0.434428045791125,2.258509809543105,-0.6929838615085503
The Boondock Saints,"Boondock-Saints,-The",0,41.09664153529815,0.07189216437807673,1.6,0.23796236402543108,3.889732883241621,-0.7645232553866397
Shame,Shame,1,31.5954166858405,-1.2145552096581895,0.8,-1.6043873588719324,0.7632219919861315,-0.9155508646848284
The Damned United,"Damned-United,-The",0,70.23169557970843,-0.08241654841667742,3.0,0.23796236402543108,0.4913514797030455,-0.605546824546441
Ordinary People,Ordinary-People,1,32.07125673043877,0.21483076149321745,0.8,1.2062045541612718,-0.07504542088671709,-0.22400339052996435
The Wrestler,"Wrestler,-The",1,58.774557307726184,-1.1788205603794044,1.6,-2.088508453939853,0.8991572481276746,-0.8837555785167887
The Wild Bunch,"Wild-Bunch,-The",0,44.694974469228704,0.6939999222769277,3.0,0.668292226308027,-0.5961305694292987,1.922178425812717
The Sting,"Sting,-The",1,33.77939691242245,-0.6850326794361911,2.4,-1.1875053047856678,-0.4148835612405747,-0.7009326830505602
Ghost World,Ghost-World,1,47.35534774985389,0.4909621422838302,3.0,0.46657510336306013,0.9444690001748556,2.5262888630054716
Get Out,Get-Out,1,34.825922454788426,-0.352050720247511,1.8,-0.1923674982571648,0.8538454960804935,-0.5022121445003119
The Big Sick,"Big-Sick,-The",1,51.07368660882114,0.5461884184419527,2.2,0.8162181164676693,0.9444690001748556,-0.2955427844080537
Dallas Buyers Club,Dallas-Buyers-Club,1,65.7563988868842,-0.3959068807260201,4.0,-1.1875053047856678,1.6014894048589803,-0.7406767907606099
The Elephant Man,"Elephant-Man,-The",1,50.101120654785966,-0.13926712681474473,3.0,-0.04444160809752245,-0.5734746934057082,0.09394947115043288
Memento,Memento,1,55.018990775908854,-0.6947784928758597,1.6,-0.6495929769324229,0.785877868009722,-0.4386215721642325
Friday the 13th Part VIII: Jason Takes Manhattan,Friday-the-13th-Part-VIII-Jason-Takes-Manhattan,1,25.353530511480752,-0.8637059258301168,3.2,-0.7571754425030719,-0.6640981975000702,-0.5340074306683517
Lone Star,Lone-Star,1,35.05829350704697,0.015041585980009422,4.0,0.5741575689337092,-0.6867540735236607,-0.16836163973589482
April Fool's Day,April-Fool's-Day,1,25.83875100839937,0.8109496835529519,2.2,1.2062045541612718,-0.14301304895748862,1.4293514902081013
Diner,Diner,1,29.584926844672122,0.2359466906124996,1.6,-0.17891969006083366,-0.30160418112262216,0.2290794373646017
Sunshine Cleaning,Sunshine-Cleaning,1,37.340340606705695,-0.4608789703238113,1.4,-0.2730543474351515,0.37807209958509297,-0.7486256123026198
Moon,Moon,1,22.753886533414093,-0.5810773360797251,2.8,-0.15202407366817142,-0.07504542088671709,0.22113061582259178
The Sweet Hereafter,"Sweet-Hereafter,-The",1,40.2808889783796,0.15473157861526055,2.4,0.896904965645656,-0.6414423214764797,-0.2399010336139842
Light Sleeper,Light-Sleeper,0,47.66795036371416,-0.6850326794361911,1.6,-0.7437276343067407,-0.12035717293389811,-0.5340074306683517
Sling Blade,Sling-Blade,1,33.306530723831266,0.7930823589135594,1.6,0.9372483902346493,0.7632219919861315,1.3816585609560417
Only God Forgives,Only-God-Forgives,0,31.426023282012768,-1.46957066132952,1.6,-0.9185491408590454,-0.14301304895748862,-0.955294972394878
Take Shelter,Take-Shelter,1,51.98826118855466,-1.4013499672518392,0.8,-2.182643111314171,-0.3469159331698031,-0.7804208984706595
Fast Times at Ridgemont High,Fast-Times-at-Ridgemont-High,1,29.02250826725456,-0.6460494256775163,1.4,-0.04444160809752245,-0.1883248010046696,-0.3432357136601133
Bound,Bound,1,34.357368393809196,-0.7191430264750315,1.2,-0.24615873104248925,2.3264774376138764,0.7934457668473068
After.Life,After.Life,0,43.694969163337355,-1.2535384634168645,1.2,-1.0261316064296944,-0.21098067702826012,-0.14451517510986503
One Flew Over the Cuckoo's Nest,One-Flew-Over-the-Cuckoo's-Nest,1,54.500321543408354,-0.24971967913098986,3.2,-0.9588925654480387,-0.21098067702826012,0.16548886502852225
Lost in Translation,Lost-in-Translation,1,34.87703822507351,-1.8382872697969848,1.6,-2.2633299604921575,-0.6414423214764797,-0.9076020431428184
Annie Hall,Annie-Hall,1,60.799415507321385,1.0675894374642272,2.6,-0.46132366218378723,-0.46019531328775565,-0.4147751075382027
Boyhood,Boyhood,1,23.59147633999012,1.2657543107374905,1.2,1.5155041426768876,0.3554162235615025,0.6980599083431877
The Kids Are All Right,"Kids-Are-All-Right,-The",1,27.867802650629248,-0.27895711944999585,1.2,0.33209702139974895,0.287448595490731,-0.20015692590393455
The Visitor,"Visitor,-The",1,35.58665090001314,-0.9839042915860308,0.8,-0.434428045791125,-0.6414423214764797,-0.04912931660574587
The Cooler,"Cooler,-The",1,29.64947811185543,-0.3780395560866275,2.2,-0.23271092284615816,1.057748380292808,-0.09682224585780545
Four Rooms,Four-Rooms,1,41.4428548635856,-0.16200735817397166,2.8,0.10348428206211988,0.9671248761984461,0.23702825890661164
Midnight Cowboy,Midnight-Cowboy,1,45.6322223460781,-0.8019824407122152,2.0,-1.1606096883930055,-0.14301304895748862,-0.8599091138907589
Gods and Monsters,Gods-and-Monsters,1,56.70949902407287,0.3983769146069777,1.6,0.46657510336306013,-0.12035717293389811,-0.2955427844080537
Margin Call,Margin-Call,1,25.173106991288808,-0.1928691007329225,2.6,0.668292226308027,0.5366632317502266,-0.4147751075382027
Beginners,Beginners,1,53.700099304865944,-1.018014638624871,1.0,-1.321983386748979,-0.6640981975000702,-0.8122161846386993
Feast,Feast,0,37.0058044025846,-1.1593289335000672,2.0,-1.779208865424237,0.10620158730200693,-0.7724720769286496
It's a Wonderful Life,It's-a-Wonderful-Life,1,55.08817885535013,1.0091145568262152,3.0,0.453127295166729,-0.6414423214764797,4.275029602247656
Trainspotting,Trainspotting,1,56.86083772030214,0.03128460837945723,2.6,-0.01754599170486021,1.9639834212364284,-0.5260586091263417
Basquiat,Basquiat,0,47.37980369322907,-0.8637059258301168,1.8,-1.0261316064296944,0.15151333934918795,-0.8996532216008085
The Wizard of Oz,"Wizard-of-Oz,-The",1,41.052602829518754,-0.4105256008855231,1.8,0.21106674763276886,-0.7320658255708418,0.8252410530153466
Garden State,Garden-State,1,50.019324916258704,1.2998646577763309,2.2,1.2062045541612718,1.0804042563163987,0.22113061582259178
The French Connection,"French-Connection,-The",1,38.312857445456466,-0.9822799893460858,2.8,-1.7254176326389126,-0.1883248010046696,-0.8281138277227191
Mad Max 2: The Road Warrior,Mad-Max-2-The-Road-Warrior,1,25.46274692798258,-0.9303023176678528,2.8,-2.196090919510502,-0.6640981975000702,-0.4147751075382027
American Splendor,American-Splendor,1,47.54294846184578,-0.045057596897947465,3.6,-0.24615873104248925,-0.052389544863126594,-0.24784985515599414
Buried,Buried,1,62.81875,-1.0797381237427728,2.4,-1.2547443457673233,-0.25629242907544114,-0.7088815045925702
Beasts of the Southern Wild,Beasts-of-the-Southern-Wild,1,39.09436084938827,0.015041585980009422,3.6,-1.3085355785526478,-0.4148835612405747,0.038307720356363366
I Spit on Your Grave,I-Spit-on-Your-Grave,0,29.006871912065268,1.8521274193575563,2.8,1.4751607180878943,1.5108659007646184,1.8903831396446773
In the Bedroom,In-the-Bedroom,1,39.519113624347746,0.8791703776306328,1.8,1.112069896786954,-0.46019531328775565,2.899883475479938
From Here to Eternity,From-Here-to-Eternity,1,24.383089970031254,0.8710488664309088,2.4,0.9103527738419871,-0.7094099495472512,0.07010300652440309
Insidious,Insidious,1,31.92865477579597,-0.5729558248800012,2.4,0.13037989845478212,-0.5734746934057082,-0.24784985515599414
Repo Man,Repo-Man,1,35.511544683562924,-1.2113066051783,1.4,-1.3757746195343035,0.559319107773817,-0.5578538952943815
Blood Simple,Blood-Simple,1,18.355756506396123,-1.4874379859689126,1.8,-1.564043934282939,-0.36957180919339366,-0.2875939628660438
Killing Zoe,Killing-Zoe,0,51.72046234302654,-1.0456277767039324,1.4,-0.770623250699403,2.077262801354381,-0.6770862184245304
The Believer,"Believer,-The",1,66.37630662020906,-0.2984487463293332,3.0,-0.5554583195581051,0.08354571127841644,-0.5499050737523715
The Hebrew Hammer,"Hebrew-Hammer,-The",0,52.386400200207355,-0.4267686232849709,2.8,-0.6899364015214162,-0.46019531328775565,-0.5340074306683517
Dear White People,Dear-White-People,1,36.10182322881837,0.0670192576582424,2.6,0.34554482959608007,0.15151333934918795,-0.6214444676304609
Saw,Saw,1,38.686751641560456,0.6793812021174247,3.0,0.116932090258451,0.31010447151432147,0.777548123763287
Strangers on a Train,Strangers-on-a-Train,1,35.64406996042385,-0.5827016383196698,2.6,0.21106674763276886,-0.7320658255708418,0.30061883124269106
Reservoir Dogs,Reservoir-Dogs,1,30.883479303340106,-0.404028391925744,3.2,-0.3402933884168071,2.0092951732836095,-0.8201650061807092
The Rocky Horror Picture Show,"Rocky-Horror-Picture-Show,-The",1,37.46437552388935,-0.6882812839160806,3.2,-0.4882192785764494,-0.6867540735236607,0.014461255730333574
Rocky,Rocky,1,45.110346804241885,-0.16363166041391644,2.2,-0.7975188670920652,-0.5734746934057082,-0.5737515383784013
Taxi Driver,Taxi-Driver,1,52.223783536485726,-0.5940717539992834,1.6,-0.8244144834847275,-0.1656689249810791,-0.5181097875843318
Hellraiser,Hellraiser,1,27.58578431372549,-1.6953486726818443,1.2,-1.4161180441232968,-0.30160418112262216,-0.5737515383784013
Blue Valentine,Blue-Valentine,1,45.88188167267534,1.0091145568262152,1.8,-0.08478503268651581,0.24213684344354997,1.3180679886199622
The Sessions,"Sessions,-The",1,48.60206817311375,-0.1912447984929777,3.0,-0.05788941629385357,-0.1883248010046696,-0.7327279692186
Martha Marcy May Marlene,Martha-Marcy-May-Marlene,1,30.347163420829805,-1.1706990491796805,1.2,-0.6361451687360917,-0.32426005714621264,-0.5022121445003119
Frozen River,Frozen-River,1,55.83204400893931,-1.3558695045333855,1.8,-1.550596126086608,-0.32426005714621264,-0.844011470806739
The Battle of Shaker Heights,"Battle-of-Shaker-Heights,-The",0,52.28563179674718,-0.3358076978480632,1.4,-0.326845580220476,-0.029733668839536088,-0.19220810436192462
Fruitvale Station,Fruitvale-Station,1,49.133231842066486,-1.43221170981079,0.8,-1.4968048933012836,1.0804042563163987,-0.9234996862268383
American Graffiti,American-Graffiti,1,20.960392569225377,-0.4072769964056335,1.4,-0.04444160809752245,-0.32426005714621264,-0.03323167352172601
Brick,Brick,1,56.82901283058393,-0.12302410441529693,1.0,0.03624524108046428,-0.6867540735236607,0.34831176049475066
It Happened One Night,It-Happened-One-Night,1,49.372275856450365,4.368171589032022,2.8,2.362716059045748,-0.3469159331698031,3.8934861682311794
Chasing Amy,Chasing-Amy,1,31.85608031157291,2.1981037964657952,2.8,1.7979081147998413,4.72800029611447,-0.46246803679026227
Pi,Pi,1,46.904573454007355,-0.6460494256775163,2.6,-0.5554583195581051,-0.5281629413585271,-0.5896491814624212
Clerks,Clerks,1,39.74008207934337,1.372958258573846,2.0,1.66343003283653,3.0288095943451823,-0.09682224585780545
