,Processed Title,Success,n_unique_words_char_1,n_unique_words_char_2,n_unique_words_char_3,n_unique_words_char_4,n_unique_words_char_5,FK_read_level_char_1,FK_read_level_char_2,FK_read_level_char_3,FK_read_level_char_4,FK_read_level_char_5,n_stop_words_char_1,n_stop_words_char_2,n_stop_words_char_3,n_stop_words_char_4,n_stop_words_char_5,overall_polarity_char_1,overall_polarity_char_2,overall_polarity_char_3,overall_polarity_char_4,overall_polarity_char_5,tot_sents,tot_pass_sents,passive_ratio
Avatar,Avatar,1,670,565,252,425,276,2,2,2,3,3,139,124,84,101,94,0.9919,0.9946,0.9861,0.7676,-0.9982,988,31,0.03137651821862348
The Dark Knight Rises,"Dark-Knight-Rises,-The",1,531,514,506,418,434,2,2,3,2,2,130,117,121,107,121,0.9871,-0.9975,0.8331,-0.9751,-0.9954,968,42,0.04338842975206612
The Avengers,"Avengers,-The",1,560,623,359,425,205,2,3,3,4,3,141,134,97,96,68,0.9704,0.979,0.9189,-0.9782,0.9739,915,28,0.030601092896174863
Pirates of the Caribbean: Dead Man's Chest,Pirates-of-the-Caribbean-Dead-Man's-Chest,1,629,373,285,378,281,2,1,1,1,4,132,114,98,103,86,0.998,-0.9658,0.9959,0.9297,0.9926,877,33,0.037628278221208664
Men in Black 3,Men-in-Black-3,1,1206,867,234,209,185,2,3,2,3,4,196,158,77,79,67,0.9979,0.9839,0.9903,-0.9787,0.9617,1243,37,0.029766693483507644
King Kong,King-Kong,1,637,260,231,245,231,2,1,0,2,2,126,81,77,76,82,0.9992,0.9985,0.6024,-0.9877,-0.9934,663,26,0.0392156862745098
Guardians of the Galaxy Vol 2,Guardians-of-the-Galaxy-Vol-2,1,589,463,348,480,318,2,2,2,4,2,136,116,111,118,101,-0.9919,0.5669,-0.9958,0.9996,-0.9301,931,26,0.027926960257787327
Cars 2,Cars-2,1,688,389,410,376,232,2,1,2,2,2,138,121,117,104,84,0.9999,0.9991,0.9977,0.9971,0.9978,1299,34,0.02617397998460354
2012,2012,1,366,486,217,297,206,1,3,1,3,4,109,124,89,90,71,0.9981,0.9795,0.5819,-0.8251,0.976,563,20,0.035523978685612786
Terminator Salvation,Terminator-Salvation,1,447,357,281,224,211,1,2,5,3,5,125,104,82,77,62,-0.9965,-0.9963,0.9841,0.8293,0.9888,502,32,0.06374501992031872
The Mummy,"Mummy,-The",1,504,538,364,273,232,1,3,2,3,4,120,126,104,94,87,-0.8884,-0.9957,0.994,0.9858,-0.9909,779,37,0.04749679075738126
The Great Gatsby,"Great-Gatsby,-The",1,899,639,513,358,263,4,3,3,2,2,159,142,126,117,84,0.9996,0.9989,0.9989,0.9995,0.9869,1150,39,0.03391304347826087
Thor: Ragnarok,Thor-Ragnarok,1,694,338,283,296,312,1,2,2,2,2,154,97,93,98,105,0.9993,0.9883,-0.9862,0.9581,0.999,1092,33,0.03021978021978022
Up,Up,1,461,429,301,183,169,0,1,2,1,1,120,116,100,70,64,0.9994,0.9996,0.9956,0.9901,0.9896,935,22,0.023529411764705882
Coco,Coco,1,534,494,266,208,207,2,2,1,2,2,141,143,89,82,81,0.9988,0.9987,0.9985,0.9187,0.9271,1023,28,0.02737047898338221
G.I. Joe: The Rise of Cobra,G.I.-Joe-The-Rise-of-Cobra,1,848,748,674,734,621,3,2,4,5,4,142,135,131,137,135,0.9742,0.9781,-0.9898,0.996,-0.9976,1346,66,0.04903417533432392
Wild Wild West,Wild-Wild-West,1,762,800,644,256,291,2,4,5,2,4,142,143,130,81,88,0.9983,0.9986,0.9992,0.9815,0.8319,978,40,0.0408997955010225
Snow White and the Huntsman,Snow-White-and-the-Huntsman,1,922,631,677,386,344,2,2,3,2,2,161,152,139,114,97,-0.9886,0.9988,-0.9984,-0.8231,0.8207,1282,54,0.0421216848673947
How to Train Your Dragon,How-to-Train-Your-Dragon,1,1456,805,722,561,288,3,3,3,3,3,172,141,129,120,78,-1.0,-0.9988,-0.998,-0.9754,-0.6392,1960,49,0.025
Interstellar,Interstellar,1,698,626,294,394,355,1,2,2,4,3,149,145,85,99,107,0.998,0.9966,-0.9796,0.8882,0.9802,1295,72,0.055598455598455596
Beauty and the Beast,Beauty-and-the-Beast,1,426,430,302,411,304,2,2,2,3,2,126,108,100,125,102,0.9994,0.9998,-0.9685,0.9987,0.999,678,23,0.03392330383480826
Shrek the Third,Shrek-the-Third,1,492,390,387,322,250,1,2,2,1,3,121,91,107,100,82,0.9992,0.9992,0.9955,0.9852,0.998,814,25,0.030712530712530713
Inception,Inception,1,963,392,451,349,341,3,1,3,3,3,173,121,130,109,103,0.9992,-0.9789,0.9932,-0.9219,0.5787,1286,50,0.038880248833592534
Godzilla,Godzilla,1,496,368,248,268,216,3,1,2,3,5,126,111,87,87,71,0.9994,0.9953,0.9922,-0.9923,-0.9162,597,20,0.03350083752093802
The Curious Case of Benjamin Button,"Curious-Case-of-Benjamin-Button,-The",1,495,582,526,311,370,2,3,6,2,4,131,130,113,99,102,0.9996,0.9999,0.9935,0.9954,0.9959,829,44,0.05307599517490953
War for the Planet of the Apes,War-for-the-Planet-of-the-Apes,1,281,462,107,142,152,0,3,-2,1,2,109,123,45,65,63,-0.9854,-0.9948,-0.9993,-0.9532,0.9195,543,12,0.022099447513812154
Frozen,Frozen,1,621,425,423,101,78,1,0,1,1,1,137,114,115,41,29,-0.9868,-0.9933,-0.9935,0.9622,0.3687,923,24,0.02600216684723727
Zootopia,Zootopia,1,721,683,271,225,242,2,2,4,2,2,140,138,83,74,78,0.9993,0.9978,-0.9385,0.9882,0.9976,1075,31,0.02883720930232558
The Matrix Reloaded,"Matrix-Reloaded,-The",1,313,211,192,174,146,1,1,2,1,1,107,80,67,71,63,-0.9628,-0.9793,-0.9909,0.9508,-0.9631,380,8,0.021052631578947368
Hancock,Hancock,1,636,823,535,422,415,2,2,2,1,2,139,146,123,96,97,0.998,-0.9974,0.9972,-0.9954,-0.9983,1492,35,0.023458445040214475
Thor,Thor,1,899,753,741,568,560,3,3,3,3,4,161,138,146,112,118,-0.9948,0.9992,-0.9993,-0.9929,-0.9951,1537,61,0.039687703318152245
X-Men Origins: Wolverine,X-Men-Origins-Wolverine,1,862,780,617,402,538,3,4,3,4,3,130,121,124,84,100,-0.9423,0.988,-0.9887,-0.9481,-0.994,1148,35,0.03048780487804878
Angels & Demons,Angels-&-Demons,1,825,436,476,376,287,4,4,4,5,5,154,100,106,98,93,-0.9958,-0.9912,-0.9856,0.8383,-0.4165,841,52,0.06183115338882283
How to Train Your Dragon 2,How-to-Train-Your-Dragon-2,1,588,323,331,228,258,1,2,2,1,1,133,99,109,88,95,0.9956,-0.9275,0.9958,0.9381,0.9965,823,23,0.027946537059538274
Rise of the Guardians,Rise-of-the-Guardians,1,470,416,401,432,339,1,1,1,2,2,116,115,109,130,90,0.9994,0.9996,0.9989,0.9983,0.9982,1200,23,0.019166666666666665
Star Trek,Star-Trek,1,570,594,422,393,290,3,7,5,5,3,129,111,103,94,93,-0.988,0.9834,0.9973,0.9975,-0.9957,720,41,0.05694444444444444
The Last Samurai,"Last-Samurai,-The",1,821,439,483,429,350,3,3,6,5,4,168,133,118,117,94,-0.9971,0.9863,0.9993,0.9934,0.938,884,63,0.07126696832579185
Spider-Man,Spider-Man,1,393,598,300,230,258,2,4,1,2,3,107,134,98,72,90,0.9988,0.965,0.9974,-0.8871,0.9804,824,25,0.03033980582524272
Watchmen,Watchmen,1,871,769,718,665,425,3,2,3,5,3,157,151,137,132,116,0.8321,-0.9988,-0.9993,0.9973,-0.9738,1426,49,0.034361851332398316
The Croods,"Croods,-The",1,485,320,386,264,202,0,0,1,0,0,124,110,106,93,77,-0.9984,-0.9958,0.9972,0.9962,-0.8621,1157,23,0.019878997407087293
The Revenant,"Revenant,-The",1,525,351,326,174,120,2,1,1,0,1,116,113,93,64,45,-0.9967,-0.8804,0.9974,0.9801,-0.9833,544,18,0.03308823529411765
Miami Vice,Miami-Vice,1,786,602,532,321,249,2,3,3,2,3,153,122,129,101,77,-0.9946,-0.9925,-0.6727,0.9845,-0.9792,956,35,0.036610878661087864
War of the Worlds,War-of-the-Worlds,1,527,231,241,262,156,1,1,1,2,4,143,81,88,90,52,0.999,0.9527,0.9408,-0.9561,-0.9725,740,24,0.032432432432432434
The Bourne Ultimatum,"Bourne-Ultimatum,-The",1,490,311,302,187,171,2,1,2,3,2,118,96,98,56,75,-0.9219,-0.9969,-0.8754,0.9886,0.7136,577,25,0.043327556325823226
Kung Fu Panda,Kung-Fu-Panda,1,519,456,178,174,128,1,2,2,2,1,124,119,78,67,55,0.9987,0.9934,-0.9483,0.7834,0.8767,872,20,0.022935779816513763
Megamind,Megamind,1,804,493,428,269,225,3,3,2,1,3,155,120,111,91,82,0.9994,0.9988,0.9907,0.9882,0.9969,914,32,0.0350109409190372
Logan,Logan,1,508,400,371,265,241,0,2,2,2,2,141,118,106,95,83,-0.9864,0.9775,-0.9813,-0.9638,0.5188,923,26,0.028169014084507043
Clash of the Titans,Clash-of-the-Titans,1,820,767,500,395,431,3,5,3,4,4,157,129,108,103,101,0.9959,0.7033,0.9906,-0.9711,-0.9955,924,51,0.05519480519480519
Prometheus,Prometheus,1,452,510,439,316,206,2,3,4,2,3,120,115,105,86,71,-0.999,0.9693,0.9846,-0.9528,0.9725,950,29,0.030526315789473683
Total Recall,Total-Recall,1,589,234,239,198,165,3,2,2,1,4,142,88,74,77,62,-0.9965,0.8599,-0.988,-0.9952,-0.8314,558,18,0.03225806451612903
Life of Pi,Life-of-Pi,1,518,637,194,199,157,3,5,3,3,3,132,142,65,76,59,0.9986,0.9984,0.9718,0.8989,-0.9732,534,32,0.0599250936329588
Ghost Rider,Ghost-Rider,1,798,557,378,315,284,2,2,3,3,3,139,123,99,80,78,-0.9981,-0.9605,-0.9848,-0.5263,0.9804,855,31,0.03625730994152047
Oblivion,Oblivion,1,1227,871,444,489,133,3,3,2,3,5,181,148,114,125,41,-0.999,0.9578,0.9701,-0.9888,0.9735,1506,62,0.041168658698539175
Fantastic Four,Fantastic-Four,1,576,401,398,526,422,4,1,1,2,1,134,122,113,124,106,0.9992,0.9967,0.988,0.998,0.9982,1028,34,0.033073929961089495
Speed Racer,Speed-Racer,0,800,904,517,397,399,2,4,2,2,2,141,145,126,93,107,0.9918,0.9999,0.9954,-0.9354,0.9877,1199,39,0.03252710592160134
The Island,"Island,-The",1,396,592,340,398,269,1,4,3,5,2,125,135,105,111,101,0.9954,-0.9096,-0.9888,-0.88,0.8616,787,30,0.03811944091486658
Ocean's Twelve,Ocean's-Twelve,1,422,466,550,319,278,2,2,3,3,2,120,117,127,105,94,0.9986,-0.9747,0.5186,0.9977,0.9966,792,30,0.03787878787878788
Tomorrow Never Dies,Tomorrow-Never-Dies,1,716,851,297,187,228,2,4,1,2,7,146,143,96,58,71,0.996,0.9995,-0.9753,-0.5463,-0.9607,936,24,0.02564102564102564
The Patriot,"Patriot,-The",1,833,363,375,375,154,3,3,6,4,2,153,108,105,96,57,-0.9809,-0.7797,0.9756,-0.9553,-0.3411,779,40,0.051347881899871634
Ali,Ali,0,960,337,325,273,312,2,2,2,4,4,141,87,86,85,95,-0.9716,0.9214,0.9826,0.9755,-0.9751,1012,28,0.02766798418972332
The Martian,"Martian,-The",1,454,853,509,474,268,3,4,3,4,3,105,134,118,114,71,-0.9144,0.9983,0.9828,-0.8678,-0.8588,974,36,0.03696098562628337
"I, Robot","I,-Robot",1,686,517,181,211,234,3,4,1,8,4,151,128,72,71,81,-0.998,-0.997,0.9712,0.9655,0.916,767,40,0.05215123859191656
Gone in 60 Seconds,Gone-in-60-Seconds,1,759,396,391,412,394,2,2,2,2,3,150,110,105,102,110,0.997,0.8865,0.83,-0.9956,0.9923,884,50,0.05656108597285068
Gladiator,Gladiator,1,415,568,394,414,315,2,4,2,2,3,119,138,107,117,99,0.9408,0.9996,-0.8136,0.9962,0.9969,807,42,0.05204460966542751
Public Enemies,Public-Enemies,1,985,524,438,420,276,2,3,2,5,3,150,120,126,96,88,0.9991,-0.9896,-0.9909,-0.8613,-0.9108,1087,36,0.03311867525298988
Django Unchained,Django-Unchained,1,1443,1154,685,499,334,3,4,3,3,3,189,162,133,109,84,0.9999,0.9638,-0.9951,-0.997,0.9654,1814,62,0.034178610804851156
True Lies,True-Lies,1,710,416,599,453,274,2,1,2,2,3,128,121,112,120,99,0.9921,0.8984,-0.9787,0.9958,0.9964,1268,36,0.028391167192429023
American Gangster,American-Gangster,1,581,623,188,201,239,1,2,2,3,3,143,142,74,70,91,0.9967,-0.9969,-0.9876,0.9763,0.971,911,28,0.030735455543358946
The Wolf of Wall Street,"Wolf-of-Wall-Street,-The",1,1704,398,294,196,204,4,2,2,3,3,177,102,98,73,64,0.9999,-0.996,-0.997,0.9659,0.9387,1123,38,0.03383793410507569
The Tourist,"Tourist,-The",1,429,363,491,173,201,2,2,4,2,3,119,108,115,69,70,-0.9734,0.9954,0.9962,0.9905,-0.7269,669,19,0.028400597907324365
Starship Troopers,Starship-Troopers,1,653,464,406,305,253,2,2,4,3,8,135,114,95,87,60,0.9997,0.9993,-0.9662,0.9921,-0.7207,834,31,0.03717026378896882
Point Break,Point-Break,1,702,540,578,259,212,1,2,2,1,3,128,125,125,86,71,0.9825,0.9855,0.8562,-0.9374,0.6032,1080,26,0.024074074074074074
The Fifth Element,"Fifth-Element,-The",1,596,391,407,405,231,1,2,3,3,3,136,112,113,106,83,0.9997,0.9983,-0.838,0.9957,0.9856,830,29,0.03493975903614458
Rise of the Planet of the Apes,Rise-of-the-Planet-of-the-Apes,1,807,377,369,311,273,2,2,3,3,2,163,109,95,94,84,-0.9384,0.9745,-0.9972,-0.9957,-0.957,894,46,0.05145413870246085
The Secret Life of Walter Mitty,"Secret-Life-of-Walter-Mitty,-The",1,854,278,157,239,238,2,3,0,4,2,163,89,67,84,81,0.9999,0.9963,0.9946,0.995,0.9914,1175,32,0.02723404255319149
Men in Black,Men-in-Black,1,858,466,326,291,362,3,2,2,2,4,138,121,105,85,92,-0.9874,-0.9991,0.9929,0.9904,0.9816,946,32,0.03382663847780127
Rush Hour 2,Rush-Hour-2,1,921,494,252,252,176,1,1,3,2,2,151,122,71,81,64,-0.9993,-0.987,0.9848,0.9507,0.7483,1101,26,0.023614895549500452
Sherlock Holmes,Sherlock-Holmes,1,1292,659,350,359,162,4,3,3,4,3,162,139,107,103,64,0.9993,-0.8836,0.9975,0.9944,-0.9552,961,57,0.05931321540062435
What Lies Beneath,What-Lies-Beneath,1,605,535,305,101,88,1,1,2,0,3,139,130,96,36,40,-0.9802,0.9952,0.9951,-0.9226,-0.7402,1081,41,0.037927844588344126
The Departed,"Departed,-The",1,659,612,601,344,369,2,1,2,2,4,141,132,132,104,94,-0.9956,-0.9994,-0.9853,0.9754,0.9918,1424,50,0.0351123595505618
Charlie's Angels,Charlie's-Angels,1,446,416,338,340,231,1,2,2,3,2,125,119,94,111,82,0.9976,0.9173,-0.9897,0.9907,0.983,733,26,0.03547066848567531
Tropic Thunder,Tropic-Thunder,1,907,542,657,489,505,3,2,3,3,3,152,121,133,124,117,-0.9931,0.9875,-0.9983,-0.984,-0.9975,1155,35,0.030303030303030304
The Girl with the Dragon Tattoo,"Girl-with-the-Dragon-Tattoo,-The",1,324,457,200,257,197,2,4,2,3,2,110,122,74,90,75,0.5384,-0.9814,0.979,0.9432,-0.9262,516,23,0.044573643410852716
Valkyrie,Valkyrie,1,642,333,300,262,279,3,4,3,4,5,143,110,102,84,78,-0.9801,-0.9299,0.9591,0.9598,-0.9777,644,45,0.06987577639751552
Hollow Man,Hollow-Man,1,621,490,568,327,276,2,2,2,2,1,130,123,133,106,95,-0.9938,-0.5568,0.9982,0.9823,-0.9962,1295,36,0.027799227799227798
Mission to Mars,Mission-to-Mars,1,792,568,548,447,404,2,2,2,3,2,150,124,131,107,102,-0.823,0.9311,0.9967,-0.9954,-0.9387,1175,39,0.033191489361702124
Conan the Barbarian,Conan-the-Barbarian,0,676,541,484,151,247,2,2,2,1,3,154,139,127,72,87,-0.9927,-0.9996,0.9856,-0.9809,-0.933,862,48,0.05568445475638051
The Three Musketeers,"Three-Musketeers,-The",1,416,441,432,484,401,1,2,2,3,3,118,124,119,128,110,0.9989,0.9783,0.9977,0.9988,0.9993,947,39,0.04118268215417107
Hannibal,Hannibal,1,705,313,373,396,279,2,3,2,3,3,150,89,130,108,85,0.9992,0.9979,0.9972,0.9987,0.9792,744,28,0.03763440860215054
Cast Away,Cast-Away,1,807,253,272,262,186,1,1,1,1,1,153,87,84,83,65,0.9995,0.8716,0.9897,-0.9919,-0.9837,1022,19,0.018590998043052837
Happy Feet,Happy-Feet,1,526,285,169,152,150,1,1,2,1,3,148,90,60,58,59,0.9947,0.9225,0.5259,0.9618,0.9876,555,15,0.02702702702702703
Ocean's Eleven,Ocean's-Eleven,1,715,632,410,295,256,2,2,2,3,3,152,138,123,85,84,0.9998,0.9598,0.9982,0.9212,0.9022,1049,30,0.028598665395614873
It's Complicated,It's-Complicated,1,766,614,456,193,184,1,2,2,1,2,163,137,118,68,67,0.9999,0.9998,0.9998,0.9895,0.9583,1240,43,0.03467741935483871
Meet Joe Black,Meet-Joe-Black,0,931,674,499,716,436,3,2,1,4,3,161,148,131,142,109,1.0,0.9997,0.9999,0.9996,0.9995,1664,49,0.029447115384615384
Collateral Damage,Collateral-Damage,0,446,238,245,297,257,1,2,2,2,2,108,76,80,82,89,-0.9987,-0.9943,0.9977,-0.9814,-0.8,556,19,0.0341726618705036
Judge Dredd,Judge-Dredd,1,670,453,547,390,495,2,3,2,2,3,136,120,122,104,117,-0.9965,0.9801,-0.9805,-0.9969,-0.9661,922,38,0.04121475054229935
Bruce Almighty,Bruce-Almighty,1,972,454,240,172,220,2,1,2,1,1,149,123,79,62,68,1.0,0.9993,0.9953,0.9934,0.9911,947,29,0.030623020063357972
Mission: Impossible,Mission-Impossible,1,657,454,453,183,239,2,2,4,1,2,135,118,111,66,81,-0.9957,-0.7291,-0.7773,-0.9846,0.9957,767,30,0.03911342894393742
Something's Gotta Give,Something's-Gotta-Give,1,939,807,522,432,217,2,1,2,2,4,158,141,125,113,76,0.9999,0.9999,0.9987,0.9998,0.9966,1639,48,0.02928615009151922
Eagle Eye,Eagle-Eye,1,1101,628,606,528,528,3,3,5,5,6,180,137,127,124,104,-0.9997,-0.9928,-0.9933,-0.9984,-0.9869,1072,50,0.04664179104477612
Cold Mountain,Cold-Mountain,1,544,492,617,337,325,2,1,2,2,2,130,123,124,90,93,0.9591,-0.9914,0.9641,0.9735,0.9839,995,35,0.035175879396984924
The Book of Eli,"Book-of-Eli,-The",1,658,309,604,251,209,1,0,2,1,1,153,115,154,87,84,0.9997,0.9972,0.9981,-0.9972,0.9803,1217,58,0.047658175842235
The Haunting,"Haunting,-The",1,484,564,402,361,158,1,3,1,3,3,140,134,120,96,72,0.9315,0.9807,0.8043,-0.8814,-0.7383,1042,33,0.03166986564299424
The Day the Earth Stood Still,"Day-the-Earth-Stood-Still,-The",1,616,305,261,239,225,4,2,2,5,7,136,100,81,79,69,0.9958,0.9987,0.9959,0.9942,0.9897,592,25,0.04222972972972973
Swordfish,Swordfish,1,799,486,294,251,118,3,2,2,1,5,134,118,91,80,43,0.9983,-0.9988,-0.9648,0.9774,-0.8136,850,24,0.02823529411764706
The Manchurian Candidate,"Manchurian-Candidate,-The",1,729,518,652,335,315,3,3,7,2,7,136,128,118,97,86,0.9986,0.9964,0.3732,0.98,-0.2261,841,36,0.04280618311533888
The Time Machine,"Time-Machine,-The",1,594,380,118,225,101,2,5,0,2,3,143,99,57,78,35,0.9991,-0.9911,0.8933,0.9384,0.8025,534,19,0.035580524344569285
Mighty Joe Young,Mighty-Joe-Young,0,469,493,344,273,247,1,1,3,2,5,126,120,93,95,65,0.9988,0.9991,0.9706,0.9898,-0.742,797,25,0.03136762860727729
Little Nicky,Little-Nicky,0,586,301,234,302,272,2,3,1,2,2,127,94,80,100,78,0.9989,-0.9756,0.9956,-0.9386,-0.9969,675,22,0.03259259259259259
Surrogates,Surrogates,1,1188,660,318,353,263,3,4,2,4,4,165,125,94,98,79,-0.9989,-0.9927,0.993,-0.9953,-0.8792,974,37,0.037987679671457907
Thirteen Days,Thirteen-Days,0,808,691,513,352,324,3,4,4,5,7,142,146,121,100,74,0.7705,-0.9557,-0.8618,-0.9945,-0.9752,1023,60,0.05865102639296188
Nine,Nine,0,583,257,203,156,294,2,3,1,2,2,141,82,76,59,93,0.9991,0.9962,0.9767,-0.9527,0.9986,759,18,0.023715415019762844
The Postman,"Postman,-The",0,893,568,346,255,203,2,2,1,1,2,165,139,107,86,66,-0.9691,-0.9944,0.999,-0.9608,0.7902,1226,51,0.041598694942903754
Despicable Me 2,Despicable-Me-2,1,603,400,173,194,169,1,1,1,4,3,135,103,60,56,71,0.9995,0.9981,0.9978,-0.8689,-0.9682,847,13,0.015348288075560802
Wanted,Wanted,1,1213,851,698,256,201,3,3,4,4,5,178,143,140,90,67,-0.9995,-0.9995,-0.9984,0.9296,-0.9774,1158,64,0.055267702936096716
The Rock,"Rock,-The",1,582,494,599,166,298,2,2,4,2,4,131,121,124,59,92,-0.9995,0.9836,-0.9923,0.8112,-0.9941,831,29,0.03489771359807461
Constantine,Constantine,1,766,347,255,210,130,2,2,4,4,2,149,110,78,69,56,-0.9986,-0.9963,-0.8521,0.9042,-0.8547,702,39,0.05555555555555555
Life,Life,0,896,803,341,234,188,2,1,3,3,2,151,153,85,71,64,0.9969,0.9985,-0.9953,-0.9157,0.967,1268,42,0.033123028391167195
Spanglish,Spanglish,0,781,734,418,349,489,2,3,1,3,8,130,142,121,99,110,0.9997,0.9993,0.9986,0.9902,0.9976,1028,34,0.033073929961089495
Hostage,Hostage,1,548,393,174,172,176,1,1,1,1,0,136,115,67,64,72,-0.9895,-0.9989,-0.8682,-0.4438,-0.9646,935,20,0.0213903743315508
Soldier,Soldier,0,319,379,223,233,277,2,3,3,1,5,109,104,74,85,86,0.9946,-0.9788,-0.9635,0.9827,-0.733,472,17,0.036016949152542374
Monkeybone,Monkeybone,0,435,377,363,291,215,1,1,2,2,3,121,103,104,95,71,-0.9942,0.9987,0.948,0.9601,0.9927,703,21,0.029871977240398292
Unbreakable,Unbreakable,1,533,663,380,185,145,2,4,2,0,4,138,133,101,65,44,0.9737,0.9979,-0.9168,-0.8799,0.5661,804,51,0.06343283582089553
Sphere,Sphere,0,738,609,584,547,348,2,2,2,2,2,160,141,136,136,105,-0.9707,-0.9975,-0.9631,0.981,0.9455,1988,46,0.023138832997987926
Funny People,Funny-People,0,1129,1019,571,419,315,2,2,2,2,2,167,161,142,119,92,1.0,0.9996,0.9997,0.9805,-0.9927,2375,62,0.026105263157894736
The Kingdom,"Kingdom,-The",1,776,279,333,345,251,3,2,3,3,4,147,91,88,90,84,0.9921,0.9554,0.9951,-0.9871,-0.8807,622,29,0.04662379421221865
Braveheart,Braveheart,1,470,336,235,240,266,2,2,1,2,2,130,105,86,86,95,-0.9857,-0.9055,0.9889,-0.991,-0.9965,592,19,0.03209459459459459
Signs,Signs,1,578,419,301,387,159,2,2,2,3,7,137,123,97,113,45,0.9988,0.9959,-0.9925,-0.9844,-0.0772,802,36,0.04488778054862843
Runaway Bride,Runaway-Bride,1,858,794,326,310,237,2,2,2,2,3,156,149,101,91,70,0.9998,0.9998,0.9935,0.9971,0.9962,1287,34,0.02641802641802642
xXx,xXx,1,911,386,447,475,210,2,2,2,3,5,148,108,120,120,57,-0.9997,-0.9901,0.9962,0.9962,0.7658,1067,37,0.03467666354264293
Inglourious Basterds,Inglourious-Basterds,1,589,814,563,475,407,3,6,4,5,6,133,151,124,117,94,0.9199,0.9991,0.9995,-0.496,0.997,838,48,0.057279236276849645
Die Hard 2,Die-Hard-2,1,759,415,367,389,312,3,4,4,4,3,140,103,96,96,86,-0.9982,0.9958,-0.9961,-0.9684,-0.9932,611,26,0.0425531914893617
Sleepy Hollow,Sleepy-Hollow,1,826,364,240,260,267,2,2,1,3,4,163,106,98,91,90,-0.9794,-0.9893,0.5662,0.9516,-0.991,867,39,0.04498269896193772
Vanilla Sky,Vanilla-Sky,1,1246,585,443,511,386,2,2,2,3,4,160,118,106,117,105,0.9999,0.9998,0.9815,0.9751,0.9992,1608,57,0.03544776119402985
Battle: Los Angeles,Battle-Los-Angeles,1,169,191,113,167,100,3,2,4,4,3,60,70,33,56,36,0.9127,0.9784,-0.4983,-0.9595,-0.4153,176,10,0.056818181818181816
War Horse,War-Horse,1,361,239,264,229,247,0,1,1,1,2,101,95,85,84,74,0.9989,-0.8794,0.9741,0.9382,0.9885,577,13,0.022530329289428077
Big Fish,Big-Fish,1,965,440,282,365,217,3,2,1,2,2,169,134,96,111,69,0.9994,0.9983,0.9947,0.9973,0.995,1085,49,0.04516129032258064
The Abyss,"Abyss,-The",0,564,616,318,274,227,1,2,2,3,2,138,133,89,80,60,0.5,-0.9987,0.8821,0.5295,0.9804,950,28,0.029473684210526315
The Siege,"Siege,-The",1,900,688,438,557,249,3,2,3,4,2,161,144,106,132,94,-0.9702,0.9965,0.8725,-0.9931,-0.9658,1297,43,0.03315343099460293
Hard Rain,Hard-Rain,0,581,464,322,300,330,2,2,1,2,2,123,125,110,91,94,-0.993,-0.7283,-0.9987,0.6224,-0.9735,839,24,0.028605482717520857
Next,Next,1,673,532,532,673,673,1,2,2,1,1,153,126,126,153,153,0.9978,0.9918,0.9918,0.9978,0.9978,1963,86,0.04381049414161997
Hall Pass,Hall-Pass,1,1208,1102,521,439,396,2,2,2,2,4,175,175,129,118,105,0.9999,0.9998,0.9995,0.9993,0.9954,1686,40,0.02372479240806643
The Insider,"Insider,-The",0,886,763,491,207,222,3,3,4,3,5,156,154,118,75,76,0.997,0.9975,0.846,-0.9856,0.6072,1245,60,0.04819277108433735
Entrapment,Entrapment,1,1101,1000,150,153,97,2,2,2,5,3,171,159,60,46,40,0.9997,0.9958,-0.6141,0.9821,0.9531,1243,46,0.03700724054706356
The X Files: Fight the Future,"X-Files-Fight-the-Future,-The",1,636,551,344,221,190,3,4,5,7,5,140,126,108,68,60,-0.9993,-0.996,-0.9967,0.363,0.9448,686,59,0.08600583090379009
Saving Private Ryan,Saving-Private-Ryan,1,960,504,331,289,391,2,3,2,3,4,163,126,85,83,92,-0.8536,-0.998,-0.9835,-0.9758,0.9709,1023,38,0.03714565004887586
Lincoln,Lincoln,1,1194,427,455,429,213,4,6,4,6,5,158,102,109,107,75,-0.9784,-0.8671,-0.8155,-0.9845,0.9695,788,67,0.0850253807106599
The Matrix,"Matrix,-The",1,333,566,284,383,290,0,2,1,4,1,100,132,105,114,94,0.6157,0.9945,-0.735,-0.66,-0.9958,965,41,0.04248704663212435
Les Miserables,Les-Miserables,1,597,360,499,466,295,2,2,2,3,2,147,123,123,109,90,0.9955,0.9983,-0.9968,0.9908,0.9826,766,69,0.09007832898172324
Cliffhanger,Cliffhanger,1,886,501,480,285,343,4,3,3,2,4,143,128,112,94,99,-0.998,0.9861,-0.9595,0.9538,-0.9637,779,40,0.051347881899871634
Broken Arrow,Broken-Arrow,1,721,753,505,260,225,2,3,2,2,3,132,148,121,88,71,-0.9989,-0.9817,-0.9974,-0.7085,-0.985,1075,47,0.04372093023255814
Blade: Trinity,Blade-Trinity,1,590,364,314,299,363,4,3,3,2,6,128,97,96,98,98,-0.9962,-0.9639,0.9114,-0.647,0.9848,524,35,0.06679389312977099
Fight Club,Fight-Club,1,1319,924,385,114,105,3,2,2,2,3,175,155,103,39,40,-0.9995,0.9992,0.9858,0.9312,0.9571,1614,55,0.03407682775712516
The Long Kiss Goodnight,"Long-Kiss-Goodnight,-The",0,734,655,550,481,334,2,2,1,2,4,141,131,120,102,85,-0.9998,-0.9982,-0.9747,-0.9992,-0.9852,1134,51,0.04497354497354497
Hudson Hawk,Hudson-Hawk,0,916,463,428,373,427,3,4,3,4,4,138,115,107,85,91,0.99,0.9947,0.5124,0.9779,0.992,795,31,0.0389937106918239
Jurassic Park,Jurassic-Park,1,541,766,344,316,314,3,4,2,2,5,120,139,100,90,91,0.9956,0.9997,-0.9802,-0.9825,0.9909,829,27,0.032569360675512665
The American President,"American-President,-The",1,1229,876,436,249,260,3,3,4,2,7,172,148,110,83,76,0.9999,0.9994,0.9971,0.9485,0.9833,1505,69,0.04584717607973422
Wild Hogs,Wild-Hogs,1,1122,727,588,597,465,2,1,2,1,1,162,138,119,121,114,0.9999,0.9972,0.9986,0.9931,0.9946,2163,54,0.024965325936199722
Marley & Me,Marley-&-Me,1,1254,761,451,377,147,2,2,2,2,2,184,145,108,114,55,1.0,0.9997,0.9967,0.9973,0.9688,1674,50,0.02986857825567503
The Green Mile,"Green-Mile,-The",1,843,353,409,357,316,2,0,2,1,2,162,107,109,94,98,-0.9669,0.985,-0.9965,-0.9984,-0.9891,1184,38,0.03209459459459459
The Truman Show,"Truman-Show,-The",1,602,602,208,335,159,2,4,1,3,7,138,128,78,105,50,-0.9324,0.9685,-0.991,0.9736,0.7359,744,20,0.026881720430107527
The Bourne Identity,"Bourne-Identity,-The",1,386,305,291,166,219,0,1,1,4,1,107,96,94,60,83,0.503,-0.9415,0.9525,0.955,-0.9962,694,23,0.03314121037463977
The Italian Job,"Italian-Job,-The",1,607,358,408,276,300,2,1,4,2,2,124,105,103,84,105,0.9972,0.989,0.9896,-0.8125,0.9945,696,23,0.033045977011494254
Antz,Antz,1,349,363,202,160,164,2,3,2,2,3,113,116,80,53,64,-0.93,-0.9872,-0.9055,-0.7689,0.9892,420,23,0.05476190476190476
The Family Man,"Family-Man,-The",1,1145,581,313,304,232,3,3,3,3,2,165,137,82,73,74,0.9999,0.9997,0.9983,0.9956,0.8736,1051,19,0.01807802093244529
The Horse Whisperer,"Horse-Whisperer,-The",1,830,650,401,425,410,2,2,1,3,2,155,153,122,117,111,0.9999,0.9999,0.9978,0.9992,0.9977,1539,55,0.03573749187784275
Coraline,Coraline,1,572,240,203,208,175,1,2,2,2,2,127,66,71,73,61,0.9983,-0.9925,0.999,0.9869,0.6728,656,15,0.022865853658536585
Hellboy,Hellboy,1,467,435,256,216,267,1,3,1,1,3,113,113,85,81,81,-0.9989,-0.9712,0.9937,0.9325,-0.7277,643,15,0.02332814930015552
ParaNorman,ParaNorman,1,1039,521,467,387,464,3,2,3,3,4,152,105,104,94,101,-0.9998,-0.9864,0.9831,-0.9954,-0.9948,1104,44,0.03985507246376811
The Boxtrolls,"Boxtrolls,-The",1,322,369,501,139,120,0,1,2,3,4,110,125,128,49,32,0.9873,0.9986,0.9947,-0.6546,-0.2603,706,17,0.024079320113314446
Year One,Year-One,0,1248,726,614,282,434,2,2,3,2,4,170,137,127,95,105,0.9998,0.9818,0.997,0.9949,0.9987,1601,61,0.038101186758276076
Star Trek: Nemesis,Star-Trek-Nemesis,1,805,652,513,294,242,4,3,6,5,5,153,147,109,86,68,0.9996,0.9986,0.998,0.7844,0.8878,988,54,0.05465587044534413
Invictus,Invictus,1,662,293,271,172,245,3,1,2,3,8,148,90,94,70,70,0.9997,0.9988,0.8894,0.9166,0.9791,649,17,0.026194144838212634
Intolerable Cruelty,Intolerable-Cruelty,1,975,700,238,154,228,3,2,4,3,2,163,137,82,67,74,0.9999,0.9998,0.9711,-0.9618,0.9956,1219,39,0.03199343724364233
The Relic,"Relic,-The",0,519,643,434,527,365,2,3,2,4,3,115,129,116,118,102,-0.9322,-0.987,-0.9947,0.9961,-0.7303,1159,59,0.05090595340811044
Analyze That,Analyze-That,0,800,781,261,258,272,2,1,2,1,2,149,142,93,75,82,0.9715,-0.9837,0.9861,0.9937,0.9947,1416,41,0.028954802259887006
Priest,Priest,1,964,976,413,375,287,3,3,3,3,4,156,149,124,104,89,-0.9992,-0.9987,0.9928,0.953,-0.9851,1055,40,0.037914691943127965
Event Horizon,Event-Horizon,0,578,537,371,265,254,2,4,3,2,3,130,116,99,75,71,-0.9993,-0.9963,0.8975,0.9793,-0.9957,934,45,0.048179871520342615
The Black Dahlia,"Black-Dahlia,-The",0,895,493,957,427,417,2,2,7,2,3,148,99,122,115,101,0.9898,-0.9813,0.9821,0.9698,-0.838,1172,39,0.033276450511945395
Deadpool,Deadpool,1,950,687,302,451,238,2,3,2,2,2,146,127,80,109,67,0.9835,0.9979,0.9057,-0.9987,0.9637,1128,33,0.02925531914893617
American Sniper,American-Sniper,1,748,372,258,290,186,1,1,2,3,2,151,109,85,83,62,-0.9665,-0.8829,-0.8632,-0.9291,-0.9419,830,29,0.03493975903614458
Sex and the City,Sex-and-the-City,1,1024,545,548,322,352,3,2,2,1,2,159,135,128,109,101,1.0,0.9797,0.9992,0.9989,0.9769,1543,57,0.03694102397926118
Devil's Advocate,Devil's-Advocate,1,917,888,371,204,256,2,2,1,2,3,150,154,116,69,74,-0.9979,0.9994,-0.9581,0.9247,0.9962,1577,50,0.03170577045022194
Into the Woods,Into-the-Woods,1,501,306,207,254,205,1,0,0,1,1,130,98,82,99,79,0.9448,0.9988,0.9951,0.7729,0.5987,757,19,0.02509907529722589
The Pacifier,"Pacifier,-The",1,799,235,250,234,239,2,1,2,2,3,148,83,84,82,78,0.9994,0.9706,0.9094,0.9942,0.981,809,24,0.029666254635352288
Walking Tall,Walking-Tall,0,377,288,241,225,126,1,3,2,2,1,110,79,76,72,50,0.9874,0.9869,0.8975,0.9916,-0.4606,444,14,0.03153153153153153
Forrest Gump,Forrest-Gump,1,870,292,211,94,118,3,1,3,4,13,151,94,65,36,35,1.0,0.9939,0.9652,0.8916,-0.8271,896,27,0.030133928571428572
Date Night,Date-Night,1,1142,950,406,188,161,2,2,3,3,3,182,172,113,64,58,0.9998,0.9993,0.9879,-0.9142,0.9113,1504,39,0.025930851063829786
Alien 3,Alien-3,1,655,530,434,420,103,2,2,3,3,2,147,138,127,111,39,-0.999,-0.7519,-0.9996,0.9849,0.9175,1060,45,0.04245283018867924
Ronin,Ronin,1,549,441,400,301,256,2,2,3,3,2,135,128,115,102,89,-0.9908,0.9731,-0.9971,-0.9902,-0.9846,784,35,0.044642857142857144
Burlesque,Burlesque,1,1167,757,855,426,617,2,2,3,1,3,169,157,162,124,126,0.9998,0.9945,0.998,0.999,0.9986,1935,41,0.02118863049095607
The Ghost and the Darkness,"Ghost-and-the-Darkness,-The",0,520,406,207,308,273,3,3,2,4,4,120,112,77,87,76,0.9838,0.9783,0.9823,0.9936,0.925,454,31,0.06828193832599119
Changeling,Changeling,1,681,520,343,312,311,3,5,3,3,5,150,128,107,87,103,0.9991,-0.9948,-0.9965,0.9874,0.8883,822,58,0.0705596107055961
Semi-Pro,Semi-Pro,0,1162,688,522,608,338,2,2,2,4,2,172,147,120,112,97,0.9999,-0.9883,0.9953,0.9992,0.9901,1598,53,0.03316645807259074
Elizabeth: The Golden Age,Elizabeth-The-Golden-Age,1,713,480,284,317,200,2,2,2,3,2,159,127,91,94,81,0.9995,0.9991,0.9913,-0.9896,0.992,933,46,0.04930332261521972
All the King's Men,All-the-King's-Men,0,816,618,332,187,233,1,1,1,1,2,152,145,95,77,88,0.9998,0.9965,0.9871,0.9116,0.9735,1463,50,0.03417634996582365
Thunderbirds,Thunderbirds,0,553,422,428,364,416,2,3,2,3,4,123,107,107,95,111,0.9897,-0.8431,-0.874,-0.9804,-0.9838,958,34,0.03549060542797495
The Godfather: Part III,"Godfather-Part-III,-The",1,897,369,260,249,237,3,6,4,4,3,145,64,74,68,78,0.9927,0.6019,0.9975,0.8568,-0.78,487,30,0.061601642710472276
Law Abiding Citizen,Law-Abiding-Citizen,1,840,716,321,304,256,2,2,1,2,2,159,136,93,84,75,-0.997,0.9918,-0.9947,-0.9955,-0.9228,1253,42,0.0335195530726257
Anastasia,Anastasia,1,284,270,251,197,266,1,2,3,2,2,107,89,81,84,69,0.9558,0.9932,0.9968,-0.9523,-0.8409,496,15,0.03024193548387097
Beloved,Beloved,0,836,593,403,317,430,2,1,1,1,2,162,136,130,113,115,0.9997,0.9993,0.998,0.9965,0.9996,1515,33,0.02178217821782178
Zero Dark Thirty,Zero-Dark-Thirty,1,828,669,401,254,420,4,2,3,4,4,139,133,95,82,94,0.9842,-0.9961,0.9977,0.7416,0.8676,910,45,0.04945054945054945
Casino,Casino,1,1381,1156,506,219,220,2,2,0,0,2,179,157,125,80,75,0.9999,-0.9998,-0.9722,0.9875,-0.9828,3047,119,0.0390548080078766
The Change-Up,"Change-Up,-The",1,1503,1230,482,257,416,3,3,3,2,5,177,167,109,71,94,0.9997,0.9999,0.9714,0.9977,0.9995,1822,61,0.033479692645444564
Man on the Moon,Man-on-the-Moon,0,1048,557,320,275,160,2,3,1,2,2,166,120,84,90,63,0.9996,0.9982,-0.8826,0.9268,-0.8897,1113,37,0.03324348607367475
The Adjustment Bureau,"Adjustment-Bureau,-The",1,1177,581,492,498,407,2,1,3,3,4,167,132,124,125,104,0.9984,-0.9328,0.7763,0.8759,0.9906,1433,67,0.04675505931612003
Shrek,Shrek,1,658,702,406,298,141,1,1,1,2,5,135,141,111,95,49,0.9995,0.9997,0.9996,0.9993,-0.3,1396,26,0.01862464183381089
Ted,Ted,1,792,796,481,301,312,2,2,1,2,6,139,138,127,92,82,0.9998,0.9998,0.9994,0.9912,0.9983,1382,36,0.02604920405209841
Robin Hood: Prince of Thieves,Robin-Hood-Prince-of-Thieves,1,770,417,367,321,298,1,2,2,1,2,152,121,105,74,82,0.9974,-0.982,-0.9942,-0.9972,0.9979,1021,29,0.02840352595494613
Jerry Maguire,Jerry-Maguire,1,900,566,457,276,249,2,2,2,2,4,157,124,112,86,76,0.9999,0.9998,0.9998,0.9962,0.8558,1265,39,0.0308300395256917
Super 8,Super-8,1,453,490,231,341,202,1,2,1,3,0,116,125,80,95,77,0.9633,0.9951,-0.9759,-0.9811,-0.9257,820,17,0.020731707317073172
Erin Brockovich,Erin-Brockovich,1,1098,643,385,297,130,2,2,2,3,7,168,131,118,97,46,-0.9963,-0.8899,0.9518,0.9962,-0.7186,1465,44,0.030034129692832763
Yes Man,Yes-Man,1,995,484,319,375,280,2,2,2,3,3,163,109,94,99,84,1.0,0.9996,0.2781,0.9987,0.9989,1261,29,0.022997620935765267
"Crazy, Stupid, Love","Crazy,-Stupid,-Love",1,983,671,522,445,391,2,2,2,2,2,175,152,123,122,113,0.9999,0.9994,0.999,0.9997,0.9985,1693,48,0.02835203780271707
Moneyball,Moneyball,1,1424,713,291,359,269,2,2,3,3,2,178,137,89,109,80,1.0,0.9996,-0.9812,0.9842,0.9944,2017,60,0.029747149231531978
V for Vendetta,V-for-Vendetta,1,500,528,420,301,339,2,3,2,2,3,130,131,115,94,103,0.9988,-0.9994,-0.9982,0.9975,-0.9962,939,50,0.05324813631522897
Syriana,Syriana,1,607,557,602,491,397,4,5,5,6,5,125,126,118,100,96,-0.9853,0.9959,0.9984,-0.2536,-0.8321,709,45,0.06346967559943582
Absolute Power,Absolute-Power,1,445,422,279,278,269,2,3,2,3,3,118,103,95,90,87,0.9962,0.8788,-0.9383,-0.9246,-0.8053,499,26,0.052104208416833664
The Game,"Game,-The",1,830,508,278,317,149,3,2,2,4,13,150,110,82,81,45,-0.9996,-0.9886,0.9921,0.9968,0.1511,809,35,0.04326328800988875
G.I. Jane,G.I.-Jane,0,742,527,399,532,242,2,3,3,5,4,138,119,104,121,79,0.9942,-0.9976,-0.9965,0.9979,0.9691,889,48,0.05399325084364454
The Replacements,"Replacements,-The",1,567,293,345,252,206,1,1,3,3,5,124,87,94,72,63,-0.9943,-0.46,0.9955,0.9437,0.9852,691,27,0.03907380607814761
Ninja Assassin,Ninja-Assassin,1,521,510,255,285,87,2,3,0,2,1,129,127,95,92,35,-0.9895,0.9882,-0.935,-0.9973,-0.9683,728,21,0.028846153846153848
Assassins,Assassins,1,756,428,338,114,250,2,1,1,3,3,153,135,100,45,83,-0.9688,0.9993,-0.9994,0.9163,0.9689,1228,29,0.023615635179153095
Defiance,Defiance,1,914,649,423,438,278,3,2,3,3,3,177,144,115,109,91,-0.9953,-0.9996,-0.8462,0.8169,0.9327,1294,41,0.03168469860896445
Basic,Basic,0,823,487,494,486,415,3,3,2,3,4,148,116,121,121,104,-0.9989,-0.9868,-0.9965,-0.9972,-0.9668,1083,56,0.05170821791320406
Gamer,Gamer,0,280,211,383,276,181,1,1,5,4,3,97,63,88,72,62,0.9227,0.9305,0.9975,-0.9977,0.6415,394,14,0.03553299492385787
The Life of David Gale,"Life-of-David-Gale,-The",0,553,697,449,373,306,2,3,2,3,4,130,136,113,88,87,-0.9983,0.9929,-0.9984,0.9789,0.9624,965,35,0.03626943005181347
Eastern Promises,Eastern-Promises,1,497,374,390,320,200,2,2,2,1,2,130,113,118,109,80,0.9813,-0.5586,-0.9959,-0.908,-0.8554,899,25,0.027808676307007785
Fair Game,Fair-Game,0,920,591,410,238,226,3,3,2,3,10,151,127,109,83,53,0.9981,0.983,-0.4089,0.9805,0.9939,910,49,0.05384615384615385
Drive Angry,Drive-Angry,0,714,711,518,257,373,2,2,2,1,2,142,132,108,73,105,-0.9997,-0.9995,0.9758,0.7532,-0.9988,1231,39,0.03168155970755483
Death to Smoochy,Death-to-Smoochy,0,864,726,505,442,325,3,2,2,3,3,134,146,118,102,85,0.9999,-0.9819,0.9848,0.9855,0.9984,1145,42,0.03668122270742358
Anna Karenina,Anna-Karenina,1,516,382,366,434,347,0,1,1,2,2,138,112,119,115,96,0.9997,0.9993,0.9993,-0.7536,0.9986,1460,46,0.031506849315068496
Indiana Jones and the Last Crusade,Indiana-Jones-and-the-Last-Crusade,1,785,414,292,266,383,2,2,2,1,3,153,116,96,90,111,0.7559,0.9962,-0.6973,0.9964,0.9976,1075,41,0.03813953488372093
Traffic,Traffic,1,612,443,287,358,322,4,3,3,3,3,133,118,96,112,88,0.9682,0.9978,-0.8203,0.9969,0.4345,696,30,0.04310344827586207
Panic Room,Panic-Room,1,698,585,384,402,409,3,2,2,2,2,138,131,98,101,106,-0.9949,-0.5123,0.9586,-0.9985,-0.9975,978,27,0.027607361963190184
Three Kings,Three-Kings,1,707,508,328,338,270,3,2,2,2,1,138,113,91,87,89,-0.9806,-0.9967,0.9957,-0.9941,-0.9979,918,31,0.03376906318082789
Out of Sight,Out-of-Sight,1,836,647,434,513,297,2,1,2,2,1,153,139,113,115,95,-0.9978,-0.9849,-0.7897,-0.9991,-0.9952,1458,54,0.037037037037037035
Solaris,Solaris,0,544,392,420,318,314,2,1,3,4,5,138,129,129,108,102,-0.991,-0.9267,0.9869,-0.9763,-0.9285,915,39,0.04262295081967213
My Best Friend's Wedding,My-Best-Friend's-Wedding,1,1184,683,482,279,186,3,2,2,2,3,171,154,123,91,70,0.9999,0.9997,0.9995,0.9923,0.6726,1419,43,0.030303030303030304
Star Trek: First Contact,Star-Trek-First-Contact,1,568,345,269,251,314,3,5,6,4,4,136,90,73,71,86,0.9919,-0.961,-0.9956,-0.9559,0.9887,592,31,0.052364864864864864
Insomnia,Insomnia,1,683,384,371,263,258,2,2,2,2,2,137,109,112,84,88,-0.9991,0.9867,0.999,0.7106,0.9916,983,17,0.017293997965412006
Liar Liar,Liar-Liar,1,1129,302,191,260,196,2,1,0,3,2,165,102,69,86,67,0.9999,0.995,0.9536,0.9964,0.9979,1020,22,0.021568627450980392
The Flintstones,"Flintstones,-The",1,786,495,241,412,346,3,3,3,5,4,129,105,83,99,96,0.9998,0.9974,0.9602,0.9927,0.9374,693,20,0.02886002886002886
Blade,Blade,1,488,372,660,436,148,2,3,3,4,3,127,110,144,115,44,0.8179,-0.9818,0.9989,-0.9306,0.9828,726,36,0.049586776859504134
The Bounty Hunter,"Bounty-Hunter,-The",1,829,580,294,208,148,1,1,2,2,4,155,134,90,77,57,0.9989,0.9996,0.9642,0.9695,0.9651,1148,29,0.025261324041811847
Tin Cup,Tin-Cup,1,1173,621,572,363,355,3,4,3,3,3,155,125,116,93,89,0.9991,0.9962,0.9976,0.9867,0.9952,1099,44,0.040036396724294813
The Hitchhiker's Guide to the Galaxy,"Hitchhiker's-Guide-to-the-Galaxy,-The",1,603,465,419,322,560,2,2,2,4,12,137,126,124,93,106,0.9983,0.9938,0.9974,0.9974,0.999,935,50,0.053475935828877004
Cellular,Cellular,1,611,428,252,273,119,1,1,1,2,1,130,117,86,79,52,-0.9996,0.9984,0.8353,-0.9751,0.782,870,26,0.029885057471264367
Dune,Dune,0,556,301,252,242,242,3,2,2,4,3,137,89,87,78,85,-0.9979,-0.9177,-0.9846,0.9865,0.9531,580,26,0.04482758620689655
Revolutionary Road,Revolutionary-Road,1,669,499,300,144,163,2,2,3,1,4,145,138,87,61,56,-0.9272,0.9997,0.9906,0.9838,0.9682,961,31,0.03225806451612903
Frankenstein,Frankenstein,1,617,369,314,353,264,2,2,2,2,4,143,114,110,117,85,0.9654,0.9784,0.9994,-0.7157,0.9894,795,28,0.03522012578616352
Deep Rising,Deep-Rising,0,502,247,272,302,196,2,1,2,3,4,116,91,84,100,72,-0.9675,-0.9649,-0.9612,-0.9848,0.9842,512,23,0.044921875
Argo,Argo,1,656,450,444,224,264,3,4,4,2,3,132,103,102,71,83,0.3932,-0.8946,-0.963,-0.6148,0.7796,668,36,0.05389221556886228
The Fugitive,"Fugitive,-The",1,519,540,222,207,148,2,2,3,3,2,121,128,76,59,55,-0.927,-0.9537,0.8473,-0.4888,-0.9833,636,12,0.018867924528301886
The Mechanic,"Mechanic,-The",1,1129,1115,453,258,262,2,2,3,1,3,175,160,118,86,75,0.992,0.9987,0.9823,0.9733,-0.9832,1784,56,0.03139013452914798
Notting Hill,Notting-Hill,1,884,655,297,265,209,3,2,2,3,3,147,137,76,77,67,0.9999,0.9997,0.7719,-0.8323,0.9979,1072,30,0.027985074626865673
Red Riding Hood,Red-Riding-Hood,1,782,739,600,486,374,2,4,3,2,2,148,143,137,124,103,-0.9993,-0.9996,-0.9983,-0.9975,-0.9979,1496,60,0.040106951871657755
15 Minutes,15-Minutes,1,507,565,427,323,282,1,1,1,2,3,125,135,119,95,102,-0.9787,0.9965,-0.9988,0.9781,0.9741,1159,39,0.03364969801553063
Lord of War,Lord-of-War,1,1447,275,183,333,116,4,2,1,4,2,166,93,63,89,49,-0.9998,0.9967,0.6581,-0.9956,-0.956,1052,53,0.05038022813688213
The Proposal,"Proposal,-The",1,1220,1031,404,354,353,2,2,2,3,2,175,161,115,108,105,0.9999,0.9998,0.9884,0.9982,0.9994,2220,89,0.04009009009009009
American Hustle,American-Hustle,1,803,700,445,416,382,2,2,2,2,2,155,145,121,109,106,0.9998,0.9997,0.9997,-0.9986,0.9983,1748,62,0.03546910755148741
The Social Network,"Social-Network,-The",1,1085,902,705,447,421,3,3,3,4,4,154,156,135,109,103,0.9998,0.9996,0.9993,0.9969,-0.8197,1490,83,0.05570469798657718
He's Just Not That Into You,He's-Just-Not-That-Into-You,1,602,426,360,345,342,2,1,1,1,2,146,133,112,107,104,0.9999,0.9997,0.9992,0.9992,0.9966,1051,33,0.03139866793529972
Scream 3,Scream-3,1,565,299,295,376,565,3,2,2,3,3,131,95,95,105,131,-0.9918,0.9875,-0.9939,-0.9987,-0.9918,849,28,0.03297997644287397
The Talented Mr. Ripley,"Talented-Mr.-Ripley,-The",1,787,495,421,348,251,2,2,2,3,3,155,128,121,104,85,0.9994,0.9997,0.9971,-0.7126,0.8025,1238,35,0.02827140549273021
The Last of the Mohicans,"Last-of-the-Mohicans,-The",1,772,556,425,440,342,3,3,3,3,4,149,123,121,106,82,-0.9989,-0.996,-0.9653,0.9861,-0.9964,855,56,0.06549707602339182
JFK,JFK,1,2117,557,476,589,747,6,3,4,3,7,189,119,107,121,116,-0.9999,-0.9953,-0.9892,-0.9995,-0.9978,1720,160,0.09302325581395349
17 Again,17-Again,1,817,580,323,261,234,2,2,1,1,2,144,117,100,82,81,0.9998,0.9899,0.9949,0.9781,-0.9427,1111,35,0.0315031503150315
Unknown,Unknown,1,1130,697,560,414,358,2,2,3,2,3,162,145,121,107,87,0.9858,-0.9641,0.9925,0.9991,-0.9956,1648,26,0.015776699029126214
Gothika,Gothika,1,785,497,423,330,272,2,3,4,4,3,151,132,113,103,84,-0.999,0.9931,-0.9932,0.9356,-0.9988,936,45,0.04807692307692308
The Lincoln Lawyer,"Lincoln-Lawyer,-The",1,1385,584,418,396,354,2,2,4,2,4,192,141,117,125,93,0.9946,-0.9846,0.9278,0.9979,-0.9751,1601,69,0.043098063710181135
The Prestige,"Prestige,-The",1,731,576,615,333,258,2,2,3,2,4,152,135,128,110,85,0.9989,0.9965,0.9936,0.9836,0.9713,1146,50,0.04363001745200698
Autumn in New York,Autumn-in-New-York,1,782,750,332,285,257,2,2,2,2,2,148,151,97,87,78,0.9998,0.9998,0.956,0.9968,0.927,1259,35,0.02779984114376489
Paul,Paul,1,928,1224,753,544,426,2,3,2,2,2,144,148,131,123,106,0.9991,0.999,0.9994,0.9988,-0.9864,1935,63,0.03255813953488372
Colombiana,Colombiana,1,379,302,249,366,294,0,1,0,2,1,114,105,90,117,103,-0.6763,-0.9916,0.9968,-0.9949,-0.9858,830,12,0.014457831325301205
8MM,8MM,1,932,256,493,320,330,3,2,4,4,3,159,88,113,104,92,-0.992,-0.9969,0.9339,-0.989,0.9986,1057,38,0.03595080416272469
The Doors,"Doors,-The",0,1332,398,456,316,757,3,2,2,3,9,173,106,106,85,111,0.9996,0.998,0.9975,-0.9934,-0.951,1203,53,0.04405652535328346
Arthur,Arthur,1,1413,921,588,376,208,2,2,3,3,3,174,149,126,102,71,0.9993,0.9989,0.9982,0.9966,0.9949,1602,38,0.02372034956304619
The Other Boleyn Girl,"Other-Boleyn-Girl,-The",1,432,618,445,384,290,1,2,2,3,3,127,146,126,119,103,0.9986,0.998,0.9991,0.9993,0.9964,969,36,0.03715170278637771
Get Carter,Get-Carter,0,503,143,127,212,158,1,0,0,2,1,138,59,52,70,58,-0.8468,-0.9796,-0.9734,-0.9955,0.6301,681,12,0.01762114537444934
Amelia,Amelia,0,957,762,304,283,196,2,3,4,3,1,169,146,90,92,68,0.9999,0.9998,0.9971,0.962,0.965,1084,38,0.03505535055350553
Cirque du Freak: The Vampire's Assistant,Cirque-du-Freak-The-Vampire's-Assistant,0,950,936,761,280,333,2,2,2,2,2,156,167,145,98,90,-0.991,-0.9997,-0.9937,0.9786,-0.9515,1929,64,0.03317781233799896
New York Minute,New-York-Minute,0,643,631,203,166,166,2,2,2,2,1,142,132,69,56,56,0.9933,0.9989,0.9978,0.967,0.9455,923,31,0.03358613217768147
Pandorum,Pandorum,0,1375,940,627,596,578,4,3,3,3,4,166,147,122,133,112,-0.9999,-0.9994,-0.9888,0.9616,-0.993,1829,100,0.05467468562055768
The Hudsucker Proxy,"Hudsucker-Proxy,-The",0,976,593,583,217,238,4,5,4,3,4,157,121,115,65,70,0.9998,0.9984,0.9971,0.986,0.9942,772,40,0.05181347150259067
Frankenweenie,Frankenweenie,1,242,155,221,115,124,0,1,2,1,2,83,68,71,38,56,0.9798,0.9969,0.9939,0.993,0.6232,420,3,0.007142857142857143
Serenity,Serenity,1,1217,717,439,631,424,3,4,3,4,3,165,138,111,119,110,-0.999,-0.9987,-0.9775,-0.9989,-0.9934,1226,52,0.04241435562805873
The Ugly Truth,"Ugly-Truth,-The",1,934,980,243,248,152,2,2,1,3,3,159,165,71,78,53,0.9999,0.9995,0.9992,0.9867,0.9378,1358,43,0.03166421207658321
Star Trek: Generations,Star-Trek-Generations,1,540,345,385,334,347,3,3,6,3,4,141,104,85,94,107,0.995,-0.897,0.5787,-0.9938,-0.8731,651,23,0.03533026113671275
Water for Elephants,Water-for-Elephants,1,1088,1068,758,372,334,3,4,3,2,4,167,151,153,97,96,0.9996,0.9999,0.9999,0.8595,0.9936,1719,78,0.04537521815008726
Enough,Enough,1,903,739,381,405,362,2,2,2,2,2,152,158,99,116,112,0.9996,0.9938,0.9967,-0.9882,0.9988,1141,24,0.021034180543382998
Rush,Rush,1,680,641,270,205,190,2,2,3,2,3,159,161,86,78,68,-0.9684,0.9917,0.9879,0.9865,0.9731,891,30,0.03367003367003367
Angel Eyes,Angel-Eyes,0,759,496,194,196,153,1,1,1,1,3,154,135,81,69,53,0.9994,-0.9981,0.989,-0.9783,0.9008,1469,32,0.021783526208304968
The Thing,"Thing,-The",0,601,316,287,257,230,1,1,2,2,2,137,98,90,89,72,-0.9924,-0.9993,-0.9813,0.9179,-0.9838,736,34,0.04619565217391304
White Squall,White-Squall,0,755,393,309,353,408,2,1,2,3,7,147,116,92,92,89,0.9993,-0.9501,-0.9141,0.9955,0.9971,901,21,0.023307436182019976
The Master,"Master,-The",1,742,1362,250,186,244,1,3,2,3,2,148,198,89,67,80,0.9998,0.9998,-0.788,-0.9641,0.7824,1464,63,0.0430327868852459
Twilight,Twilight,1,1118,1013,379,288,358,2,3,2,3,3,170,158,104,79,98,0.9994,-0.9574,0.9915,0.9914,-0.9594,1530,33,0.021568627450980392
Burn After Reading,Burn-After-Reading,1,473,532,468,301,217,2,2,3,2,2,107,125,116,98,83,0.9935,0.8614,0.7954,0.9822,-0.4312,1005,27,0.026865671641791045
Magnolia,Magnolia,1,517,388,754,357,310,3,2,3,2,4,134,110,153,103,85,0.9964,-0.9074,-0.9986,0.9986,0.9605,838,26,0.031026252983293555
Hot Tub Time Machine,Hot-Tub-Time-Machine,1,1038,965,640,496,278,2,2,2,2,3,174,167,137,123,85,0.9995,-0.992,0.9998,-0.9904,0.984,1713,53,0.030939871570344425
Breakdown,Breakdown,1,481,485,229,204,231,1,2,1,1,2,112,104,75,62,75,-0.9966,-0.992,-0.5234,-0.973,-0.9663,814,23,0.028255528255528257
Reindeer Games,Reindeer-Games,0,781,580,415,407,238,2,2,1,3,2,144,126,119,108,72,-0.9825,0.9984,0.9989,0.6917,0.929,1258,29,0.023052464228934817
Gattaca,Gattaca,0,406,400,341,227,291,2,2,3,2,5,119,121,104,83,84,-0.9749,0.9626,-0.9928,0.9324,-0.9159,593,26,0.04384485666104553
It,It,1,433,378,247,310,256,1,2,1,1,2,123,96,88,100,85,-0.9964,-0.869,-0.8905,-0.9942,-0.9948,751,19,0.02529960053262317
The Hangover,"Hangover,-The",1,815,597,504,214,202,2,2,1,2,3,147,134,126,78,68,0.9998,0.9994,0.9995,0.9991,0.9965,1106,37,0.03345388788426763
The Blind Side,"Blind-Side,-The",1,996,474,499,439,265,2,2,2,3,5,160,119,130,111,78,0.9998,0.9987,0.9979,-0.9945,0.7589,1196,34,0.028428093645484948
Batman,Batman,1,410,402,438,336,175,1,2,2,2,2,122,110,124,113,71,0.9652,0.999,0.9987,0.9939,0.9495,839,20,0.023837902264600714
Rush Hour,Rush-Hour,1,779,494,321,201,242,3,4,4,4,5,132,103,78,69,74,-0.9992,-0.9746,-0.977,-0.9812,0.9868,584,19,0.032534246575342464
Horrible Bosses,Horrible-Bosses,1,844,772,763,496,380,2,2,2,2,2,155,150,149,119,95,-0.9998,-0.9982,-0.9983,-0.9984,-0.9909,1729,44,0.025448235974551765
Saving Mr. Banks,Saving-Mr.-Banks,1,817,632,446,241,225,3,2,3,2,1,147,132,110,72,72,0.9993,0.9996,0.9993,0.996,0.995,1090,31,0.028440366972477066
Star Trek: The Motion Picture,Star-Trek-The-Motion-Picture,1,1039,630,698,369,287,5,6,6,7,8,165,125,139,101,70,0.9889,0.9981,0.996,0.699,-0.8899,916,69,0.07532751091703056
This is 40,This-is-40,1,721,835,414,289,244,1,1,2,1,1,143,159,117,95,88,0.9932,0.9998,0.999,-0.9993,0.998,1659,36,0.0216998191681736
L.A. Confidential,L.A.-Confidential,1,628,481,440,621,413,2,1,2,4,3,129,133,105,121,100,-0.9982,-0.9994,-0.4877,-0.989,0.9974,1243,41,0.03298471440064361
The Cell,"Cell,-The",1,382,565,378,258,277,1,3,4,2,5,110,140,103,85,86,0.9991,0.9899,0.9734,-0.9007,0.8447,768,32,0.041666666666666664
TMNT,TMNT,1,401,304,289,336,307,2,2,1,3,3,106,90,96,99,88,0.9986,0.9969,0.9925,0.9675,0.9816,495,19,0.03838383838383838
Malcolm X,Malcolm-X,1,1216,447,317,337,323,3,2,3,6,5,177,116,102,93,77,0.9928,-0.5679,0.9831,0.9965,-0.9512,1095,47,0.042922374429223746
Donnie Brasco,Donnie-Brasco,1,823,751,431,361,273,2,2,2,2,2,156,144,123,106,78,-0.9876,-0.8431,0.9964,-0.9608,0.9565,1262,44,0.03486529318541997
Max Payne,Max-Payne,1,286,482,192,182,169,2,3,2,3,6,97,125,75,66,39,0.815,0.7001,-0.7746,-0.563,-0.9244,392,15,0.03826530612244898
The Ladykillers,"Ladykillers,-The",1,1429,547,368,144,128,7,3,3,4,3,151,124,88,46,43,1.0,0.9984,-0.9995,0.9755,-0.9878,732,37,0.050546448087431695
The Back-up Plan,"Back-up-Plan,-The",1,739,575,272,248,250,1,1,1,2,3,149,135,94,85,90,0.9997,0.9998,0.9742,0.5059,0.9985,1387,45,0.032444124008651765
The Pianist,"Pianist,-The",1,342,275,167,201,198,1,2,2,2,3,105,86,61,68,67,0.999,-0.8601,0.974,-0.9572,0.9682,456,24,0.05263157894736842
Mirrors,Mirrors,1,510,351,330,298,160,2,1,4,4,4,139,120,104,97,67,0.998,-0.9728,-0.9886,0.9673,-0.8345,637,23,0.03610675039246468
Queen of the Damned,Queen-of-the-Damned,0,528,479,390,220,239,2,2,3,2,3,138,123,107,83,88,0.9998,0.9996,0.8411,0.9915,0.9975,834,31,0.03717026378896882
Flash Gordon,Flash-Gordon,0,372,267,362,280,295,2,1,3,2,3,107,85,100,83,96,0.9973,-0.7436,0.9793,0.9944,-0.9874,460,18,0.0391304347826087
Heist,Heist,0,639,361,445,368,420,1,1,2,1,2,131,108,104,108,112,0.9983,0.9988,-0.9695,-0.9787,0.9924,1052,49,0.04657794676806084
Wonder Boys,Wonder-Boys,0,976,592,507,331,263,1,2,2,2,2,167,138,127,107,88,0.9997,-0.9731,0.9988,0.9843,0.9918,1685,38,0.022551928783382788
The Shipping News,"Shipping-News,-The",0,930,534,451,384,360,1,1,2,4,2,175,129,108,97,88,0.9997,0.9991,0.9928,0.854,0.9957,1285,36,0.02801556420233463
Whiteout,Whiteout,0,620,421,428,226,151,1,3,2,1,1,133,111,113,75,71,-0.9995,0.9872,-0.9609,-0.9408,-0.8398,797,39,0.04893350062735257
A Few Good Men,A-Few-Good-Men,1,1289,657,594,609,411,4,4,5,4,3,168,136,130,124,114,0.976,0.9985,-0.9905,-0.8723,-0.8966,1721,109,0.06333527019174898
Bridesmaids,Bridesmaids,1,1341,580,731,463,339,2,2,3,2,3,172,120,134,113,91,1.0,0.9997,0.9999,0.9939,0.9851,2118,53,0.02502360717658168
The Reader,"Reader,-The",1,556,279,295,198,238,2,0,3,2,2,132,99,95,76,86,0.9987,-0.9457,-0.9948,0.4513,0.9942,744,27,0.036290322580645164
Source Code,Source-Code,1,1241,862,746,569,262,2,4,2,3,4,186,159,147,137,75,-0.9999,0.9969,-0.9983,-0.9732,-0.9834,2343,82,0.034997865983781476
Apocalypse Now,Apocalypse-Now,1,911,423,303,270,320,3,2,3,2,2,154,95,85,78,92,-0.9976,-0.9842,-0.9988,-0.9932,-0.9952,839,36,0.04290822407628129
42,42,1,1077,640,453,420,278,3,2,1,2,3,163,142,113,108,84,0.9999,0.9975,0.9992,0.9968,0.8908,1354,41,0.030280649926144758
Flight,Flight,1,1023,420,460,430,401,2,1,2,3,8,160,105,103,104,98,0.9994,0.9978,0.9987,-0.9971,-0.9876,1281,45,0.0351288056206089
The Hunt for Red October,"Hunt-for-Red-October,-The",1,783,706,489,496,288,4,4,3,5,3,134,131,112,96,86,-0.9972,0.9087,-0.9921,-0.9837,0.5191,976,40,0.040983606557377046
The Addams Family,"Addams-Family,-The",1,313,288,158,173,124,2,3,2,2,2,85,90,60,71,45,0.8239,-0.774,0.9861,0.848,-0.8225,344,10,0.029069767441860465
Analyze This,Analyze-This,1,875,749,371,295,228,2,2,2,2,2,155,144,96,97,89,0.998,-0.9982,-0.9649,0.9651,-0.981,1683,56,0.033273915626856804
Se7en,Se7en,1,930,763,279,301,246,3,2,2,3,3,157,144,92,102,85,-0.9995,-0.9986,0.9947,-0.994,-0.9645,1367,60,0.043891733723482075
Up in the Air,Up-in-the-Air,1,1126,640,437,306,204,2,3,2,2,2,160,130,115,89,72,0.9997,0.9996,0.999,0.9976,0.9884,1384,46,0.033236994219653176
Looper,Looper,1,949,679,584,376,363,2,1,2,2,2,155,131,128,81,99,-0.9995,-0.9986,-0.7336,-0.998,-0.9951,1425,31,0.02175438596491228
Midnight in Paris,Midnight-in-Paris,1,902,524,402,327,330,4,3,3,4,5,155,112,107,101,92,1.0,0.9995,0.9994,0.998,0.9957,839,40,0.04767580452920143
Blow,Blow,1,929,453,259,167,207,2,2,2,1,2,158,124,85,63,74,0.9999,0.9976,-0.9735,0.997,0.989,1436,31,0.02158774373259053
Sicario,Sicario,1,477,502,483,311,179,1,2,2,1,4,130,143,113,105,63,0.9985,-0.9959,0.994,-0.9529,-0.7212,892,34,0.03811659192825112
Black Rain,Black-Rain,1,714,433,381,245,288,1,2,2,1,2,140,99,105,76,79,0.9971,-0.9812,-0.9597,-0.9701,-0.9938,900,36,0.04
John Wick,John-Wick,1,325,282,101,107,133,0,3,0,1,3,98,78,40,42,51,0.9995,-0.5477,-0.9897,0.9544,0.9193,360,9,0.025
Hanna,Hanna,1,869,699,630,410,290,3,2,3,2,3,148,133,122,113,85,0.5422,-0.9963,-0.5974,0.9916,-0.9551,1309,42,0.03208556149732621
Larry Crowne,Larry-Crowne,1,662,752,423,231,284,1,2,2,2,2,125,140,98,71,89,0.9976,0.9942,0.9972,0.8686,0.9948,1111,29,0.026102610261026102
Carrie,Carrie,1,256,254,237,291,201,1,0,1,1,1,90,89,86,101,74,0.9899,0.9954,-0.9935,0.991,-0.9979,723,19,0.02627939142461964
Get on Up,Get-on-Up,1,926,336,288,182,215,1,1,0,1,3,158,97,86,64,71,0.9999,0.9463,0.9947,0.6402,0.7843,1197,36,0.03007518796992481
Virtuosity,Virtuosity,0,628,570,314,206,299,3,3,3,3,5,135,136,103,78,87,-0.9997,-0.9916,-0.9458,-0.8998,-0.9184,687,33,0.048034934497816595
The Next Three Days,"Next-Three-Days,-The",1,540,345,254,107,113,1,1,4,1,3,135,118,74,48,46,0.9987,0.8638,0.6933,0.9796,-0.9662,713,12,0.016830294530154277
Fright Night,Fright-Night,1,1044,503,611,599,478,2,1,2,2,2,177,117,148,126,111,-0.9992,-0.9893,-0.9983,-0.9992,-0.9962,1945,45,0.02313624678663239
Eight Legged Freaks,Eight-Legged-Freaks,1,391,340,325,190,300,1,1,2,0,2,112,109,104,70,89,0.785,-0.9662,-0.9922,0.8568,-0.9792,699,17,0.024320457796852647
Antitrust,Antitrust,0,793,527,338,312,224,2,3,2,2,6,148,130,107,94,66,0.9995,0.9953,0.7715,0.9147,0.9238,1041,35,0.03362151777137368
The Imaginarium of Doctor Parnassus,"Imaginarium-of-Doctor-Parnassus,-The",1,355,540,398,296,294,1,2,2,2,2,106,133,100,101,94,-0.9608,0.9995,-0.9692,0.9956,-0.9392,962,36,0.037422037422037424
Machine Gun Preacher,Machine-Gun-Preacher,0,802,358,295,273,167,1,2,1,1,1,142,117,93,76,60,0.9949,-0.9468,0.9822,0.9973,0.9933,856,43,0.05023364485981308
12 Monkeys,12-Monkeys,1,570,592,564,154,183,1,2,3,1,5,135,135,127,57,64,0.9935,0.6695,-0.9972,0.9486,-0.9636,1140,54,0.04736842105263158
Confessions of a Dangerous Mind,Confessions-of-a-Dangerous-Mind,1,1009,387,436,223,279,2,2,3,4,4,164,113,102,77,86,0.9998,0.9963,0.9921,0.8169,0.9831,1233,42,0.0340632603406326
Mumford,Mumford,0,946,474,473,307,295,3,2,3,3,3,164,125,127,103,96,0.9996,0.9993,0.9958,-0.951,0.536,1174,55,0.046848381601362864
The Jacket,"Jacket,-The",0,661,369,365,409,319,1,1,2,2,2,143,115,113,108,101,-0.9996,-0.9987,0.9967,0.9551,-0.9501,1157,40,0.03457216940363008
Indiana Jones and the Temple of Doom,Indiana-Jones-and-the-Temple-of-Doom,1,734,502,200,248,118,2,1,1,5,3,132,118,62,83,46,-0.9974,0.9937,0.9783,-0.9054,-0.9296,794,38,0.04785894206549118
Straight Outta Compton,Straight-Outta-Compton,1,571,581,606,473,257,1,2,2,3,1,124,132,121,121,99,-0.9991,-0.9993,0.9987,-0.9848,-0.9969,1253,45,0.035913806863527534
Die Hard,Die-Hard,1,614,542,355,244,243,2,3,2,2,3,126,119,98,83,78,0.9115,0.8916,-0.9956,0.9903,-0.9027,704,21,0.029829545454545456
30 Minutes or Less,30-Minutes-or-Less,1,916,861,733,299,213,1,2,2,1,2,161,148,147,86,72,-0.9999,-0.9992,-0.9976,-0.9881,0.9895,1769,51,0.02882984737139627
Blade Runner,Blade-Runner,1,652,318,265,268,224,2,2,2,4,4,132,110,87,78,71,0.9973,0.9984,0.8263,0.9968,0.7754,676,37,0.05473372781065089
We Own the Night,We-Own-the-Night,1,609,363,350,346,318,2,3,3,2,3,142,100,105,89,91,0.9983,0.9968,0.9963,0.9952,0.9637,926,42,0.04535637149028078
Kundun,Kundun,0,666,307,172,189,163,3,5,1,3,4,138,80,76,71,58,0.9994,-0.9852,-0.8711,-0.9303,0.9946,604,37,0.061258278145695365
How to Lose Friends & Alienate People,How-to-Lose-Friends-&-Alienate-People,0,1324,656,497,420,299,2,3,3,3,4,180,139,120,108,86,1.0,0.9993,0.9993,0.985,0.9946,1631,48,0.029429797670141016
Knocked Up,Knocked-Up,1,1026,662,470,436,318,1,1,1,1,1,153,132,137,112,94,0.9999,1.0,0.9967,0.9997,0.9963,2562,49,0.01912568306010929
Anonymous,Anonymous,0,536,427,514,388,322,3,2,4,2,4,123,118,134,103,97,0.997,0.9975,0.9975,0.9881,-0.9889,720,40,0.05555555555555555
Limitless,Limitless,1,1160,265,404,278,230,3,1,4,2,2,166,92,95,91,81,0.999,-0.9451,-0.9899,0.9906,0.9885,990,32,0.03232323232323232
Lake Placid,Lake-Placid,1,548,426,425,538,196,2,1,2,3,3,129,118,122,122,65,0.9936,0.9724,-0.9944,0.995,-0.8313,952,52,0.0546218487394958
Dark City,Dark-City,1,331,476,340,188,255,1,2,3,2,5,109,122,109,69,48,-0.9629,0.9986,0.9692,-0.9104,-0.9793,713,17,0.023842917251051893
Case 39,Case-39,1,606,368,304,293,250,1,1,3,3,2,133,116,94,96,87,0.9989,0.997,-0.9979,-0.9744,0.5993,883,25,0.028312570781426953
Suspect Zero,Suspect-Zero,0,522,623,233,337,115,2,2,1,3,2,127,144,81,94,44,-0.997,0.9871,0.9394,-0.9697,0.9259,919,32,0.03482045701849837
Shakespeare in Love,Shakespeare-in-Love,1,718,381,315,330,223,2,2,2,3,3,139,114,97,95,88,0.9999,0.999,0.9976,0.9956,0.9984,808,40,0.04950495049504951
Pineapple Express,Pineapple-Express,1,756,811,368,145,171,1,1,1,1,2,145,154,106,63,69,-0.9667,-0.9998,-0.999,-0.9665,-0.9703,1560,40,0.02564102564102564
Philadelphia,Philadelphia,1,800,880,385,254,254,3,4,4,4,4,153,155,104,80,86,0.9999,0.9994,0.9962,0.9223,0.9815,1098,72,0.06557377049180328
Final Destination 2,Final-Destination-2,1,491,360,407,190,223,2,2,2,2,2,126,100,117,68,70,-0.9997,-0.9991,-0.9992,0.9029,-0.9896,686,28,0.04081632653061224
Legion,Legion,1,400,340,254,251,287,2,1,1,1,1,108,110,87,89,104,-0.9968,0.9918,-0.965,-0.9975,0.9142,629,28,0.04451510333863275
Blood and Wine,Blood-and-Wine,0,1057,791,551,557,493,2,2,1,2,2,150,133,128,124,108,0.999,-0.9248,-0.9967,-0.8788,-0.9489,1639,45,0.027455765710799267
The Help,"Help,-The",1,589,646,582,596,433,2,2,2,3,2,135,124,120,127,123,0.9994,0.9996,0.584,0.9977,0.9945,1421,53,0.03729767769176636
Gran Torino,Gran-Torino,1,1430,453,456,332,325,2,1,2,2,1,168,113,114,105,89,-0.9965,-0.933,0.9562,-0.9969,0.9917,1842,55,0.02985884907709012
Schindler's List,Schindler's-List,1,744,361,250,117,94,2,2,3,1,3,161,104,82,56,39,0.9996,0.9923,-0.9184,0.9382,0.4204,806,41,0.05086848635235732
Freddy vs. Jason,Freddy-vs.-Jason,1,430,441,405,256,300,1,3,2,1,2,123,124,111,89,91,-0.959,-0.991,-0.9987,-0.9966,0.8987,763,18,0.023591087811271297
No Country for Old Men,No-Country-for-Old-Men,1,411,502,424,191,213,1,1,2,1,3,101,123,115,68,77,0.9963,0.9764,0.9596,-0.9838,-0.9933,765,20,0.026143790849673203
No Strings Attached,No-Strings-Attached,1,1320,1117,188,286,189,2,2,1,2,2,164,159,58,85,64,0.9999,0.9992,0.982,-0.9681,0.8763,1597,39,0.024420788979336257
Tombstone,Tombstone,1,763,478,341,271,251,1,2,1,3,1,170,129,100,82,91,0.9938,0.9983,0.9952,0.8161,0.9015,1049,22,0.020972354623450904
Scarface,Scarface,1,529,267,81,123,112,2,3,2,4,2,115,69,33,44,36,0.9878,0.8408,0.4361,-0.9785,-0.6189,394,7,0.017766497461928935
August: Osage County,August-Osage-County,1,789,906,355,326,354,2,3,2,3,3,154,157,109,106,107,-0.9989,0.9957,-0.9084,0.9968,0.7341,1311,44,0.033562166285278416
Cradle 2 the Grave,Cradle-2-the-Grave,1,400,191,364,317,206,1,0,2,3,3,111,69,98,81,75,-0.9917,-0.984,0.8611,-0.926,-0.9292,657,10,0.015220700152207
The Shawshank Redemption,"Shawshank-Redemption,-The",1,1150,761,469,271,311,3,2,2,2,2,162,139,111,80,87,0.9734,0.9997,0.9972,-0.9976,-0.7089,1266,49,0.038704581358609796
The Losers,"Losers,-The",1,524,629,475,384,368,1,4,2,2,2,126,118,121,91,107,-0.9854,-0.9949,-0.998,-0.9958,-0.9867,896,37,0.041294642857142856
The Ruins,"Ruins,-The",0,1347,786,801,688,319,3,2,2,2,4,185,146,141,140,70,-0.9999,-0.9989,-0.9991,-0.9899,-0.9637,2488,67,0.026929260450160773
The Box,"Box,-The",1,840,733,456,356,227,2,3,4,3,3,147,133,106,91,69,0.9972,0.997,0.9896,0.965,-0.8758,1112,42,0.03776978417266187
Warrior,Warrior,0,475,318,504,362,340,1,1,4,1,4,123,91,105,105,81,0.9992,-0.9757,-0.9938,0.9935,0.9544,886,36,0.040632054176072234
Deception,Deception,0,1504,759,333,234,236,3,3,4,4,6,184,140,83,76,69,0.9998,0.9989,-0.9945,0.9849,0.9932,1413,50,0.035385704175513094
Scream 2,Scream-2,1,349,353,351,312,305,2,2,3,2,2,93,91,101,90,90,-0.9936,-0.9977,-0.996,-0.9739,-0.9355,698,32,0.045845272206303724
I Still Know What You Did Last Summer,I-Still-Know-What-You-Did-Last-Summer,1,429,424,358,357,202,1,1,2,1,1,117,110,93,104,71,-0.9963,0.9989,-0.9917,0.9936,0.9325,852,21,0.02464788732394366
The Men Who Stare at Goats,"Men-Who-Stare-at-Goats,-The",1,899,684,335,295,193,3,2,3,4,3,151,128,90,82,73,0.9941,-0.9986,0.9978,0.9721,-0.8366,1022,54,0.05283757338551859
Bad Boys,Bad-Boys,1,736,738,505,268,251,1,2,1,2,2,140,141,131,80,81,0.9984,-0.9995,-0.9753,-0.9857,0.9177,1384,27,0.019508670520231215
Final Destination,Final-Destination,1,352,283,167,118,123,1,2,1,3,3,116,101,71,57,54,-0.6178,-0.9627,-0.5456,-0.8765,-0.8999,349,11,0.03151862464183381
The Ides of March,"Ides-of-March,-The",1,717,290,514,414,253,2,2,3,3,2,140,96,126,118,85,0.9994,-0.9932,0.9962,0.9907,0.9933,923,29,0.0314192849404117
Pitch Black,Pitch-Black,1,511,561,508,233,223,1,2,2,3,3,136,135,133,92,80,-0.9982,-0.9917,0.6923,0.9978,0.7983,849,17,0.020023557126030624
Her,Her,1,723,730,356,156,145,2,2,2,2,6,143,149,104,60,41,1.0,1.0,0.9984,0.9926,0.9942,1415,40,0.028268551236749116
Ghost,Ghost,1,597,541,439,446,516,1,1,1,1,4,124,126,120,113,87,-0.897,-0.9926,-0.984,0.9959,-0.9878,1667,39,0.023395320935812838
Gandhi,Gandhi,1,1028,340,229,301,208,3,3,3,5,4,168,96,82,86,76,0.9911,-0.9976,0.965,-0.914,-0.5672,793,59,0.07440100882723834
Jay and Silent Bob Strike Back,Jay-and-Silent-Bob-Strike-Back,1,893,316,447,323,389,3,2,4,2,5,152,97,113,105,101,-1.0,-0.8859,0.9789,-0.9954,-0.9985,999,34,0.03403403403403404
Silver Linings Playbook,Silver-Linings-Playbook,1,939,655,314,207,269,2,2,2,0,2,165,135,93,70,81,1.0,0.9992,0.9858,0.764,0.9904,1888,41,0.021716101694915255
Death at a Funeral,Death-at-a-Funeral,1,734,430,477,460,338,2,2,2,2,2,142,116,116,123,100,0.9852,-0.9395,-0.9973,-0.9881,0.9954,1405,46,0.032740213523131674
Pet Sematary,Pet-Sematary,1,591,583,307,319,109,1,2,2,1,1,141,140,95,94,49,-0.9554,0.9979,0.9933,-0.9821,-0.9772,999,46,0.04604604604604605
Tinker Tailor Soldier Spy,Tinker-Tailor-Soldier-Spy,1,570,297,275,232,238,3,1,2,2,5,144,92,86,82,75,0.9973,-0.9798,0.798,0.9793,-0.9924,614,28,0.04560260586319218
eXistenZ,eXistenZ,0,1109,1163,472,458,370,3,4,5,6,4,166,163,105,108,111,-0.9994,0.9988,0.9859,0.9989,0.9875,1516,90,0.059366754617414245
La La Land,La-La-Land,1,508,524,202,155,74,2,1,2,2,1,124,126,75,61,28,0.9837,0.9996,0.9945,0.8149,0.9212,725,26,0.03586206896551724
Jaws 2,Jaws-2,1,602,259,236,226,376,1,1,1,1,6,140,88,81,78,100,-0.9974,0.7423,-0.8964,0.8938,0.9848,788,24,0.030456852791878174
The Descendants,"Descendants,-The",1,976,434,307,340,213,2,1,1,1,2,171,126,99,104,85,1.0,-0.998,0.9829,0.7827,0.9785,1524,35,0.022965879265091863
Disturbia,Disturbia,1,717,467,348,259,364,2,2,2,3,3,145,129,99,86,98,-0.9971,0.9755,0.9511,0.9851,0.987,782,32,0.04092071611253197
Obsessed,Obsessed,1,633,485,429,261,213,2,1,2,3,2,144,128,120,92,70,0.7236,0.9992,0.997,0.9166,-0.4893,1030,31,0.030097087378640777
12 Years a Slave,12-Years-a-Slave,1,890,710,303,313,434,4,2,4,4,4,152,161,96,95,96,-0.6571,-0.9994,0.997,0.9943,-0.9963,962,58,0.060291060291060294
Edward Scissorhands,Edward-Scissorhands,1,495,212,255,284,268,1,0,0,2,2,129,91,94,90,87,0.9998,-0.9915,-0.9863,0.9967,0.9949,800,15,0.01875
Orphan,Orphan,1,979,834,1039,263,414,3,2,3,3,5,151,150,159,87,92,0.9984,0.9997,0.9037,0.9906,-0.9763,1498,49,0.03271028037383177
The American,"American,-The",1,688,316,275,425,379,2,2,2,3,2,137,99,89,117,102,-0.9961,0.9986,0.9822,0.999,-0.9933,990,23,0.023232323232323233
Eternal Sunshine of the Spotless Mind,Eternal-Sunshine-of-the-Spotless-Mind,1,591,830,365,233,264,1,1,2,2,3,133,152,107,75,93,0.9995,0.9992,0.9993,0.9972,0.9983,1617,45,0.027829313543599257
Babel,Babel,1,326,370,232,136,144,2,2,2,0,2,110,105,91,57,66,-0.9205,0.998,0.9595,-0.9903,0.501,518,15,0.02895752895752896
She's Out of My League,She's-Out-of-My-League,1,674,604,542,275,249,1,1,1,1,2,138,135,118,81,86,0.9998,-0.9896,0.9999,0.988,-0.9633,1421,34,0.023926812104152005
Milk,Milk,1,1557,435,436,419,234,3,2,3,2,1,195,111,117,105,86,0.9996,0.8413,0.9803,0.9832,-0.8907,1553,58,0.03734707018673535
The Debt,"Debt,-The",1,375,429,337,233,139,1,1,2,1,4,122,126,112,93,59,0.9642,0.9862,0.9968,0.5754,0.9641,796,30,0.03768844221105527
Ghost Ship,Ghost-Ship,1,743,407,474,392,81,2,1,2,2,7,145,120,118,98,23,0.9986,-0.9973,0.9653,-0.6322,0.885,1184,33,0.02787162162162162
Wild Things,Wild-Things,1,551,582,357,381,334,2,2,1,2,2,121,137,104,117,103,-0.9863,-0.9994,0.9689,-0.9935,-0.8315,1047,39,0.03724928366762178
High Fidelity,High-Fidelity,1,1501,557,596,218,195,3,2,3,2,2,175,145,125,72,67,0.9999,-0.9734,-0.9994,-0.7544,0.9921,1887,76,0.040275569687334395
From Dusk Till Dawn,From-Dusk-Till-Dawn,1,849,523,342,209,206,2,2,2,1,9,149,139,109,79,53,-0.9702,0.9965,0.9921,-0.9725,-0.9707,968,27,0.027892561983471075
Monte Carlo,Monte-Carlo,1,895,978,700,426,286,3,3,2,4,3,151,155,133,104,87,0.9998,0.9999,0.9997,0.9785,0.9934,1542,36,0.023346303501945526
Psycho,Psycho,1,506,560,373,321,296,2,2,2,2,2,127,137,115,102,96,-0.9944,0.8282,-0.6468,0.9772,0.9322,917,37,0.04034896401308615
Into the Wild,Into-the-Wild,1,779,356,563,310,264,2,2,6,3,2,153,107,114,91,86,0.9997,0.9979,-0.9944,0.9889,0.9653,812,38,0.046798029556650245
A Most Violent Year,A-Most-Violent-Year,0,800,390,371,253,175,2,1,2,3,3,156,126,123,100,79,0.9999,0.9992,-0.855,0.9968,0.7674,1250,35,0.028
A Scanner Darkly,A-Scanner-Darkly,0,782,734,529,428,473,2,4,2,2,3,158,148,122,116,125,-0.998,0.9663,0.9868,-0.9992,-0.9929,1180,66,0.05593220338983051
Alone in the Dark,Alone-in-the-Dark,0,315,255,258,241,198,2,3,2,4,4,103,91,84,88,65,0.9811,0.9721,-0.9793,-0.9208,-0.9608,426,24,0.056338028169014086
The Brothers Bloom,"Brothers-Bloom,-The",0,824,738,560,230,308,2,2,2,2,4,149,140,122,70,87,0.9986,0.9982,0.9814,0.9556,0.9496,1251,44,0.035171862509992005
"Synecdoche, New York","Synecdoche,-New-York",0,919,575,503,311,253,2,1,2,2,2,161,127,113,82,86,0.9993,0.9998,0.9947,0.9025,-0.9958,1713,34,0.0198482194979568
Dances with Wolves,Dances-with-Wolves,1,431,305,252,230,245,2,1,1,2,2,131,108,98,89,98,-0.965,0.9762,0.9974,0.9963,0.6931,566,38,0.06713780918727916
Bad Teacher,Bad-Teacher,1,1309,602,354,387,344,3,3,2,4,3,169,121,94,97,93,0.9999,0.9986,0.9993,0.9993,0.9964,1508,30,0.01989389920424403
The Shining,"Shining,-The",1,565,428,351,438,190,2,1,3,5,2,133,118,101,110,74,0.9922,0.9996,0.9977,0.9987,0.9431,926,26,0.028077753779697623
Adaptation,Adaptation,1,919,803,609,518,319,3,4,4,3,5,150,141,122,116,71,0.9999,-0.9266,0.9993,0.9998,0.9823,1556,52,0.033419023136246784
The Invention of Lying,"Invention-of-Lying,-The",1,895,466,264,169,146,2,3,1,3,6,159,131,92,58,37,0.9999,0.9981,0.8263,-0.8798,0.8737,1146,40,0.034904013961605584
Fear and Loathing in Las Vegas,Fear-and-Loathing-in-Las-Vegas,0,1489,841,205,118,99,4,2,3,2,3,176,149,72,51,45,-0.9999,-0.9998,0.8745,-0.9713,0.7795,1305,56,0.04291187739463601
The Mask,"Mask,-The",1,893,586,590,527,370,2,3,3,3,3,147,128,117,113,88,0.9975,0.9994,0.9922,0.9989,0.9929,1143,38,0.033245844269466314
Legally Blonde,Legally-Blonde,1,948,270,250,226,175,3,2,3,3,3,170,90,93,81,59,0.9999,0.9914,0.7242,0.9569,0.5733,795,29,0.03647798742138365
Bad Santa,Bad-Santa,1,585,443,225,267,186,1,2,1,2,2,127,125,80,74,65,-0.9984,-0.999,0.9963,-0.9899,0.9817,788,16,0.02030456852791878
Predator,Predator,1,331,386,235,162,138,1,2,3,2,4,94,115,75,64,53,-0.9929,-0.9967,-0.8872,-0.8949,0.8976,414,17,0.04106280193236715
Amadeus,Amadeus,1,831,557,378,339,712,2,2,1,2,4,155,137,119,110,154,0.9998,0.9999,0.9976,0.9998,0.9993,1979,43,0.021728145528044467
Prom Night,Prom-Night,1,515,362,317,198,216,2,3,3,3,2,112,88,89,62,56,0.9955,-0.9965,0.7872,0.9788,-0.9793,530,8,0.01509433962264151
Peggy Sue Got Married,Peggy-Sue-Got-Married,1,958,607,446,315,259,2,2,3,3,5,152,132,115,91,74,0.9999,0.9998,0.9985,0.9873,0.9965,1428,41,0.028711484593837534
Observe and Report,Observe-and-Report,1,1191,320,377,278,256,3,1,3,3,2,165,91,97,95,90,1.0,0.9965,0.9958,-0.9734,0.9953,1378,63,0.045718432510885344
Raging Bull,Raging-Bull,1,1244,634,378,218,207,2,2,1,3,6,174,137,108,84,48,0.9998,-0.9985,-0.9994,0.9678,0.9934,1731,51,0.029462738301559793
127 Hours,127-Hours,1,747,121,106,100,93,3,2,1,3,5,135,45,45,46,38,0.9969,0.9414,0.9624,0.8098,-0.5093,371,14,0.03773584905660377
Youth in Revolt,Youth-in-Revolt,1,1177,642,291,315,209,3,3,2,1,2,164,130,88,99,67,0.9999,0.9993,-0.976,0.9858,0.9636,1252,61,0.048722044728434506
The Ice Storm,"Ice-Storm,-The",0,647,424,315,362,227,3,2,1,3,3,130,118,108,96,71,0.9987,0.9965,0.7165,0.939,-0.8781,731,22,0.030095759233926128
The Last Station,"Last-Station,-The",0,441,583,541,480,239,2,2,2,4,1,110,136,140,123,90,0.9991,0.9998,0.9985,0.9996,-0.9798,1157,37,0.03197925669835782
Dragonslayer,Dragonslayer,0,502,391,343,261,246,2,1,2,2,2,118,115,99,91,92,0.9514,-0.9934,0.9728,0.9967,0.9958,776,36,0.04639175257731959
Ed Wood,Ed-Wood,0,1189,567,302,315,273,2,2,2,3,3,170,131,87,95,82,0.9999,0.9737,-0.9591,-0.9372,0.9897,1605,38,0.02367601246105919
RocknRolla,RocknRolla,1,180,401,629,362,476,1,2,3,2,3,1,111,127,101,113,-0.3818,0.9926,-0.9912,-0.964,0.9979,769,36,0.04681404421326398
The Salton Sea,"Salton-Sea,-The",0,919,254,294,250,212,2,0,2,2,6,152,78,85,81,51,0.9982,0.8909,-0.9971,-0.9879,-0.9569,941,23,0.024442082890541977
Superbad,Superbad,1,802,559,397,341,304,1,1,1,1,1,153,128,109,107,86,-0.9999,-0.9971,0.9477,0.9718,-0.9981,1447,40,0.027643400138217002
Hotel Rwanda,Hotel-Rwanda,1,827,233,216,269,192,2,0,2,4,4,154,84,84,80,57,0.9998,0.7266,0.9924,0.9867,-0.908,1061,27,0.02544769085768143
Aliens,Aliens,1,605,297,293,359,285,2,1,2,4,4,136,93,82,101,82,0.9773,0.9826,-0.6549,0.9965,-0.815,852,31,0.036384976525821594
Sideways,Sideways,1,1008,902,366,197,186,2,2,2,2,2,159,152,112,67,69,0.9999,0.9999,0.9995,-0.8216,0.9908,1890,66,0.03492063492063492
Friday the 13th,Friday-the-13th,1,249,208,237,241,214,1,1,1,2,1,86,75,68,77,69,-0.8116,0.6416,0.8296,0.9933,0.9946,409,10,0.02444987775061125
Evil Dead,Evil-Dead,1,319,282,182,190,223,1,1,2,1,7,101,91,75,70,63,0.9935,-0.9978,0.9958,0.9437,-0.9697,410,8,0.01951219512195122
The Hills Have Eyes,"Hills-Have-Eyes,-The",1,553,554,425,345,370,2,3,3,3,3,126,131,108,100,95,0.5344,-0.9693,0.9943,-0.9105,-0.7175,759,32,0.04216073781291173
Smokin' Aces,Smokin'-Aces,1,439,445,355,607,432,4,3,3,8,5,111,112,98,112,93,-0.9916,-0.9957,-0.9969,-0.9976,-0.974,511,43,0.08414872798434442
My Girl,My-Girl,1,569,527,515,286,139,2,3,3,1,4,128,115,120,95,50,0.999,0.9966,0.9997,0.9938,0.9811,876,34,0.03881278538812785
Wall Street,Wall-Street,1,1128,1262,391,429,318,3,4,3,4,3,152,162,110,105,81,0.9999,0.9997,0.9982,0.9111,-0.9585,1260,53,0.04206349206349207
Sense and Sensibility,Sense-and-Sensibility,1,616,596,387,463,379,4,3,3,4,4,147,139,113,116,112,0.9998,0.9998,0.9997,0.9993,0.9992,951,43,0.0452155625657203
Dead Poets Society,Dead-Poets-Society,1,552,754,414,284,304,2,3,1,1,3,127,146,111,99,94,0.9938,0.9997,0.9965,0.9961,0.7082,1150,39,0.03391304347826087
The Verdict,"Verdict,-The",1,808,435,555,493,300,2,2,4,3,3,149,110,86,125,88,0.9994,0.9456,-0.9966,0.9987,0.9861,1327,72,0.05425772418990203
Moonrise Kingdom,Moonrise-Kingdom,1,482,448,387,385,218,1,2,2,3,7,122,118,111,90,51,0.9987,0.9939,0.9574,-0.8875,0.7961,798,37,0.046365914786967416
The Roommate,"Roommate,-The",1,1063,927,415,352,346,2,2,2,2,2,166,157,105,96,95,0.9999,0.9995,0.9983,0.9836,0.9983,2088,46,0.022030651340996167
Remember Me,Remember-Me,1,623,504,446,228,203,2,1,2,2,2,139,118,117,74,73,0.9989,0.9989,0.9962,0.8747,0.9978,980,24,0.024489795918367346
Jennifer's Body,Jennifer's-Body,1,730,721,433,246,151,2,2,2,2,2,131,136,116,76,54,-0.9976,-0.9897,-0.9878,0.9919,0.9837,1134,44,0.03880070546737213
Highlander,Highlander,0,531,503,307,381,288,2,2,1,2,3,133,131,104,104,93,0.9472,-0.9881,-0.9946,0.9944,-0.9543,832,43,0.051682692307692304
Detroit Rock City,Detroit-Rock-City,0,731,425,468,403,241,2,2,2,2,3,139,114,104,98,73,0.9708,-0.9673,-0.9955,-0.8923,0.9953,840,28,0.03333333333333333
Slither,Slither,0,403,416,293,177,172,2,1,1,2,1,105,122,84,58,55,-0.9969,0.9981,0.9912,-0.9929,-0.8293,633,23,0.036334913112164295
The King's Speech,"King's-Speech,-The",1,956,954,424,452,319,3,3,5,5,3,168,162,98,105,93,-0.9993,0.9946,-0.954,0.9866,0.9963,1373,85,0.061908230152949745
American Beauty,American-Beauty,1,710,411,308,464,337,2,2,1,2,1,145,112,104,124,99,0.9995,0.9783,-0.6341,0.9993,0.9902,1105,19,0.017194570135746608
"Crouching Tiger, Hidden Dragon","Crouching-Tiger,-Hidden-Dragon",1,476,394,389,276,227,2,1,2,1,3,132,106,117,90,75,0.9979,0.9963,-0.974,0.99,0.9785,719,22,0.030598052851182198
Twins,Twins,1,940,731,231,232,282,3,3,2,2,3,145,149,84,76,86,0.9999,0.9994,0.9956,0.9914,0.9283,904,42,0.046460176991150445
Scream,Scream,1,413,378,424,355,347,1,2,2,3,3,127,104,123,103,102,-0.998,-0.9991,0.9324,-0.9967,-0.9934,800,34,0.0425
The Queen,"Queen,-The",1,673,538,257,294,249,3,3,2,5,3,156,136,86,74,89,0.9996,0.9983,-0.9461,0.9704,0.8233,724,34,0.04696132596685083
The Deer Hunter,"Deer-Hunter,-The",1,404,277,267,156,179,0,0,0,0,0,132,92,99,55,72,0.9987,-0.9936,-0.9745,0.7608,0.9974,1068,24,0.02247191011235955
When a Stranger Calls,When-a-Stranger-Calls,1,272,370,258,161,164,1,2,2,1,2,97,110,83,67,75,0.9957,-0.9559,0.9903,0.9808,0.9794,553,21,0.0379746835443038
Wag the Dog,Wag-the-Dog,1,1035,820,539,197,256,3,2,2,3,7,162,154,126,68,88,-0.9993,0.9975,0.9663,0.9606,0.9664,1213,48,0.03957131079967024
The Theory of Everything,"Theory-of-Everything,-The",1,507,579,218,252,283,2,4,2,3,4,139,132,74,77,86,0.9989,0.9979,0.9703,0.9789,0.9943,790,16,0.020253164556962026
Drive,Drive,1,538,675,476,501,495,3,4,4,4,5,132,140,117,119,116,0.9965,0.9936,0.9982,0.9977,0.9861,884,38,0.042986425339366516
Malibu's Most Wanted,Malibu's-Most-Wanted,1,756,419,329,314,345,2,2,1,3,3,126,107,99,94,91,0.9513,-0.9482,-0.995,0.9946,0.9819,877,30,0.03420752565564424
All About Steve,All-About-Steve,1,1544,879,497,292,228,3,4,2,3,2,167,144,112,90,69,0.9999,0.9981,-0.9894,0.9676,-0.8701,1535,44,0.028664495114006514
The Princess Bride,"Princess-Bride,-The",1,404,417,360,382,368,3,3,3,3,4,108,116,109,120,107,0.9696,0.9367,0.9957,-0.9978,-0.9975,661,37,0.05597579425113464
Love and Basketball,Love-and-Basketball,1,602,531,334,329,217,1,1,2,2,3,126,131,97,89,71,0.9993,0.9985,0.9989,0.9932,0.8939,1033,26,0.02516940948693127
Boogie Nights,Boogie-Nights,1,407,416,233,183,191,-1,0,0,0,0,119,116,87,61,64,0.9997,0.9998,0.9994,0.9752,0.9886,1352,13,0.009615384615384616
The Big Lebowski,"Big-Lebowski,-The",1,788,744,314,275,156,2,3,4,2,4,152,147,95,103,61,-0.9995,-0.9997,0.9976,-0.99,0.9668,1265,39,0.0308300395256917
The Hurt Locker,"Hurt-Locker,-The",1,787,552,423,176,154,1,1,2,1,3,143,126,105,59,36,0.9998,-0.9978,-0.9992,-0.9486,0.897,1076,31,0.028810408921933085
Confidence,Confidence,0,978,414,314,332,324,2,2,2,2,3,167,118,93,91,90,0.9977,0.997,0.9356,0.9945,0.9952,1235,51,0.04129554655870445
Black Snake Moan,Black-Snake-Moan,0,857,469,308,238,214,1,1,1,1,1,148,119,91,73,71,0.9997,0.9474,0.9959,-0.827,-0.9975,1204,29,0.02408637873754153
Mulholland Drive,Mulholland-Drive,1,479,238,160,277,210,1,1,0,3,3,124,80,71,85,79,0.9982,0.9962,0.957,0.9947,0.9454,661,14,0.02118003025718608
Groundhog Day,Groundhog-Day,1,1222,570,93,172,73,2,1,1,1,7,179,144,38,57,27,0.9999,0.9997,0.987,0.9614,0.9922,1226,23,0.018760195758564437
Pretty Woman,Pretty-Woman,1,724,686,418,259,182,1,2,2,0,3,149,148,128,83,64,0.9999,0.9998,0.99,0.9928,0.9471,1375,38,0.027636363636363636
Slumdog Millionaire,Slumdog-Millionaire,1,616,638,346,204,274,2,3,1,1,3,135,142,105,73,87,0.9993,0.9998,-0.982,0.9635,-0.9867,1142,27,0.023642732049036778
The Iron Lady,"Iron-Lady,-The",1,868,401,244,115,108,3,2,3,5,10,152,113,79,52,25,0.9997,0.9971,0.9953,0.9864,-0.7777,640,21,0.0328125
Jason X,Jason-X,1,405,433,344,284,271,1,2,1,1,1,123,116,99,79,83,-0.956,0.9917,-0.9923,-0.9768,-0.9988,905,25,0.027624309392265192
Margaret,Margaret,0,1243,648,504,360,366,3,2,3,3,5,176,142,133,101,105,1.0,0.9993,0.9993,0.9972,-0.9918,2020,75,0.03712871287128713
Black Swan,Black-Swan,1,611,689,440,430,126,2,3,2,2,3,128,132,106,113,32,0.9941,0.9994,0.9973,0.9914,0.8213,1142,24,0.021015761821366025
Save the Last Dance,Save-the-Last-Dance,1,564,610,385,375,294,1,1,1,1,1,138,141,105,107,99,0.9962,0.9994,0.9894,0.9975,-0.9742,1343,37,0.027550260610573342
The Butterfly Effect,"Butterfly-Effect,-The",1,740,425,264,234,159,2,2,1,1,1,146,119,95,80,60,-0.9989,0.916,0.9981,0.959,-0.958,972,22,0.02263374485596708
10 Things I Hate About You,10-Things-I-Hate-About-You,1,625,480,438,332,434,3,1,2,2,3,140,116,121,99,109,-0.9984,-0.9949,0.997,0.9953,0.9974,906,32,0.03532008830022075
Being John Malkovich,Being-John-Malkovich,1,596,473,463,547,338,2,2,2,3,2,134,125,112,129,99,0.9998,0.9989,0.9997,0.9997,0.9982,1278,29,0.02269170579029734
The Perks of Being a Wallflower,"Perks-of-Being-a-Wallflower,-The",1,664,542,408,300,208,2,2,1,1,2,148,120,111,85,70,0.9999,0.9995,0.9996,0.9812,0.9987,1119,19,0.016979445933869526
Room,Room,1,730,505,232,192,139,1,1,0,1,0,150,134,92,73,56,0.9998,0.9981,0.9983,0.8221,0.9219,1138,18,0.015817223198594025
Serial Mom,Serial-Mom,0,535,227,248,206,113,3,1,2,2,1,119,72,75,61,46,0.9964,-0.9406,0.5182,-0.9889,0.8722,516,12,0.023255813953488372
Birthday Girl,Birthday-Girl,0,481,321,366,117,152,1,0,2,0,7,129,111,104,56,41,0.9986,0.9876,0.9926,0.9056,0.9641,919,9,0.009793253536452665
Machete,Machete,1,386,190,373,231,162,2,0,2,3,3,101,66,107,82,61,-0.9941,0.8827,-0.9907,-0.9938,0.9618,517,18,0.03481624758220503
Jaws,Jaws,1,559,815,687,321,211,2,2,3,5,1,124,136,127,92,72,0.8606,-0.998,0.9357,0.9689,0.9831,982,30,0.03054989816700611
The Fault in Our Stars,"Fault-in-Our-Stars,-The",1,927,773,275,276,315,2,2,1,3,4,159,154,81,93,91,0.9998,0.9999,0.8862,0.9849,0.9842,1352,25,0.01849112426035503
American Pie,American-Pie,1,477,428,399,221,251,1,1,2,1,2,122,99,100,77,68,0.9995,0.9985,0.9968,0.9988,-0.9968,875,33,0.037714285714285714
Star Trek II: The Wrath of Khan,Star-Trek-II-The-Wrath-of-Khan,1,728,413,337,424,350,3,5,3,4,4,156,105,104,119,99,0.4914,0.999,0.9938,0.9918,0.9959,794,43,0.05415617128463476
Witness,Witness,1,618,455,301,206,258,2,1,2,1,6,138,130,93,88,55,0.9804,0.9955,-0.9731,0.952,-0.9742,799,15,0.01877346683354193
Chronicle,Chronicle,1,476,581,393,135,59,2,2,2,1,2,119,131,108,53,24,-0.999,0.9989,0.9946,0.9647,0.95,663,25,0.03770739064856712
Jackie Brown,Jackie-Brown,1,792,983,663,358,380,2,3,2,1,3,153,158,143,100,109,0.9931,-0.9999,0.9978,-0.8858,0.9537,2025,84,0.04148148148148148
Crank,Crank,1,491,180,171,243,172,1,0,2,3,3,120,78,52,68,67,0.9988,0.8397,-0.9973,0.9662,0.9775,600,9,0.015
Stir of Echoes,Stir-of-Echoes,1,936,640,456,421,298,2,2,3,2,3,158,146,115,104,104,0.9591,0.986,0.9984,-0.9972,0.8038,1322,43,0.03252647503782148
Rachel Getting Married,Rachel-Getting-Married,1,836,597,377,260,262,3,3,2,2,3,149,143,108,94,92,0.9998,-0.9868,-0.834,0.9989,0.999,1131,28,0.02475685234305924
Arbitrage,Arbitrage,1,829,298,374,361,277,2,1,2,2,2,159,96,101,109,83,0.9999,0.896,0.9886,0.997,-0.8962,1174,27,0.022998296422487224
Gremlins,Gremlins,1,951,271,263,249,278,2,2,2,2,3,147,76,76,77,74,-0.9975,0.9747,0.9879,0.7042,-0.9575,969,33,0.034055727554179564
The Fighter,"Fighter,-The",1,733,1092,570,475,269,3,4,3,2,3,137,165,117,118,74,0.9932,0.9971,0.8529,-0.978,-0.9949,1219,53,0.043478260869565216
Major League,Major-League,1,743,563,338,445,406,2,3,2,4,3,138,128,94,97,109,0.9969,0.9956,0.996,0.9979,-0.9885,893,48,0.05375139977603583
Phone Booth,Phone-Booth,1,940,989,318,230,152,2,3,2,3,1,162,159,101,77,54,-0.9989,0.997,-0.9773,0.5181,-0.9899,1594,60,0.037641154328732745
Cruel Intentions,Cruel-Intentions,1,838,661,387,215,185,2,2,1,0,1,155,143,113,72,66,0.9996,0.9961,0.9985,-0.7989,0.9414,1417,33,0.02328863796753705
Barry Lyndon,Barry-Lyndon,1,2161,412,349,367,354,8,5,5,5,5,185,112,107,108,96,1.0,0.9606,0.9996,0.9971,0.9972,954,126,0.1320754716981132
Army of Darkness,Army-of-Darkness,1,594,151,156,142,86,2,1,4,2,3,126,70,62,52,31,-0.9974,-0.9932,-0.9886,-0.9123,-0.8793,397,16,0.04030226700251889
Alien,Alien,1,708,566,360,409,373,2,2,2,4,3,142,132,105,106,84,0.9987,0.9828,-0.71,-0.9558,0.9214,1062,48,0.04519774011299435
2001: A Space Odyssey,2001-A-Space-Odyssey,1,305,504,317,346,508,4,5,4,4,9,88,119,93,88,99,0.9497,0.9994,0.9974,0.9948,0.9955,511,54,0.10567514677103718
Good Will Hunting,Good-Will-Hunting,1,1012,711,618,546,420,2,2,3,3,2,153,141,145,132,115,0.9996,0.9986,0.9994,0.9952,0.9978,1636,61,0.03728606356968215
The Grudge,"Grudge,-The",1,308,173,159,224,168,2,1,1,3,3,107,65,61,74,75,0.9781,-0.69,0.6799,-0.99,-0.7545,379,12,0.0316622691292876
The Best Exotic Marigold Hotel,"Best-Exotic-Marigold-Hotel,-The",1,743,636,528,459,488,3,4,3,2,2,154,140,141,125,122,0.9998,0.9998,0.9991,0.9962,0.9995,1270,40,0.031496062992125984
St. Elmo's Fire,St.-Elmo's-Fire,1,589,654,713,533,601,4,3,4,3,3,131,132,128,119,127,0.9995,0.9422,0.9384,0.9936,0.9968,1112,39,0.03507194244604316
Commando,Commando,1,575,410,151,163,130,3,3,3,3,3,122,104,53,52,55,-0.9984,-0.9724,0.3167,-0.9496,-0.9045,443,13,0.029345372460496615
Snatch,Snatch,1,361,401,298,356,389,1,2,1,2,2,106,105,95,99,110,-0.9946,-0.9961,-0.9908,0.8484,0.5864,644,31,0.04813664596273292
Mud,Mud,1,785,858,667,388,301,1,2,1,2,2,145,143,129,95,91,0.9997,0.9315,-0.9963,-0.9041,0.9736,1796,59,0.03285077951002227
My Week with Marilyn,My-Week-with-Marilyn,1,768,771,753,379,323,3,2,4,3,4,144,148,140,96,97,0.9996,0.9999,0.9999,0.8879,0.9989,1372,48,0.03498542274052478
Big Eyes,Big-Eyes,1,1251,761,177,177,143,2,2,0,4,5,167,145,69,69,38,0.9999,0.9995,0.9786,0.8624,-0.4706,1290,44,0.034108527131782945
Drop Dead Gorgeous,Drop-Dead-Gorgeous,1,532,527,261,311,241,2,3,1,3,2,113,110,84,78,69,0.999,0.9993,0.9971,0.9981,-0.9295,626,25,0.039936102236421724
Very Bad Things,Very-Bad-Things,1,590,750,370,428,433,1,2,1,2,2,131,145,113,111,114,0.9932,0.9866,0.9968,-0.9988,-0.9926,1468,57,0.0388283378746594
Cedar Rapids,Cedar-Rapids,0,992,649,525,471,533,2,2,2,2,4,154,124,114,111,115,1.0,-0.9989,0.9986,0.9965,0.9998,1641,37,0.02254722730042657
Crash,Crash,0,321,297,370,251,116,2,3,5,4,3,113,89,93,80,48,-0.9123,0.9602,-0.9752,0.389,0.8181,413,22,0.053268765133171914
The Limey,"Limey,-The",0,973,549,406,405,316,2,3,2,2,2,170,133,116,118,91,0.9988,0.9495,-0.9259,-0.9841,-0.7759,1197,50,0.04177109440267335
Bamboozled,Bamboozled,0,943,457,538,627,277,3,2,3,3,2,157,112,118,114,85,-0.9887,0.9879,0.8878,0.9962,-0.9632,1168,66,0.05650684931506849
Cecil B. Demented,Cecil-B.-Demented,0,904,728,280,231,211,6,5,4,4,8,119,121,76,66,51,-0.9993,-0.9959,-0.9695,-0.9446,-0.5083,568,42,0.07394366197183098
Coriolanus,Coriolanus,0,780,625,616,492,365,4,4,4,5,4,153,142,145,118,103,0.9981,0.9996,0.9265,-0.991,-0.9963,823,43,0.05224787363304982
Amour,Amour,1,793,383,300,187,124,2,1,2,3,2,144,115,101,66,51,0.9998,0.9996,0.8113,0.9841,-0.7326,909,38,0.041804180418041806
Next Friday,Next-Friday,1,434,300,354,150,131,1,0,1,1,1,100,88,89,59,55,0.9991,-0.5036,-0.9946,-0.981,0.9606,658,18,0.02735562310030395
Election,Election,1,876,725,459,314,206,3,4,3,3,3,160,153,121,97,71,0.9999,0.9998,0.9999,-0.9077,0.994,1105,45,0.04072398190045249
Pulp Fiction,Pulp-Fiction,1,670,778,448,415,415,2,3,2,3,3,137,133,113,106,103,-0.9677,-0.9861,0.9944,-0.9908,0.9986,1193,39,0.03269069572506287
Easy A,Easy-A,1,1378,354,254,253,214,3,2,2,3,2,172,103,86,81,77,0.9998,0.9756,0.8907,0.994,0.9669,1175,46,0.03914893617021276
The Good Girl,"Good-Girl,-The",1,713,395,300,276,230,2,1,1,3,1,141,100,96,80,74,-0.9983,0.9949,0.9955,0.5968,0.9947,924,39,0.04220779220779221
An Education,An-Education,1,702,594,460,247,269,1,2,2,2,4,157,142,129,87,89,0.9997,0.9993,0.9987,0.9796,0.7277,1377,26,0.01888162672476398
Extract,Extract,1,923,426,340,322,381,2,1,2,2,3,157,113,103,96,106,-0.9957,0.9986,0.981,0.9969,0.952,1431,44,0.030747728860936407
Juno,Juno,1,1158,457,308,278,300,3,2,2,1,2,163,112,97,86,92,1.0,0.9989,0.9962,0.9983,0.9959,1187,39,0.03285593934288121
The Piano,"Piano,-The",1,377,302,285,237,172,1,1,2,2,2,116,91,92,87,59,0.9995,-0.9822,-0.9259,0.982,0.7277,510,23,0.045098039215686274
Capote,Capote,1,881,475,287,190,201,3,2,1,2,2,163,126,103,72,71,0.9992,-0.9958,0.9895,0.9952,0.5543,896,43,0.04799107142857143
Logan's Run,Logan's-Run,1,501,327,238,228,143,1,1,2,3,1,143,119,93,82,59,0.9953,-0.9946,0.9963,0.9861,0.9739,813,21,0.025830258302583026
Fargo,Fargo,1,498,389,404,222,202,2,2,2,2,2,115,98,102,79,72,0.9993,0.999,0.9947,0.946,-0.895,837,31,0.037037037037037035
Silver Bullet,Silver-Bullet,1,347,534,450,270,203,1,3,3,3,2,103,117,118,82,75,0.9967,0.9713,0.978,0.8813,-0.7222,655,16,0.024427480916030534
A Serious Man,A-Serious-Man,1,1281,336,377,242,204,3,3,3,4,4,172,81,94,66,69,0.9998,-0.9843,0.9928,0.9546,0.9837,1349,26,0.01927353595255745
Get Low,Get-Low,1,840,704,498,455,364,2,2,2,2,2,145,130,111,117,106,0.9875,0.9994,0.9877,-0.6321,0.9992,1367,40,0.029261155815654718
Hesher,Hesher,0,379,539,248,312,302,0,2,0,1,2,105,120,90,94,96,-0.9986,-0.9997,0.9491,0.9791,0.9995,993,28,0.028197381671701913
The Boondock Saints,"Boondock-Saints,-The",0,766,479,453,398,192,3,1,1,1,2,147,123,112,110,63,-0.997,-0.9968,-0.9998,0.8531,-0.921,1099,46,0.04185623293903549
Shame,Shame,1,425,451,300,213,107,0,1,0,1,2,116,109,94,70,29,0.9827,0.9998,-0.9878,0.9933,0.9892,885,13,0.014689265536723164
The Damned United,"Damned-United,-The",0,1127,387,286,190,203,3,1,4,2,5,178,115,100,85,77,1.0,0.9905,0.9985,-0.9841,0.9451,1151,55,0.04778453518679409
Ordinary People,Ordinary-People,1,585,522,511,379,379,0,1,1,1,1,129,140,128,115,115,0.9998,0.9997,0.9975,0.9965,0.9965,2109,34,0.016121384542437174
The Wrestler,"Wrestler,-The",1,729,359,214,91,125,1,1,1,1,4,144,100,73,35,30,0.9984,0.9975,-0.9915,0.952,-0.7149,980,24,0.024489795918367346
The Wild Bunch,"Wild-Bunch,-The",0,964,464,399,408,436,4,3,2,3,3,166,120,71,108,122,0.9819,-0.6179,-0.9992,-0.9966,-0.6627,697,21,0.03012912482065997
The Sting,"Sting,-The",1,520,527,362,279,134,2,2,1,2,5,125,114,100,81,29,-0.9558,-0.9956,0.9928,0.9657,-0.3365,714,15,0.02100840336134454
Ghost World,Ghost-World,1,919,476,611,334,206,2,2,3,6,2,149,121,132,97,73,0.9988,-0.9919,0.9999,0.9993,-0.9453,1243,29,0.02333065164923572
Get Out,Get-Out,1,511,354,351,438,373,0,1,2,2,4,120,108,94,106,95,0.9987,0.996,-0.9982,0.9982,0.9897,1017,24,0.02359882005899705
The Big Sick,"Big-Sick,-The",1,982,514,471,384,229,2,2,2,2,3,159,134,120,106,79,0.9999,0.9997,0.9974,-0.9949,0.9798,1570,44,0.02802547770700637
Dallas Buyers Club,Dallas-Buyers-Club,1,1009,363,291,162,175,2,3,1,5,9,152,107,86,53,51,-0.9994,-0.5741,0.9976,-0.658,0.9872,874,28,0.032036613272311214
The Elephant Man,"Elephant-Man,-The",1,801,424,432,258,242,3,2,4,2,4,157,111,115,94,56,0.9999,0.9999,0.9986,0.795,-0.9439,1010,53,0.05247524752475247
Memento,Memento,1,762,452,386,139,77,2,2,2,1,1,149,133,114,58,35,-0.9991,-0.9355,-0.7635,-0.8372,-0.7545,1124,33,0.029359430604982206
Friday the 13th Part VIII: Jason Takes Manhattan,Friday-the-13th-Part-VIII-Jason-Takes-Manhattan,1,419,430,305,308,250,4,3,3,3,3,105,109,93,102,72,-0.9982,-0.9968,-0.7391,0.9908,0.9873,490,14,0.02857142857142857
Lone Star,Lone-Star,1,636,485,327,396,409,3,4,4,5,4,123,130,110,106,111,0.9873,0.9955,0.9247,-0.6777,0.9823,664,38,0.0572289156626506
April Fool's Day,April-Fool's-Day,1,622,494,602,524,501,2,2,2,3,2,127,122,133,124,121,-0.8431,0.9987,-0.9981,0.9986,-0.9916,1203,61,0.05070656691604322
Diner,Diner,1,633,645,559,290,261,1,2,2,2,1,126,124,116,81,76,0.9974,0.9964,0.9972,0.9939,0.9956,912,19,0.020833333333333332
Sunshine Cleaning,Sunshine-Cleaning,1,597,515,457,176,214,2,1,2,1,1,126,133,110,68,80,0.9995,0.9825,0.9894,0.9932,0.9829,1032,35,0.03391472868217054
Moon,Moon,1,415,496,344,507,124,1,2,4,3,4,121,134,107,119,45,0.9844,0.9986,0.3311,0.9904,0.9782,874,34,0.038901601830663615
The Sweet Hereafter,"Sweet-Hereafter,-The",1,748,590,449,296,256,3,3,3,2,1,152,140,117,97,98,0.9982,0.9948,0.9229,0.7927,0.986,985,36,0.03654822335025381
Light Sleeper,Light-Sleeper,0,673,481,269,226,173,1,2,2,1,2,137,116,88,77,64,0.9988,0.922,-0.7947,0.9928,-0.9916,1118,17,0.01520572450805009
Sling Blade,Sling-Blade,1,718,535,687,361,431,2,1,2,1,2,126,126,133,105,117,0.9997,0.9195,-0.9077,0.9952,0.9993,1534,51,0.033246414602346806
Only God Forgives,Only-God-Forgives,0,343,352,324,175,145,0,2,2,1,3,123,114,105,77,50,-0.9589,-0.9891,0.9977,-0.9746,-0.9138,627,29,0.046251993620414676
Take Shelter,Take-Shelter,1,556,385,179,105,156,1,1,0,0,2,121,97,56,42,59,0.9998,0.9974,0.651,0.5803,-0.8799,898,16,0.017817371937639197
Fast Times at Ridgemont High,Fast-Times-at-Ridgemont-High,1,443,369,345,356,333,1,1,1,2,2,121,107,98,105,103,0.9995,0.999,0.9979,0.9924,0.9944,985,15,0.015228426395939087
Bound,Bound,1,540,467,459,212,123,1,1,1,2,1,135,120,132,75,57,0.9996,-0.9998,0.9962,-0.6984,-0.9853,1291,23,0.017815646785437646
After.Life,After.Life,0,523,338,303,162,146,2,0,0,1,3,140,110,98,69,44,0.8592,0.9992,0.9983,-0.9609,0.9661,1083,19,0.017543859649122806
One Flew Over the Cuckoo's Nest,One-Flew-Over-the-Cuckoo's-Nest,1,915,437,309,229,201,2,4,4,3,3,141,127,95,39,64,0.999,0.9995,0.9695,-0.6969,0.9906,957,24,0.025078369905956112
Lost in Translation,Lost-in-Translation,1,317,374,154,104,163,1,1,2,1,3,102,102,60,41,64,0.9996,0.9987,0.9535,0.9913,0.8626,449,10,0.022271714922048998
Annie Hall,Annie-Hall,1,1516,743,260,173,209,3,1,2,3,4,162,137,84,55,65,1.0,0.9999,0.9847,0.9947,0.3476,1735,37,0.02132564841498559
Boyhood,Boyhood,1,702,818,690,450,365,1,1,2,1,1,147,146,140,114,103,0.9999,1.0,0.9998,0.9998,0.998,2137,45,0.02105755732335049
The Kids Are All Right,"Kids-Are-All-Right,-The",1,519,457,566,290,240,2,1,2,1,0,128,119,132,95,88,0.9996,0.9998,0.9956,0.9941,0.9676,1153,30,0.026019080659150044
The Visitor,"Visitor,-The",1,470,448,327,274,119,1,0,1,1,1,123,121,106,97,58,0.9999,0.9997,0.9998,0.9973,0.9651,1412,23,0.016288951841359773
The Cooler,"Cooler,-The",1,523,579,426,230,254,2,2,1,2,4,125,125,121,68,81,0.9956,-0.9912,0.9989,0.9936,0.9957,935,34,0.03636363636363636
Four Rooms,Four-Rooms,1,664,392,493,300,295,2,3,4,2,3,137,108,116,97,87,-0.9985,0.988,0.9994,0.9964,0.994,950,21,0.022105263157894735
Midnight Cowboy,Midnight-Cowboy,1,621,569,184,220,158,2,2,2,2,2,129,129,65,74,54,-0.7246,-0.9949,0.9851,0.9532,-0.9388,731,19,0.025991792065663474
Gods and Monsters,Gods-and-Monsters,1,1204,564,318,210,193,2,1,1,2,2,170,142,101,78,81,0.9999,0.9994,0.9912,0.9715,0.8797,1651,39,0.023622047244094488
Margin Call,Margin-Call,1,503,418,513,405,286,2,3,3,3,2,133,112,131,109,102,0.9444,0.9971,0.9606,0.9913,0.8576,846,46,0.054373522458628844
Beginners,Beginners,1,673,371,343,122,108,1,1,1,0,2,141,107,100,47,44,0.9997,0.9995,0.9938,0.9546,0.9852,871,22,0.02525832376578645
Feast,Feast,0,463,398,240,233,196,1,1,1,2,5,126,93,75,77,34,-0.9912,0.9964,0.9718,0.9276,0.9271,596,25,0.04194630872483222
It's a Wonderful Life,It's-a-Wonderful-Life,1,1018,341,662,451,392,1,1,5,3,5,165,104,107,117,78,0.9999,0.9994,0.9965,0.9851,-0.9803,1778,60,0.03374578177727784
Trainspotting,Trainspotting,1,1013,435,282,289,245,4,3,2,2,2,153,117,95,87,84,0.9941,0.9971,0.997,-0.9982,0.6029,779,39,0.05006418485237484
Basquiat,Basquiat,0,603,205,468,220,216,1,1,3,1,3,131,75,112,69,74,0.9987,0.9697,0.9762,-0.9696,0.7962,828,21,0.025362318840579712
The Wizard of Oz,"Wizard-of-Oz,-The",1,512,400,373,347,359,1,1,1,1,5,137,118,107,96,95,0.9935,0.9991,0.8245,0.9424,0.999,1039,24,0.023099133782483156
Garden State,Garden-State,1,1092,715,597,343,298,2,2,2,2,3,163,145,128,109,82,0.9999,0.9997,0.9131,0.9709,0.99,1782,61,0.03423120089786756
The French Connection,"French-Connection,-The",1,498,429,330,189,194,1,2,3,2,6,109,102,76,63,58,-0.997,-0.7774,0.9844,0.9651,-0.8644,511,24,0.046966731898238745
Mad Max 2: The Road Warrior,Mad-Max-2-The-Road-Warrior,1,405,548,366,167,186,2,3,2,4,3,99,99,86,42,48,0.9782,-0.6793,-0.8615,-0.9308,0.2422,477,18,0.03773584905660377
American Splendor,American-Splendor,1,814,444,555,223,179,2,4,5,3,4,144,113,119,77,66,0.9924,-0.9749,0.9929,0.9926,0.9919,872,42,0.0481651376146789
Buried,Buried,1,669,387,135,250,138,1,1,1,6,3,140,117,46,82,59,0.9989,0.9112,-0.9874,0.9797,0.8539,1200,53,0.04416666666666667
Beasts of the Southern Wild,Beasts-of-the-Southern-Wild,1,746,796,330,229,152,2,4,4,4,4,119,134,79,56,52,0.9844,-0.685,0.9947,0.975,0.9123,840,37,0.04404761904761905
I Spit on Your Grave,I-Spit-on-Your-Grave,0,842,836,790,481,436,3,3,3,3,2,147,141,149,113,97,-0.9958,-0.9993,-0.9978,-0.999,-0.9973,1489,58,0.03895231699126931
In the Bedroom,In-the-Bedroom,1,860,616,503,424,382,2,1,2,2,2,150,147,118,110,95,-0.9882,0.9886,-0.9879,0.9614,-0.3946,1233,29,0.023519870235198703
From Here to Eternity,From-Here-to-Eternity,1,639,775,481,404,481,2,2,2,2,4,138,147,127,115,78,0.975,0.9909,0.9985,0.9949,-0.9903,1281,50,0.039032006245121
Insidious,Insidious,1,534,466,429,266,196,1,1,3,3,4,136,130,122,90,69,-0.994,0.9989,0.9954,0.8762,0.9918,899,24,0.026696329254727477
Repo Man,Repo-Man,1,445,480,178,227,168,0,2,1,1,3,109,121,68,73,64,0.9971,-0.9971,-0.6846,-0.9822,0.8129,724,10,0.013812154696132596
Blood Simple,Blood-Simple,1,248,293,281,285,221,0,2,2,2,3,89,93,95,93,51,-0.9782,-0.9822,0.8572,-0.8031,-0.5574,513,18,0.03508771929824561
Killing Zoe,Killing-Zoe,0,576,327,289,222,186,1,1,1,1,3,147,102,92,72,67,-0.9996,0.992,0.8937,0.9912,-0.9045,1067,23,0.02155576382380506
The Believer,"Believer,-The",1,1026,300,196,361,177,3,2,2,5,3,164,107,76,84,65,-0.9997,0.6804,-0.724,-0.9846,-0.9897,881,40,0.04540295119182747
The Hebrew Hammer,"Hebrew-Hammer,-The",0,817,396,271,300,197,3,3,2,4,2,143,103,92,80,68,0.9998,0.9962,0.9984,0.9894,0.8827,790,26,0.03291139240506329
Dear White People,Dear-White-People,1,705,429,376,415,360,3,2,2,3,3,141,108,105,105,104,-0.9875,0.9966,0.9899,0.8801,0.9946,835,41,0.04910179640718563
Saw,Saw,1,818,692,281,408,463,3,3,2,3,4,136,127,85,98,100,0.9592,-0.9996,-0.9908,-0.969,-0.9996,1105,30,0.027149321266968326
Strangers on a Train,Strangers-on-a-Train,1,547,602,289,223,223,2,2,3,3,3,143,144,104,86,76,-0.9965,0.9985,-0.9802,0.9632,0.8845,874,26,0.029748283752860413
Reservoir Dogs,Reservoir-Dogs,1,538,456,469,319,213,3,2,3,4,4,118,118,115,92,69,-0.9989,-0.9607,-0.9978,-0.7984,-0.954,660,44,0.06666666666666667
The Rocky Horror Picture Show,"Rocky-Horror-Picture-Show,-The",1,614,384,339,210,273,3,2,2,4,5,131,112,100,67,91,0.9995,0.9991,0.9991,0.8033,0.9867,562,23,0.04092526690391459
Rocky,Rocky,1,716,481,237,341,368,2,2,1,2,4,129,104,78,82,85,0.9998,0.9977,0.97,0.9466,0.9857,867,32,0.03690888119953864
Taxi Driver,Taxi-Driver,1,744,371,235,270,258,1,2,1,1,3,140,106,81,80,69,0.9996,0.9921,0.9891,0.9876,0.3486,949,20,0.02107481559536354
Hellraiser,Hellraiser,1,286,239,234,247,194,0,0,-1,1,6,101,86,94,98,53,-0.9825,-0.99,0.9201,0.6074,0.1946,704,16,0.022727272727272728
Blue Valentine,Blue-Valentine,1,1066,986,313,285,215,1,2,2,3,1,158,143,90,74,66,0.9996,0.9994,-0.9675,0.9565,0.9472,1669,38,0.022768124625524265
The Sessions,"Sessions,-The",1,843,593,351,185,154,3,3,3,2,4,165,140,98,70,60,0.9999,0.9998,0.9963,0.9155,0.9529,993,32,0.032225579053373615
Martha Marcy May Marlene,Martha-Marcy-May-Marlene,1,386,441,275,250,171,0,1,1,2,2,114,123,95,91,67,0.9984,0.998,0.7065,0.9904,0.9745,911,24,0.026344676180021953
Frozen River,Frozen-River,1,586,414,160,137,112,1,1,1,3,3,139,116,66,56,45,-0.9979,-0.988,-0.9803,0.905,-0.9203,825,25,0.030303030303030304
The Battle of Shaker Heights,"Battle-of-Shaker-Heights,-The",0,859,545,219,247,167,2,2,1,1,1,152,133,84,89,55,-0.8535,0.999,0.9699,-0.6997,0.9548,1084,28,0.025830258302583026
Fruitvale Station,Fruitvale-Station,1,507,299,297,120,139,0,1,1,1,1,125,97,104,47,53,-0.8571,-0.9277,0.9995,-0.9846,0.974,674,19,0.028189910979228485
American Graffiti,American-Graffiti,1,388,514,485,313,293,1,2,2,1,1,112,118,116,98,90,0.9995,0.9984,-0.987,0.9913,0.9925,993,19,0.019133937562940583
Brick,Brick,1,891,416,334,302,226,1,1,1,1,1,148,116,101,95,79,0.9998,0.9896,0.9973,0.971,-0.9845,1172,47,0.04010238907849829
It Happened One Night,It-Happened-One-Night,1,1893,1245,939,472,385,3,3,3,3,2,181,168,156,104,104,0.9999,0.9998,0.9993,0.9919,0.9977,2796,131,0.046852646638054364
Chasing Amy,Chasing-Amy,1,938,1032,792,546,290,2,3,3,4,2,159,163,139,118,92,0.9994,0.9776,-0.9983,-0.9864,-0.9965,1683,85,0.050505050505050504
Pi,Pi,1,651,272,367,339,217,2,2,3,3,3,129,103,97,95,72,-0.999,0.9966,-0.9941,0.9982,0.9415,884,28,0.03167420814479638
Clerks,Clerks,1,944,962,460,372,351,2,3,2,2,1,163,164,120,112,102,-0.9995,-0.9978,-0.9907,0.9861,-0.9932,1815,84,0.04628099173553719
