,Processed Title,Success,n_unique_words_char_1,n_unique_words_char_2,n_unique_words_char_3,n_unique_words_char_4,n_unique_words_char_5,FK_read_level_char_1,FK_read_level_char_2,FK_read_level_char_3,FK_read_level_char_4,FK_read_level_char_5,n_stop_words_char_1,n_stop_words_char_2,n_stop_words_char_3,n_stop_words_char_4,n_stop_words_char_5,n_curse_words_char_1,n_curse_words_char_2,n_curse_words_char_3,n_curse_words_char_4,n_curse_words_char_5,n_mentions_others_char_1,n_mentions_others_char_2,n_mentions_others_char_3,n_mentions_others_char_4,n_mentions_others_char_5,main_char_rel_diag_length
Avatar,Avatar,1,670,565,252,425,276,2,2,2,3,3,139,124,84,101,94,16,9,1,5,6,35,26,10,2,1,39.53723230463065
The Dark Knight Rises,"Dark-Knight-Rises,-The",1,531,514,505,417,434,2,2,3,2,2,130,117,121,107,121,0,2,0,0,0,34,36,5,26,19,23.705824512695926
The Avengers,"Avengers,-The",1,560,622,359,425,205,2,3,3,4,3,141,135,97,96,68,0,0,1,0,0,36,20,18,11,2,30.146046667785807
Pirates of the Caribbean: Dead Man's Chest,Pirates-of-the-Caribbean-Dead-Man's-Chest,1,629,373,285,379,281,2,1,1,1,4,132,114,98,103,86,0,0,0,0,0,20,8,2,1,2,36.74362089914945
Men in Black 3,Men-in-Black-3,1,1206,867,234,209,185,2,3,2,3,4,196,158,77,79,67,7,4,0,0,2,180,88,17,16,11,57.32816313676089
King Kong,King-Kong,1,637,260,231,245,231,2,1,0,2,2,126,81,77,76,82,1,0,0,0,0,91,34,18,15,21,48.47224817791067
Guardians of the Galaxy Vol 2,Guardians-of-the-Galaxy-Vol-2,1,589,463,348,480,319,2,2,2,4,2,136,116,111,118,101,8,6,0,3,6,33,32,21,7,10,29.971017956915354
Cars 2,Cars-2,1,688,389,410,376,232,2,1,2,2,2,138,121,117,104,84,2,0,1,0,0,42,76,43,27,6,41.850962202159096
2012,2012,1,366,486,217,297,206,1,3,1,3,4,109,124,89,90,71,4,1,0,3,0,28,12,22,2,8,26.84753496676917
Terminator Salvation,Terminator-Salvation,1,447,357,281,224,211,1,2,5,3,5,125,104,82,77,62,6,6,0,0,0,5,16,12,2,2,37.71133460179397
The Mummy,"Mummy,-The",1,504,538,364,273,232,1,3,2,3,4,120,126,104,94,87,3,2,1,0,0,14,9,1,8,2,30.33196079145866
The Great Gatsby,"Great-Gatsby,-The",1,899,639,513,357,263,4,3,3,2,2,159,142,126,117,84,0,0,0,1,0,101,40,55,29,24,36.7020954762721
Thor: Ragnarok,Thor-Ragnarok,1,694,338,283,296,312,1,2,2,2,2,154,97,93,98,105,13,0,1,1,2,68,12,7,8,1,53.59095193213949
Up,Up,1,461,429,301,183,169,0,1,2,1,1,120,116,100,70,64,2,0,0,0,0,36,6,3,4,1,34.303235356312115
Coco,Coco,1,534,494,266,208,207,2,2,1,2,2,141,143,89,82,81,3,1,0,0,0,64,18,19,30,29,42.45455693006817
G.I. Joe: The Rise of Cobra,G.I.-Joe-The-Rise-of-Cobra,1,848,748,674,734,621,3,2,4,5,4,142,135,131,137,135,3,4,0,0,4,80,73,66,26,43,27.445855115758032
Wild Wild West,Wild-Wild-West,1,761,800,644,255,291,2,4,5,2,4,142,143,130,81,88,9,3,0,0,0,35,26,20,4,15,33.36243717110697
Snow White and the Huntsman,Snow-White-and-the-Huntsman,1,922,631,677,386,344,2,2,3,2,2,161,152,139,114,97,1,0,0,0,0,49,68,35,28,19,34.231795354676706
How to Train Your Dragon,How-to-Train-Your-Dragon,1,1456,805,722,561,288,3,3,3,3,3,172,141,129,120,78,2,0,1,0,0,100,99,96,64,23,49.759117247205104
Interstellar,Interstellar,1,698,626,294,394,355,1,2,2,4,3,149,145,85,99,107,2,0,0,0,0,32,32,8,12,1,35.142850346123645
Beauty and the Beast,Beauty-and-the-Beast,1,426,430,302,411,304,2,2,2,3,2,126,108,100,125,102,0,0,1,0,0,25,22,14,36,25,25.355074188685236
Shrek the Third,Shrek-the-Third,1,492,390,387,322,250,1,2,2,1,3,121,91,107,100,82,0,0,0,1,0,32,29,17,18,10,33.945848646216156
Inception,Inception,1,963,392,451,349,341,3,1,3,3,3,173,121,130,109,103,1,0,1,0,0,82,41,32,37,14,54.06148462884279
Godzilla,Godzilla,1,496,368,248,268,216,3,1,2,3,5,126,111,87,87,71,1,7,0,0,1,8,16,4,2,6,37.78804060229953
The Curious Case of Benjamin Button,"Curious-Case-of-Benjamin-Button,-The",1,495,582,526,311,370,2,3,6,2,4,131,130,113,99,102,0,0,0,0,4,14,34,3,5,6,22.54568429237947
War for the Planet of the Apes,War-for-the-Planet-of-the-Apes,1,281,462,107,142,152,0,3,-2,1,2,109,123,45,65,63,0,0,0,0,1,11,4,0,7,2,27.38130607879256
Frozen,Frozen,1,621,425,423,101,78,1,0,1,1,1,137,114,115,41,29,31,11,20,0,1,27,16,10,0,0,45.20430268170613
Zootopia,Zootopia,1,721,683,271,225,242,2,2,4,2,2,140,138,83,74,78,4,1,0,0,0,30,12,12,2,17,42.47933406555292
The Matrix Reloaded,"Matrix-Reloaded,-The",1,313,211,192,174,146,1,1,2,1,1,107,80,67,71,63,0,7,10,2,2,15,8,3,8,5,32.37962316817865
Hancock,Hancock,1,635,823,535,422,415,2,2,2,1,2,139,146,123,96,97,0,10,1,8,11,75,62,63,49,28,25.232084418620186
Thor,Thor,1,899,753,741,568,560,3,3,3,3,4,161,138,146,112,118,1,0,1,0,0,113,56,103,47,46,30.086456222837434
X-Men Origins: Wolverine,X-Men-Origins-Wolverine,1,862,780,617,402,538,3,4,3,4,3,130,121,124,84,100,2,1,1,0,1,51,53,53,21,46,30.478430713655648
Angels & Demons,Angels-&-Demons,1,825,436,476,376,287,4,4,4,5,5,154,100,106,98,93,0,0,0,0,0,7,3,7,3,3,43.61139285616382
How to Train Your Dragon 2,How-to-Train-Your-Dragon-2,1,588,323,331,228,258,1,2,2,1,1,133,99,109,88,95,0,0,0,0,0,45,34,26,20,20,46.71033893477642
Rise of the Guardians,Rise-of-the-Guardians,1,470,416,401,432,339,1,1,1,2,2,116,115,109,130,90,0,0,0,2,0,39,54,15,21,27,28.786045276113448
Star Trek,Star-Trek,1,570,594,422,393,290,3,7,5,5,3,129,111,103,94,93,5,0,0,1,1,30,24,13,14,2,31.99878123095673
The Last Samurai,"Last-Samurai,-The",1,821,439,483,429,350,3,3,6,5,4,168,133,118,117,94,6,0,0,1,1,23,24,35,15,9,40.228964854695384
Spider-Man,Spider-Man,1,393,598,300,230,258,2,4,1,2,3,107,134,98,72,90,0,6,1,1,0,49,29,57,12,10,23.80018216212429
Watchmen,Watchmen,1,871,769,718,665,425,3,2,3,5,3,157,151,137,132,116,2,10,3,0,3,114,61,56,41,14,29.83095615425251
The Croods,"Croods,-The",1,485,320,386,264,202,0,0,1,0,0,124,110,106,93,77,0,0,0,0,0,61,14,14,4,38,36.10475266731329
The Revenant,"Revenant,-The",1,525,351,326,174,120,2,1,1,0,1,116,113,93,64,45,14,1,0,1,8,17,11,31,4,1,39.89585524931622
Miami Vice,Miami-Vice,1,786,603,532,321,249,2,3,3,2,3,153,122,129,101,77,10,3,2,2,4,21,10,4,4,4,37.820346880662704
War of the Worlds,War-of-the-Worlds,1,527,231,241,262,156,1,1,1,2,4,143,81,88,90,52,4,0,1,2,0,67,17,11,12,20,52.952297208177605
The Bourne Ultimatum,"Bourne-Ultimatum,-The",1,490,311,302,187,171,2,1,2,3,2,118,96,98,56,75,2,0,0,0,0,41,0,23,15,2,39.08759685944476
Kung Fu Panda,Kung-Fu-Panda,1,519,456,178,174,128,1,2,2,2,1,124,119,78,67,55,1,1,1,0,0,25,43,10,4,10,43.187900930370866
Megamind,Megamind,1,804,493,428,269,225,3,3,2,1,3,155,120,111,91,82,6,7,5,4,0,40,13,6,3,0,43.563642655285776
Logan,Logan,1,508,400,370,265,241,0,2,2,2,2,141,118,106,95,83,35,8,8,2,1,26,38,9,5,6,40.029599626109984
Clash of the Titans,Clash-of-the-Titans,1,820,767,500,395,431,3,5,3,4,4,157,129,108,103,101,0,0,0,1,1,57,73,29,21,24,35.28024758068478
Prometheus,Prometheus,1,452,510,439,316,206,2,3,4,2,3,120,115,105,86,71,0,0,2,1,0,22,9,20,13,11,26.75397199937077
Total Recall,Total-Recall,1,589,234,239,198,165,3,2,2,1,4,142,88,74,77,62,2,4,0,1,1,15,9,2,4,5,55.17887909192257
Life of Pi,Life-of-Pi,1,518,637,194,199,157,3,5,3,3,3,132,142,65,76,59,1,0,0,0,0,8,21,5,2,2,32.11856579057856
Ghost Rider,Ghost-Rider,1,798,557,378,315,284,2,2,3,3,3,139,123,99,80,78,13,5,16,0,0,44,45,18,16,18,40.04782014656564
Oblivion,Oblivion,1,1227,871,444,489,133,3,3,2,3,5,181,148,114,125,41,1,2,0,0,0,50,87,31,39,4,49.31471558120363
Fantastic Four,Fantastic-Four,1,576,401,398,526,422,4,1,1,2,1,134,122,113,124,106,0,0,0,0,1,66,67,17,47,19,27.75756927356371
Speed Racer,Speed-Racer,0,800,904,517,397,399,2,4,2,2,2,141,145,126,93,107,2,0,3,2,1,75,42,56,42,35,32.136365557763035
The Island,"Island,-The",1,396,590,340,398,269,1,4,3,5,2,125,135,105,111,101,1,0,2,1,0,22,10,1,5,2,26.83033120278907
Ocean's Twelve,Ocean's-Twelve,1,422,466,550,319,278,2,2,3,3,2,120,117,127,105,94,0,2,0,0,0,16,13,3,3,8,21.542648427988254
Tomorrow Never Dies,Tomorrow-Never-Dies,1,716,851,297,187,228,2,4,1,2,7,146,143,96,58,71,0,1,1,0,1,45,50,8,0,6,35.973776013472865
The Patriot,"Patriot,-The",1,833,363,375,375,154,3,3,6,4,2,153,108,105,96,57,0,0,0,1,0,91,18,4,17,2,51.50551314673452
Ali,Ali,0,960,337,325,273,312,2,2,2,4,4,141,87,86,85,95,6,6,0,2,0,46,8,2,16,3,58.87280190824874
The Martian,"Martian,-The",1,454,853,509,474,268,3,4,3,4,3,105,134,118,114,71,0,9,0,1,0,44,25,24,45,6,17.37991723848934
"I, Robot","I,-Robot",1,686,517,181,211,234,3,4,1,8,4,151,128,72,71,81,2,0,1,0,0,80,61,9,19,9,47.3906526774765
Gone in 60 Seconds,Gone-in-60-Seconds,1,759,396,391,412,394,2,2,2,2,3,150,110,105,102,110,7,10,3,7,2,50,24,6,13,12,41.333030027297546
Gladiator,Gladiator,1,415,568,394,414,315,2,4,2,2,3,119,138,107,117,99,1,1,0,4,0,12,25,18,5,8,19.860783317898008
Public Enemies,Public-Enemies,1,984,524,438,420,276,2,3,2,5,3,150,120,126,96,88,4,0,0,0,0,43,48,16,22,19,45.55472783785866
Django Unchained,Django-Unchained,1,1443,1153,685,499,334,3,4,3,3,3,189,162,133,109,84,37,63,44,15,1,84,101,30,18,17,45.660829314084104
True Lies,True-Lies,1,710,416,599,453,274,2,1,2,2,3,128,121,112,120,99,9,8,12,5,1,24,32,49,5,9,33.03841387856258
American Gangster,American-Gangster,1,581,623,188,201,239,1,2,2,3,3,143,142,74,70,91,24,22,6,3,1,25,20,3,8,11,41.15295331441836
The Wolf of Wall Street,"Wolf-of-Wall-Street,-The",1,1704,398,294,196,204,4,2,2,3,3,177,102,98,73,64,113,30,15,1,8,46,4,5,2,2,78.74661794160019
The Tourist,"Tourist,-The",1,429,363,491,173,201,2,2,4,2,3,119,108,115,69,70,2,2,1,0,1,6,18,20,2,2,29.612466494025718
Starship Troopers,Starship-Troopers,1,653,464,406,305,253,2,2,4,3,8,135,114,95,87,60,3,0,4,0,0,39,40,6,6,0,40.574946018241
Point Break,Point-Break,1,703,540,579,259,212,1,2,2,1,3,128,125,125,86,71,25,3,16,4,1,26,11,6,12,9,35.02138327680282
The Fifth Element,"Fifth-Element,-The",1,595,391,407,405,231,1,2,3,3,3,136,112,113,106,83,8,0,3,0,1,27,22,5,15,10,38.045934369835756
Rise of the Planet of the Apes,Rise-of-the-Planet-of-the-Apes,1,807,377,369,311,273,2,2,3,3,2,163,109,95,94,84,2,0,5,0,0,110,31,38,16,14,52.40599855984471
The Secret Life of Walter Mitty,"Secret-Life-of-Walter-Mitty,-The",1,854,278,157,239,238,2,3,0,4,2,163,89,67,84,81,12,2,0,2,3,32,4,7,1,13,67.90495118957152
Men in Black,Men-in-Black,1,858,466,326,291,362,3,2,2,2,4,138,121,105,85,92,5,6,5,0,1,33,14,7,4,14,42.508289689795156
Rush Hour 2,Rush-Hour-2,1,921,494,252,252,176,1,1,3,2,2,151,122,71,81,64,25,7,0,2,4,41,17,6,8,0,59.12966693341428
Sherlock Holmes,Sherlock-Holmes,1,1292,659,350,359,162,4,3,3,4,3,162,139,107,103,64,0,2,0,0,0,69,32,5,9,5,54.633713738943726
What Lies Beneath,What-Lies-Beneath,1,605,535,305,101,88,1,1,2,0,3,139,130,96,36,40,6,1,2,1,2,42,26,8,0,1,49.39048894842599
The Departed,"Departed,-The",1,659,612,601,344,369,2,1,2,2,4,141,132,132,104,94,35,54,38,1,11,49,18,9,12,12,31.156053566548238
Charlie's Angels,Charlie's-Angels,1,446,416,338,340,231,1,2,2,3,2,125,119,94,111,82,4,2,1,2,0,20,21,25,11,8,29.77497255762897
Tropic Thunder,Tropic-Thunder,1,905,542,657,489,505,3,2,3,3,3,152,121,133,125,117,16,2,20,13,8,58,31,55,24,24,34.21458021838612
The Girl with the Dragon Tattoo,"Girl-with-the-Dragon-Tattoo,-The",1,324,457,200,257,197,2,4,2,3,2,110,122,74,90,75,4,0,0,0,0,3,10,2,1,1,26.07709750566893
Valkyrie,Valkyrie,1,642,333,300,262,279,3,4,3,4,5,143,110,102,84,78,1,0,1,0,0,41,20,15,9,13,47.650557327976685
Hollow Man,Hollow-Man,1,621,490,568,327,276,2,2,2,2,1,130,123,133,106,95,11,12,7,3,3,58,14,8,4,5,32.34259004674182
Mission to Mars,Mission-to-Mars,1,792,568,548,447,404,2,2,2,3,2,150,124,131,107,102,0,3,0,0,2,61,23,14,25,10,34.21225943361709
Conan the Barbarian,Conan-the-Barbarian,0,676,541,484,151,247,2,2,2,1,3,154,139,127,72,87,0,1,0,0,0,22,23,13,6,5,34.086559446664204
The Three Musketeers,"Three-Musketeers,-The",1,416,441,431,483,401,1,2,2,3,3,118,124,119,128,110,1,2,2,0,0,9,7,11,5,15,22.338551859099802
Hannibal,Hannibal,1,707,313,373,396,279,2,3,2,3,3,152,89,130,108,85,1,0,0,0,0,24,6,25,11,12,40.18131626827279
Cast Away,Cast-Away,1,807,253,272,262,186,1,1,1,1,1,153,87,84,83,65,24,2,1,6,11,30,7,3,6,0,60.363452436865494
Happy Feet,Happy-Feet,1,526,285,170,152,150,1,1,2,1,3,148,90,60,58,59,0,0,0,0,0,26,4,2,0,1,57.133251148716795
Ocean's Eleven,Ocean's-Eleven,1,715,632,410,295,256,2,2,2,3,3,152,138,123,85,84,2,2,1,1,2,30,29,9,11,6,35.268847795163595
It's Complicated,It's-Complicated,1,766,614,456,193,184,1,2,2,1,2,163,137,118,68,67,0,2,0,0,0,50,35,8,5,10,46.40992321323096
Meet Joe Black,Meet-Joe-Black,0,930,674,499,716,436,3,2,1,4,3,161,148,131,143,109,9,0,0,6,1,94,37,34,44,10,36.70949861426053
Collateral Damage,Collateral-Damage,0,446,238,245,297,257,1,2,2,2,2,108,76,80,82,89,7,0,2,5,8,13,0,4,3,1,36.81347300190984
Judge Dredd,Judge-Dredd,1,670,452,547,390,495,2,3,2,2,3,136,120,122,104,117,2,1,3,5,1,50,37,37,33,32,27.929820226107374
Bruce Almighty,Bruce-Almighty,1,972,454,240,172,220,2,1,2,1,1,149,123,79,62,68,9,1,0,0,2,73,31,5,2,18,57.85240236107288
Mission: Impossible,Mission-Impossible,1,657,454,453,183,239,2,2,4,1,2,135,118,111,66,81,3,3,2,2,0,61,39,23,20,0,40.17717561229807
Something's Gotta Give,Something's-Gotta-Give,1,939,807,522,432,217,2,1,2,2,4,158,141,125,113,76,5,6,3,1,2,41,64,32,28,5,38.04805284747749
Eagle Eye,Eagle-Eye,1,1101,628,606,528,528,3,3,5,5,6,180,137,127,124,104,17,3,6,3,4,126,62,27,40,32,40.94781582938565
Cold Mountain,Cold-Mountain,1,544,492,617,337,325,2,1,2,2,2,130,123,124,90,93,0,2,4,5,3,33,11,14,2,2,26.287655050206734
The Book of Eli,"Book-of-Eli,-The",1,658,309,604,251,209,1,0,2,1,1,153,115,154,87,84,1,2,6,7,0,8,11,20,0,3,39.10215695739438
The Haunting,"Haunting,-The",1,484,564,402,361,158,1,3,1,3,3,140,134,120,96,72,1,1,3,3,0,26,59,38,2,3,32.73232840626372
The Day the Earth Stood Still,"Day-the-Earth-Stood-Still,-The",1,616,305,261,239,225,4,2,2,5,7,136,100,81,79,69,0,0,0,0,0,39,30,5,6,4,45.67609177274605
Swordfish,Swordfish,1,798,486,294,251,118,3,2,2,1,5,134,118,91,80,43,12,20,7,7,1,59,22,34,7,9,47.08729590619354
The Manchurian Candidate,"Manchurian-Candidate,-The",1,729,518,652,335,315,3,3,7,2,7,136,128,118,97,86,12,1,3,0,2,37,5,26,5,9,34.457202505219215
The Time Machine,"Time-Machine,-The",1,594,380,118,225,101,2,5,0,2,3,143,99,57,78,35,0,0,0,0,0,12,0,0,0,0,54.25909920291942
Mighty Joe Young,Mighty-Joe-Young,0,468,492,344,273,247,1,1,3,2,5,126,120,93,95,65,2,2,0,1,0,67,43,16,14,43,33.33978852782835
Little Nicky,Little-Nicky,0,586,301,234,302,272,2,3,1,2,2,127,94,80,100,78,3,0,1,2,4,65,13,8,17,2,44.95109701295268
Surrogates,Surrogates,1,1188,660,318,353,263,3,4,2,4,4,165,125,94,98,79,5,0,0,1,0,111,58,14,25,11,54.27654427438864
Thirteen Days,Thirteen-Days,0,808,691,513,352,324,3,4,4,5,7,142,146,121,100,74,16,3,4,1,0,16,29,10,3,1,36.323223930203575
Nine,Nine,0,583,257,203,156,294,2,3,1,2,2,141,82,76,59,93,3,0,0,0,1,45,25,6,0,18,53.18146784276784
The Postman,"Postman,-The",0,892,567,346,255,203,2,2,1,1,2,165,139,107,86,66,7,2,0,2,2,38,0,14,4,0,49.20503654697754
Despicable Me 2,Despicable-Me-2,1,603,400,173,194,169,1,1,1,4,3,135,103,60,56,71,0,0,0,0,0,74,24,13,5,5,52.57431601948379
Wanted,Wanted,1,1214,852,698,256,201,3,3,4,4,5,178,143,140,90,67,19,8,1,0,6,48,80,51,27,8,44.587858137934504
The Rock,"Rock,-The",1,582,494,599,166,298,2,2,4,2,4,131,121,124,59,92,21,14,5,6,9,23,24,8,13,9,31.278857511006127
Constantine,Constantine,1,765,347,255,210,130,2,2,4,4,2,149,110,78,69,56,21,0,0,1,1,51,13,3,3,8,59.668215999697686
Life,Life,0,896,803,341,234,188,2,1,3,3,2,151,153,85,71,64,21,23,3,1,0,69,55,7,12,11,44.140211079557496
Spanglish,Spanglish,0,781,734,418,349,489,2,3,1,3,8,130,142,121,99,110,4,3,0,0,0,25,44,17,13,1,33.837803320561946
Hostage,Hostage,1,548,393,174,172,176,1,1,1,1,0,136,115,67,64,72,11,60,6,1,4,54,39,21,5,5,50.59909570459683
Soldier,Soldier,0,319,379,223,233,277,2,3,3,1,5,109,104,74,85,86,0,7,3,1,1,17,11,5,5,2,27.44159544159544
Monkeybone,Monkeybone,0,435,377,363,291,215,1,1,2,2,3,121,103,104,95,71,5,1,3,2,0,39,33,29,20,4,33.71896413633532
Unbreakable,Unbreakable,1,532,663,380,185,145,2,4,2,0,4,138,133,101,65,44,1,0,0,0,0,30,10,16,0,2,33.170470517368315
Sphere,Sphere,0,738,609,584,547,348,2,2,2,2,2,160,141,136,136,105,11,11,11,1,8,144,221,91,72,29,31.111757857974396
Funny People,Funny-People,0,1129,1019,571,419,315,2,2,2,2,2,167,161,142,119,92,47,51,12,25,19,84,72,53,29,6,40.612134903615704
The Kingdom,"Kingdom,-The",1,776,279,333,345,251,3,2,3,3,4,147,91,88,90,84,2,0,0,1,3,6,1,4,4,3,51.60342163771338
Braveheart,Braveheart,1,470,336,235,240,266,2,2,1,2,2,130,105,86,86,95,2,0,0,0,1,27,9,11,20,3,38.95492818226845
Signs,Signs,1,578,419,301,387,159,2,2,2,3,7,137,123,97,113,45,1,4,0,0,0,75,17,27,15,4,42.94629546163714
Runaway Bride,Runaway-Bride,1,858,794,326,310,237,2,2,2,2,3,156,149,101,91,70,3,3,1,0,0,63,54,29,21,12,40.086396082145576
xXx,xXx,1,911,386,447,475,210,2,2,2,3,5,148,108,120,120,57,25,1,8,5,0,27,10,12,0,0,49.46827456367985
Inglourious Basterds,Inglourious-Basterds,1,589,814,563,475,407,3,6,4,5,6,133,151,124,117,94,4,3,4,2,1,31,13,10,20,27,21.09789243862229
Die Hard 2,Die-Hard-2,1,759,415,367,389,312,3,4,4,4,3,140,103,96,96,86,38,4,17,2,2,40,5,7,2,6,42.17232155427284
Sleepy Hollow,Sleepy-Hollow,1,826,364,240,260,267,2,2,1,3,4,163,106,98,91,90,1,0,0,1,0,19,11,4,5,5,55.38264186611754
Vanilla Sky,Vanilla-Sky,1,1246,585,443,511,386,2,2,2,3,4,160,118,106,117,105,26,1,16,0,0,56,24,26,35,27,49.562822107695034
Battle: Los Angeles,Battle-Los-Angeles,1,169,191,113,167,100,3,2,4,4,3,60,70,33,56,36,0,0,1,1,1,3,8,1,0,2,22.855825391945896
War Horse,War-Horse,1,361,239,264,229,247,0,1,1,1,2,101,95,85,84,74,0,0,0,0,0,13,9,1,1,0,38.008633093525184
Big Fish,Big-Fish,1,965,440,282,365,217,3,2,1,2,2,169,134,96,111,69,1,0,0,0,1,31,8,8,8,2,54.95111914559597
The Abyss,"Abyss,-The",0,564,616,319,274,228,1,2,2,3,2,138,133,89,80,60,8,5,6,0,2,23,48,10,2,6,32.5429110030757
The Siege,"Siege,-The",1,900,688,438,557,249,3,2,3,4,2,161,144,106,132,94,9,7,12,4,2,43,28,17,12,0,41.91119769471164
Hard Rain,Hard-Rain,0,581,464,322,300,330,2,2,1,2,2,123,125,110,91,94,7,0,9,1,2,50,35,38,13,10,35.8169428027
Next,Next,1,671,532,532,671,671,1,2,2,1,1,153,126,126,153,153,2,4,4,2,2,79,61,59,79,75,23.10670298233893
Hall Pass,Hall-Pass,1,1208,1102,521,439,397,2,2,2,2,4,175,175,129,118,105,9,12,0,3,2,246,221,94,92,60,39.12849065312717
The Insider,"Insider,-The",0,886,763,491,207,222,3,3,4,3,5,156,154,118,75,76,27,13,5,2,0,14,14,5,2,3,44.776712138361034
Entrapment,Entrapment,1,1101,1000,150,153,97,2,2,2,5,3,171,159,60,46,40,13,13,2,0,1,17,20,3,0,2,51.1767578125
The X Files: Fight the Future,"X-Files-Fight-the-Future,-The",1,636,551,344,221,190,3,4,5,7,5,140,126,108,68,60,4,1,3,0,0,47,39,7,11,11,38.79217273954115
Saving Private Ryan,Saving-Private-Ryan,1,960,504,331,289,391,2,3,2,3,4,163,126,85,83,92,11,22,3,2,1,105,27,12,11,12,52.459244809809114
Lincoln,Lincoln,1,1194,427,455,429,213,4,6,4,6,5,158,102,109,107,75,1,0,0,2,0,15,1,10,5,1,54.445305710191896
The Matrix,"Matrix,-The",1,333,566,284,383,290,0,2,1,4,1,100,132,105,114,94,17,1,5,0,5,20,42,45,8,13,17.301107084677017
Les Miserables,Les-Miserables,1,597,360,499,466,295,2,2,2,3,2,147,123,123,109,90,0,0,0,3,1,55,30,11,9,11,36.23407779745246
Cliffhanger,Cliffhanger,1,886,501,480,285,343,4,3,3,2,4,143,128,112,94,99,11,3,6,0,1,72,24,30,37,14,48.91276777273042
Broken Arrow,Broken-Arrow,1,721,753,505,260,225,2,3,2,2,3,132,148,121,88,71,7,7,3,0,2,75,78,39,19,12,35.96501567693722
Blade: Trinity,Blade-Trinity,1,590,364,314,299,363,4,3,3,2,6,128,97,96,98,98,18,4,0,1,0,29,23,22,7,5,34.16515225388945
Fight Club,Fight-Club,1,1319,924,385,114,105,3,2,2,2,3,175,155,103,39,40,19,23,11,2,0,110,15,7,1,0,55.85180833232536
The Long Kiss Goodnight,"Long-Kiss-Goodnight,-The",0,734,655,550,481,334,2,2,1,2,4,141,131,120,102,85,40,41,9,15,6,24,21,18,11,11,30.430217669654287
Hudson Hawk,Hudson-Hawk,0,916,463,428,373,427,3,4,3,4,4,138,115,107,85,91,22,0,2,2,6,39,10,11,11,18,43.73938158341829
Jurassic Park,Jurassic-Park,1,541,766,344,316,314,3,4,2,2,5,120,139,100,90,91,0,0,1,2,0,60,53,21,20,7,24.763864210230988
The American President,"American-President,-The",1,1229,876,436,249,260,3,3,4,2,7,172,148,110,83,76,3,5,5,1,1,101,32,11,6,1,53.615737462672776
Wild Hogs,Wild-Hogs,1,1122,727,588,597,465,2,1,2,1,1,162,138,119,121,114,13,11,5,9,7,201,107,56,79,37,39.89608012061167
Marley & Me,Marley-&-Me,1,1254,761,451,377,147,2,2,2,2,2,184,145,108,114,55,6,1,0,5,0,323,184,28,17,16,56.223607164722694
The Green Mile,"Green-Mile,-The",1,843,352,409,357,316,2,0,2,1,2,162,107,110,94,98,10,0,4,6,3,92,17,25,9,17,52.25374773348315
The Truman Show,"Truman-Show,-The",1,602,602,208,335,159,2,4,1,3,7,138,128,78,105,50,5,1,0,3,0,29,24,13,11,10,41.9249305237978
The Bourne Identity,"Bourne-Identity,-The",1,386,305,291,166,219,0,1,1,4,1,107,96,94,60,83,1,9,3,0,5,31,30,2,1,0,34.22061610330087
The Italian Job,"Italian-Job,-The",1,607,358,408,276,300,2,1,4,2,2,124,105,103,84,105,10,0,0,3,1,19,6,7,6,6,39.33711117452809
Antz,Antz,1,349,363,202,160,164,2,3,2,2,3,113,116,80,53,64,4,1,0,0,0,5,6,1,1,6,33.181939620625165
The Family Man,"Family-Man,-The",1,1145,581,313,304,232,3,3,3,3,2,165,137,82,73,74,2,1,3,0,2,73,69,19,23,18,58.8533549036242
The Horse Whisperer,"Horse-Whisperer,-The",1,830,650,401,425,410,2,2,1,3,2,155,153,122,117,111,4,0,1,1,0,67,36,14,12,31,38.86919773703225
Coraline,Coraline,1,572,240,203,208,175,1,2,2,2,2,127,66,71,73,61,2,0,0,1,0,25,3,7,15,0,57.610689022792776
Hellboy,Hellboy,1,467,435,256,216,267,1,3,1,1,3,113,113,85,81,81,6,0,0,0,0,14,20,5,2,1,33.829678735339115
ParaNorman,ParaNorman,1,1039,521,467,387,464,3,2,3,3,4,152,105,104,94,101,1,2,1,0,1,63,51,49,34,29,48.21676090735078
The Boxtrolls,"Boxtrolls,-The",1,322,369,501,139,120,0,1,2,3,4,110,125,128,49,32,0,0,0,0,0,47,16,3,6,10,28.246802106847248
Year One,Year-One,0,1247,726,614,282,434,2,2,3,2,4,170,137,127,95,105,10,0,6,0,0,177,54,58,17,16,51.7613951182526
Star Trek: Nemesis,Star-Trek-Nemesis,1,805,652,513,294,242,4,3,6,5,5,153,147,109,86,68,1,0,0,0,0,60,17,10,7,2,40.10036719706242
Invictus,Invictus,1,662,293,271,172,245,3,1,2,3,8,148,90,94,70,70,0,1,0,0,0,12,0,0,0,2,52.139144342263094
Intolerable Cruelty,Intolerable-Cruelty,1,975,700,238,154,228,3,2,4,3,2,163,137,82,67,74,9,4,1,1,0,125,96,14,6,6,50.75825384241618
The Relic,"Relic,-The",0,519,643,434,527,365,2,3,2,4,3,115,129,116,118,102,0,0,5,0,1,19,24,34,18,4,21.992158126544204
Analyze That,Analyze-That,0,798,780,261,258,272,2,1,2,1,2,149,142,93,75,82,15,63,0,6,5,21,20,6,2,7,41.18499364704309
Priest,Priest,1,964,975,413,375,287,3,3,3,3,4,156,149,124,104,89,0,10,0,0,0,57,78,31,25,15,37.25091412622515
Event Horizon,Event-Horizon,0,578,537,371,265,254,2,4,3,2,3,130,116,99,75,71,12,0,1,0,7,122,16,25,24,5,38.48364020171221
The Black Dahlia,"Black-Dahlia,-The",0,896,493,957,427,417,2,2,7,2,3,148,99,122,115,101,22,6,11,1,2,42,17,44,19,8,36.86156344830535
Deadpool,Deadpool,1,949,687,302,451,238,2,3,2,2,2,146,127,80,109,67,26,17,4,5,3,7,15,3,7,5,43.14358538657604
American Sniper,American-Sniper,1,748,372,258,290,186,1,1,2,3,2,151,109,85,83,62,17,6,19,2,4,16,14,2,0,1,52.08680516979595
Sex and the City,Sex-and-the-City,1,1024,545,548,322,352,3,2,2,1,2,159,135,128,109,101,5,3,11,3,1,75,40,20,12,23,45.93271290479362
Devil's Advocate,Devil's-Advocate,1,917,888,371,204,256,2,2,1,2,3,150,154,116,69,74,20,19,5,4,0,50,45,16,12,6,44.34081727000461
Into the Woods,Into-the-Woods,1,501,306,207,254,205,1,0,0,1,1,130,98,82,99,79,0,0,0,0,0,61,10,12,14,17,44.03346543372963
The Pacifier,"Pacifier,-The",1,799,235,250,234,239,2,1,2,2,3,148,83,84,82,78,1,1,0,0,0,30,15,13,28,6,61.32918920993055
Walking Tall,Walking-Tall,0,377,288,241,225,126,1,3,2,2,1,110,79,76,72,50,1,1,2,0,0,22,4,7,8,5,37.919149852803905
Forrest Gump,Forrest-Gump,1,870,292,211,94,118,3,1,3,4,13,151,94,65,36,35,7,5,0,0,0,84,53,13,0,0,75.33805366269166
Date Night,Date-Night,1,1143,950,405,188,161,2,2,3,3,3,182,172,113,64,58,9,6,0,1,0,147,133,34,10,11,49.50036305798553
Alien 3,Alien-3,1,655,530,434,420,103,2,2,3,3,2,147,138,127,111,39,17,0,0,0,0,12,24,6,4,7,41.143760562612435
Ronin,Ronin,1,549,441,400,301,256,2,2,3,3,2,135,128,115,102,89,10,10,12,3,5,33,25,30,8,5,33.86433233319929
Burlesque,Burlesque,1,1167,757,855,426,617,2,2,3,1,3,169,157,162,124,126,13,11,8,0,6,138,76,86,24,75,39.08705556676952
The Ghost and the Darkness,"Ghost-and-the-Darkness,-The",0,520,406,207,308,273,3,3,2,4,4,120,112,77,87,76,0,1,0,0,1,77,60,19,24,43,35.208235844642026
Changeling,Changeling,1,681,520,343,312,311,3,5,3,3,5,150,128,107,87,103,1,2,1,0,0,41,13,8,0,6,46.13636363636363
Semi-Pro,Semi-Pro,0,1161,688,522,608,338,2,2,2,4,2,172,147,120,112,97,21,20,13,2,9,60,35,18,41,24,39.91049700295621
Elizabeth: The Golden Age,Elizabeth-The-Golden-Age,1,713,480,284,317,200,2,2,2,3,2,159,127,91,94,81,1,1,0,0,0,64,9,3,12,12,45.25286022218538
All the King's Men,All-the-King's-Men,0,816,618,332,187,233,1,1,1,1,2,152,145,95,77,88,0,0,0,1,0,107,117,22,15,13,48.712899427504155
Thunderbirds,Thunderbirds,0,553,422,428,364,416,2,3,2,3,4,123,107,107,95,111,0,1,0,0,0,103,49,81,52,63,31.191611589837976
The Godfather: Part III,"Godfather-Part-III,-The",1,894,369,260,248,237,3,6,4,4,3,145,64,74,68,78,3,0,1,0,1,18,44,6,7,2,50.69860279441118
Law Abiding Citizen,Law-Abiding-Citizen,1,840,716,321,304,256,2,2,1,2,2,159,136,93,84,75,35,9,6,7,3,36,30,8,10,3,44.22259152451243
Anastasia,Anastasia,1,284,270,251,197,266,1,2,3,2,2,107,89,81,84,69,0,0,0,0,0,12,13,15,3,2,26.39771695420936
Beloved,Beloved,0,836,593,403,318,430,2,1,1,1,2,162,136,130,114,115,3,1,0,0,1,59,48,13,17,8,41.263823064770925
Zero Dark Thirty,Zero-Dark-Thirty,1,828,669,401,254,420,4,2,3,4,4,139,133,95,82,94,13,17,3,6,2,44,64,16,5,6,38.5639733669246
Casino,Casino,1,1379,1154,506,219,220,2,2,0,0,2,179,157,125,80,75,104,263,69,12,8,407,284,62,17,13,47.615996348506926
The Change-Up,"Change-Up,-The",1,1503,1230,482,257,416,3,3,3,2,5,177,167,109,71,94,118,37,10,0,2,116,106,65,14,41,46.195155245907976
Man on the Moon,Man-on-the-Moon,0,1048,557,320,275,160,2,3,1,2,2,166,120,84,90,63,10,4,2,3,3,105,70,14,12,21,56.81875093904942
The Adjustment Bureau,"Adjustment-Bureau,-The",1,1177,580,491,498,407,2,1,3,3,4,167,132,124,125,104,9,3,1,2,1,74,33,36,20,25,48.689834603233614
Shrek,Shrek,1,658,702,406,298,141,1,1,1,2,5,135,141,111,95,49,5,3,0,0,0,83,83,49,18,4,32.60957071484384
Ted,Ted,1,792,796,481,301,312,2,2,1,2,6,139,138,127,92,82,52,44,11,10,3,95,98,57,16,35,35.989080218395635
Robin Hood: Prince of Thieves,Robin-Hood-Prince-of-Thieves,1,770,417,367,323,298,1,2,2,1,2,152,121,105,74,82,0,0,0,1,0,73,8,22,11,7,48.711767836458684
Jerry Maguire,Jerry-Maguire,1,901,566,457,276,249,2,2,2,2,4,157,124,112,86,76,12,2,12,4,5,46,16,6,14,4,48.024823168290396
Super 8,Super-8,1,453,490,231,341,202,1,2,1,3,0,116,125,80,95,77,2,15,3,1,1,34,37,13,7,5,31.28628169874733
Erin Brockovich,Erin-Brockovich,1,1098,643,385,297,130,2,2,2,3,7,168,131,118,97,46,68,13,7,0,0,210,41,25,13,4,58.08872326305581
Yes Man,Yes-Man,1,995,484,319,375,280,2,2,2,3,3,163,109,94,99,84,15,1,2,1,0,89,28,31,26,20,55.27137978638378
"Crazy, Stupid, Love","Crazy,-Stupid,-Love",1,983,671,522,445,391,2,2,2,2,2,175,152,123,122,113,8,4,2,10,1,105,97,59,32,37,39.4760726806784
Moneyball,Moneyball,1,1424,713,291,359,269,2,2,3,3,2,178,137,89,109,80,17,3,4,4,0,189,44,19,17,22,63.811718331087064
V for Vendetta,V-for-Vendetta,1,500,528,420,301,339,2,3,2,2,3,130,131,115,94,103,0,4,0,4,0,4,53,21,35,6,28.957315654803445
Syriana,Syriana,1,607,557,602,491,397,4,5,5,6,5,125,126,118,100,96,0,7,2,0,4,32,27,7,21,20,24.66685730626251
Absolute Power,Absolute-Power,1,445,422,279,278,269,2,3,2,3,3,118,103,95,90,87,7,3,1,0,0,18,7,3,2,1,31.37157314089005
The Game,"Game,-The",1,830,508,278,317,149,3,2,2,4,13,150,110,82,81,45,48,27,9,2,1,29,2,2,2,0,52.449247262773724
G.I. Jane,G.I.-Jane,0,742,527,400,532,242,2,3,3,5,4,138,119,104,121,79,10,6,2,1,0,26,12,15,13,1,38.52407754846779
The Replacements,"Replacements,-The",1,565,293,345,252,206,1,1,3,3,5,124,87,94,72,63,8,2,7,0,0,112,16,29,19,21,42.622415161275256
Ninja Assassin,Ninja-Assassin,1,521,510,255,285,87,2,3,0,2,1,129,127,95,92,35,6,8,0,1,12,13,24,6,7,0,36.591835926673795
Assassins,Assassins,1,756,428,338,114,250,2,1,1,3,3,153,135,100,45,83,24,10,59,1,5,23,2,3,3,0,49.272845669633156
Defiance,Defiance,1,914,648,423,438,278,3,2,3,3,3,177,144,115,109,91,2,20,1,0,0,131,69,52,25,18,44.57552187994988
Basic,Basic,0,823,487,494,486,415,3,3,2,3,4,148,116,121,121,104,22,3,8,5,17,95,71,79,53,38,40.81628498727736
Gamer,Gamer,0,280,211,383,276,181,1,1,5,4,3,97,63,88,72,62,8,15,3,11,4,5,7,3,16,6,22.886597938144327
The Life of David Gale,"Life-of-David-Gale,-The",0,553,695,449,372,306,2,3,2,3,4,130,136,113,88,87,10,2,29,2,0,35,24,10,8,1,28.05533721113032
Eastern Promises,Eastern-Promises,1,497,374,390,320,200,2,2,2,1,2,130,113,118,109,80,4,1,5,34,1,26,21,25,11,23,29.51818281897912
Fair Game,Fair-Game,0,920,591,409,238,226,3,3,2,3,10,151,127,109,83,53,7,6,3,0,0,48,14,12,6,1,46.6256739565033
Drive Angry,Drive-Angry,0,713,710,518,257,373,2,2,2,1,2,143,132,108,73,105,23,28,6,6,5,51,59,33,20,18,31.708576444467397
Death to Smoochy,Death-to-Smoochy,0,864,726,505,442,325,3,2,2,3,3,134,146,118,102,85,0,43,13,9,0,46,22,29,15,8,35.755022230498845
Anna Karenina,Anna-Karenina,1,516,382,366,434,347,0,1,1,2,2,138,112,119,115,96,0,0,0,0,0,37,33,12,24,28,34.97759187331939
Indiana Jones and the Last Crusade,Indiana-Jones-and-the-Last-Crusade,1,785,414,292,266,383,2,2,2,1,3,153,116,96,90,111,0,1,0,0,0,71,4,12,13,7,45.24094488188978
Traffic,Traffic,1,612,443,287,358,322,4,3,3,3,3,133,118,96,112,88,5,2,2,11,10,13,20,8,1,5,33.527474432310626
Panic Room,Panic-Room,1,698,585,384,402,409,3,2,2,2,2,138,131,98,101,106,3,13,4,14,19,49,50,22,38,26,32.28424915546699
Three Kings,Three-Kings,1,707,508,328,338,269,3,2,2,2,1,138,113,91,87,89,18,22,4,11,8,5,5,2,15,0,40.21543446951512
Out of Sight,Out-of-Sight,1,837,647,434,513,297,2,1,2,2,1,153,139,113,115,95,33,5,11,38,19,57,66,12,32,4,40.681835191976646
Solaris,Solaris,0,544,392,420,318,314,2,1,3,4,5,138,129,129,108,102,3,6,1,4,0,31,4,7,8,3,33.48659240287592
My Best Friend's Wedding,My-Best-Friend's-Wedding,1,1184,683,482,279,186,3,2,2,2,3,171,154,123,91,70,17,7,3,0,0,41,10,11,1,3,53.20974473454334
Star Trek: First Contact,Star-Trek-First-Contact,1,568,345,269,251,314,3,5,6,4,4,136,90,73,71,86,1,0,0,0,0,35,0,2,9,5,40.937135234283815
Insomnia,Insomnia,1,683,384,371,263,258,2,2,2,2,2,137,109,112,84,88,19,1,0,1,0,40,15,10,10,13,44.91374182034503
Liar Liar,Liar-Liar,1,1129,302,191,260,196,2,1,0,3,2,165,102,69,86,67,11,0,2,0,0,53,33,0,1,10,67.10424480562006
The Flintstones,"Flintstones,-The",1,786,495,241,412,346,3,3,3,5,4,129,105,83,99,96,1,2,1,0,1,72,78,26,16,8,41.1955293977766
Blade,Blade,1,488,372,660,436,148,2,3,3,4,3,127,110,144,115,44,6,1,0,0,4,16,18,32,17,8,24.35452923553371
The Bounty Hunter,"Bounty-Hunter,-The",1,829,580,294,208,148,1,1,2,2,4,155,134,90,77,57,20,10,5,8,0,24,44,2,8,6,50.62564734204854
Tin Cup,Tin-Cup,1,1169,621,571,364,355,3,4,3,3,3,155,125,116,94,89,36,11,6,7,1,54,3,8,5,2,50.857476465007665
The Hitchhiker's Guide to the Galaxy,"Hitchhiker's-Guide-to-the-Galaxy,-The",1,603,465,419,322,560,2,2,2,4,12,137,126,124,93,106,3,0,0,1,0,19,13,6,1,1,31.040578989530676
Cellular,Cellular,1,611,428,252,273,119,1,1,1,2,1,130,117,86,79,52,36,0,5,4,1,33,32,8,8,0,44.652149547674334
Dune,Dune,0,556,301,252,242,242,3,2,2,4,3,137,89,87,78,85,0,0,0,0,0,32,17,8,1,21,45.320658722720566
Revolutionary Road,Revolutionary-Road,1,669,499,300,144,163,2,2,3,1,4,145,138,87,61,56,16,3,1,1,0,29,37,5,6,8,44.47269542616607
Frankenstein,Frankenstein,1,617,369,314,353,264,2,2,2,2,4,143,114,110,117,85,3,0,0,1,0,28,4,18,10,5,38.87733887733888
Deep Rising,Deep-Rising,0,502,247,272,302,196,2,1,2,3,4,116,91,84,100,72,10,1,4,9,0,3,8,18,7,4,39.68582262274093
Argo,Argo,1,656,450,444,224,264,3,4,4,2,3,132,103,102,71,83,0,4,10,2,0,28,21,15,1,5,38.86549041927528
The Fugitive,"Fugitive,-The",1,519,539,222,207,148,2,2,3,3,2,121,128,76,59,55,1,1,0,2,0,77,21,9,13,4,37.74919614147909
The Mechanic,"Mechanic,-The",1,1129,1115,453,258,262,2,2,3,1,3,175,160,118,86,75,1,7,4,0,5,83,159,32,4,16,39.64819451662178
Notting Hill,Notting-Hill,1,883,655,297,265,209,3,2,2,3,3,147,137,76,77,67,4,5,1,1,1,37,7,2,15,3,48.90724015767675
Red Riding Hood,Red-Riding-Hood,1,782,739,600,486,374,2,4,3,2,2,148,143,137,124,103,0,0,0,0,1,121,71,42,35,35,32.916066614969914
15 Minutes,15-Minutes,1,507,565,427,323,282,1,1,1,2,3,125,135,119,95,102,7,16,10,2,2,16,5,16,9,9,25.569115231166396
Lord of War,Lord-of-War,1,1447,275,183,333,116,4,2,1,4,2,166,93,63,89,49,37,0,8,1,1,45,13,8,3,1,75.95182223073607
The Proposal,"Proposal,-The",1,1220,1031,404,354,353,2,2,2,3,2,175,161,115,108,105,11,9,2,1,0,137,125,37,42,50,44.25923721077907
American Hustle,American-Hustle,1,803,700,445,416,382,2,2,2,2,2,155,145,121,109,106,38,28,14,16,19,7,0,0,3,3,33.39157476275968
The Social Network,"Social-Network,-The",1,1084,902,705,447,421,3,3,3,4,4,154,156,135,109,103,8,8,7,6,5,132,121,63,27,34,36.55273976805547
He's Just Not That Into You,He's-Just-Not-That-Into-You,1,602,426,360,345,342,2,1,1,1,2,146,133,112,107,104,6,5,2,1,8,26,14,4,18,8,37.20178372352285
Scream 3,Scream-3,1,565,299,295,376,565,3,2,2,3,3,131,95,95,105,131,21,13,2,0,21,55,24,62,23,51,27.774594722119236
The Talented Mr. Ripley,"Talented-Mr.-Ripley,-The",1,787,495,421,348,251,2,2,2,3,3,155,128,121,104,85,2,3,3,0,0,88,30,39,32,18,45.614242761429004
The Last of the Mohicans,"Last-of-the-Mohicans,-The",1,772,556,425,440,342,3,3,3,3,4,149,123,121,106,82,0,0,0,0,0,60,38,26,9,27,36.71923107815053
JFK,JFK,1,2117,557,476,589,748,6,3,4,3,7,189,119,107,121,116,1,1,1,43,3,701,68,80,69,157,66.07004042288557
17 Again,17-Again,1,814,580,323,261,234,2,2,1,1,2,144,118,100,82,81,9,3,0,1,1,124,13,34,16,16,47.5786218565844
Unknown,Unknown,1,1130,697,560,414,358,2,2,3,2,3,162,145,121,107,87,0,4,0,0,1,137,56,36,28,21,48.10175710959
Gothika,Gothika,1,785,497,423,330,272,2,3,4,4,3,151,132,113,103,84,8,0,3,0,13,35,14,3,14,0,47.70367998292104
The Lincoln Lawyer,"Lincoln-Lawyer,-The",1,1385,584,418,396,354,2,2,4,2,4,192,141,117,125,93,17,7,0,2,0,259,67,39,22,17,62.53276839602511
The Prestige,"Prestige,-The",1,731,576,615,333,258,2,2,3,2,4,152,135,128,110,85,0,1,0,0,0,49,27,33,12,18,33.638749817722264
Autumn in New York,Autumn-in-New-York,1,782,750,332,285,257,2,2,2,2,2,148,151,97,87,78,1,6,3,2,0,35,30,5,3,2,41.107591223747505
Paul,Paul,1,928,1223,753,544,426,2,3,2,2,2,144,148,131,123,106,1,22,1,1,3,118,137,115,48,39,25.2198716425006
Colombiana,Colombiana,1,379,302,249,366,294,0,1,0,2,1,114,105,90,117,103,3,9,1,1,3,10,14,4,12,5,24.667644415006862
8MM,8MM,1,932,256,493,320,330,3,2,4,4,3,159,88,113,104,92,7,36,6,0,1,34,6,8,6,0,57.06134735045039
The Doors,"Doors,-The",0,1332,398,456,316,757,3,2,2,3,9,173,106,106,85,111,46,7,5,19,2,97,38,31,6,65,56.13172086942311
Arthur,Arthur,1,1413,921,588,376,208,2,2,3,3,3,174,149,126,102,71,15,15,1,0,1,105,34,33,35,16,49.759991272409906
The Other Boleyn Girl,"Other-Boleyn-Girl,-The",1,432,618,445,384,290,1,2,2,3,3,127,146,126,119,103,1,1,0,1,1,41,13,20,25,4,21.996540014096237
Get Carter,Get-Carter,0,503,143,127,212,158,1,0,0,2,1,138,59,52,70,58,4,2,3,4,0,89,3,5,5,16,61.94900981473953
Amelia,Amelia,0,957,762,304,283,196,2,3,4,3,1,169,146,90,92,68,1,0,0,2,2,36,31,9,7,5,50.11073783750154
Cirque du Freak: The Vampire's Assistant,Cirque-du-Freak-The-Vampire's-Assistant,0,950,936,761,280,333,2,2,2,2,2,156,167,145,98,90,2,2,3,1,1,172,109,93,41,33,33.587786259541986
New York Minute,New-York-Minute,0,643,630,203,166,166,2,2,2,2,1,142,132,69,56,56,3,1,0,0,1,22,35,2,5,3,42.24050411342552
Pandorum,Pandorum,0,1375,940,627,596,578,4,3,3,3,4,166,147,122,133,112,15,8,5,0,2,105,82,28,35,22,45.36638202473614
The Hudsucker Proxy,"Hudsucker-Proxy,-The",0,976,593,583,217,238,4,5,4,3,4,157,121,115,65,70,7,6,5,0,1,89,43,20,6,10,43.00378044695411
Frankenweenie,Frankenweenie,1,242,155,221,115,124,0,1,2,1,2,83,68,71,38,56,0,0,0,0,0,43,25,15,4,3,38.26241878012996
Serenity,Serenity,1,1217,717,439,632,424,3,4,3,4,3,165,138,111,119,110,3,2,1,3,0,147,63,46,78,34,45.40543339431807
The Ugly Truth,"Ugly-Truth,-The",1,935,980,243,248,152,2,2,1,3,3,159,165,71,78,53,22,27,0,2,0,44,29,5,7,2,40.41514534121397
Star Trek: Generations,Star-Trek-Generations,1,540,345,385,334,347,3,3,6,3,4,141,104,85,94,107,0,0,1,0,0,33,4,4,20,3,34.302157231793835
Water for Elephants,Water-for-Elephants,1,1088,1068,758,372,334,3,4,3,2,4,167,151,153,97,96,6,4,0,1,0,162,203,132,25,29,34.92962014158609
Enough,Enough,1,903,738,382,405,362,2,2,2,2,2,152,158,99,116,112,2,6,1,4,0,46,65,23,28,28,38.68647172450543
Rush,Rush,1,680,641,270,205,190,2,2,3,2,3,159,161,86,78,68,3,17,0,0,0,16,4,1,6,6,39.314160029326494
Angel Eyes,Angel-Eyes,0,758,496,194,196,153,1,1,1,1,3,154,135,81,69,53,12,0,0,0,0,68,3,8,2,4,55.65790798348938
The Thing,"Thing,-The",0,601,316,287,257,230,1,1,2,2,2,137,98,90,89,72,13,10,3,0,3,56,14,13,5,8,44.58392966673482
White Squall,White-Squall,0,755,393,310,353,408,2,1,2,3,7,147,117,92,92,89,1,2,10,1,0,58,20,9,13,5,43.86047331023549
The Master,"Master,-The",1,742,1362,250,186,244,1,3,2,3,2,148,198,89,67,80,13,3,2,0,0,40,64,17,11,9,29.625952303667926
Twilight,Twilight,1,1118,1013,379,288,358,2,3,2,3,3,170,158,104,79,98,5,2,0,0,0,85,95,19,29,18,42.44552623542726
Burn After Reading,Burn-After-Reading,1,473,532,468,302,217,2,2,3,2,2,107,125,116,98,83,2,16,30,27,0,50,20,20,17,12,26.51110228765157
Magnolia,Magnolia,1,517,388,754,357,310,3,2,3,2,4,134,110,153,103,85,1,20,44,9,33,23,29,11,14,10,25.473623497049562
Hot Tub Time Machine,Hot-Tub-Time-Machine,1,1038,965,640,496,278,2,2,2,2,3,174,167,137,123,85,20,52,12,9,0,148,64,63,30,17,38.19754041822984
Breakdown,Breakdown,1,481,485,229,204,231,1,2,1,1,2,112,104,75,62,75,22,10,2,8,0,68,45,36,6,12,41.08634529970253
Reindeer Games,Reindeer-Games,0,781,580,415,407,238,2,2,1,3,2,144,126,119,108,72,22,18,8,9,6,40,35,64,31,3,40.703149523909175
Gattaca,Gattaca,0,406,400,341,227,291,2,2,3,2,5,119,121,104,83,84,0,2,0,1,0,19,8,5,9,2,27.653949587492594
It,It,1,433,378,247,310,256,1,2,1,1,2,123,96,88,100,85,10,8,1,4,3,37,16,14,15,9,33.60890757908822
The Hangover,"Hangover,-The",1,815,597,504,214,202,2,2,1,2,3,147,134,126,78,68,11,6,4,1,2,124,75,40,5,13,41.037381774508326
The Blind Side,"Blind-Side,-The",1,996,474,499,439,265,2,2,2,3,5,160,119,130,111,78,2,2,1,3,0,178,36,47,37,20,48.8588389087714
Batman,Batman,1,410,403,438,336,175,1,2,2,2,2,122,110,124,113,71,1,4,5,0,0,25,29,15,22,6,25.72897388443348
Rush Hour,Rush-Hour,1,779,494,321,201,242,3,4,4,4,5,132,103,78,69,74,34,5,10,4,0,19,4,4,4,2,47.96466376089664
Horrible Bosses,Horrible-Bosses,1,844,772,763,496,380,2,2,2,2,2,155,150,149,119,95,30,18,23,14,12,97,94,110,33,23,28.561471982157787
Saving Mr. Banks,Saving-Mr.-Banks,1,817,632,446,241,225,3,2,3,2,1,147,132,110,72,72,3,0,1,0,4,60,51,25,10,20,42.113352027610006
Star Trek: The Motion Picture,Star-Trek-The-Motion-Picture,1,1038,630,698,369,287,5,6,6,7,8,165,125,139,101,70,0,0,0,1,0,199,78,61,65,10,44.61421064497667
This is 40,This-is-40,1,721,835,414,289,244,1,1,2,1,1,143,159,117,95,88,16,39,3,12,1,45,27,7,8,6,36.0096923898312
L.A. Confidential,L.A.-Confidential,1,628,481,440,621,413,2,1,2,4,3,129,133,105,121,100,8,18,8,4,9,63,35,20,21,32,30.787093620141768
The Cell,"Cell,-The",1,382,565,378,258,277,1,3,4,2,5,110,140,103,85,86,2,6,3,3,0,19,22,14,4,6,25.24283583894241
TMNT,TMNT,1,401,304,289,336,307,2,2,1,3,3,106,90,96,99,88,2,0,1,0,0,12,6,11,4,8,25.91375304584348
Malcolm X,Malcolm-X,1,1216,447,317,337,323,3,2,3,6,5,177,116,102,93,77,20,1,0,1,0,47,13,13,6,5,62.97262583286506
Donnie Brasco,Donnie-Brasco,1,823,751,430,361,275,2,2,2,2,2,156,144,123,106,78,80,79,6,24,6,49,86,24,17,6,35.23958799820869
Max Payne,Max-Payne,1,286,482,192,182,169,2,3,2,3,6,97,125,75,66,39,1,2,1,0,0,14,26,3,7,30,24.840883564208163
The Ladykillers,"Ladykillers,-The",1,1429,547,369,144,128,7,3,3,4,3,151,124,88,46,43,2,3,65,0,10,46,4,8,0,3,62.68280720527912
The Back-up Plan,"Back-up-Plan,-The",1,739,575,272,248,250,1,1,1,2,3,149,135,94,85,90,21,13,7,1,0,38,18,6,3,13,47.7351070544254
The Pianist,"Pianist,-The",1,342,275,167,201,198,1,2,2,2,3,105,86,61,68,67,1,5,0,1,0,14,3,10,0,6,37.18683138932985
Mirrors,Mirrors,1,510,351,330,298,160,2,1,4,4,4,139,120,104,97,67,8,1,2,0,0,55,68,12,4,0,40.15627977892129
Queen of the Damned,Queen-of-the-Damned,0,527,479,390,220,239,2,2,3,2,3,138,123,107,83,88,0,0,0,0,0,24,52,31,17,14,30.77689243027889
Flash Gordon,Flash-Gordon,0,372,267,362,280,295,2,1,3,2,3,107,85,100,83,96,0,3,0,0,0,33,27,15,26,23,26.525557306912866
Heist,Heist,0,639,362,445,368,420,1,1,2,1,2,132,109,104,108,113,7,1,8,3,6,9,2,2,1,3,32.96837273792164
Wonder Boys,Wonder-Boys,0,975,591,507,331,263,1,2,2,2,2,167,138,127,107,88,13,1,1,4,1,66,8,7,20,7,49.53444280598272
The Shipping News,"Shipping-News,-The",0,928,534,451,384,361,1,1,2,4,2,175,129,108,97,88,3,2,2,2,1,43,32,13,18,14,44.514985583154775
Whiteout,Whiteout,0,620,421,428,226,151,1,3,2,1,1,133,111,113,75,71,10,0,2,1,1,56,11,15,2,1,46.25197603029299
A Few Good Men,A-Few-Good-Men,1,1289,657,594,609,411,4,4,5,4,3,168,136,130,124,114,16,3,1,10,1,182,55,55,20,17,48.79334898579732
Bridesmaids,Bridesmaids,1,1341,580,731,463,339,2,2,3,2,3,172,120,134,113,91,24,5,2,0,0,491,190,197,72,78,51.44594634390553
The Reader,"Reader,-The",1,556,279,295,198,238,2,0,3,2,2,132,99,95,76,86,0,0,0,0,0,11,3,5,3,3,41.85081081081081
Source Code,Source-Code,1,1241,862,746,569,262,2,4,2,3,4,186,159,147,137,75,18,0,1,3,0,102,31,46,33,41,44.36282164437504
Apocalypse Now,Apocalypse-Now,1,911,422,303,270,320,3,2,3,2,2,154,95,85,78,92,10,7,7,10,8,81,28,11,19,7,53.85658539285418
42,42,1,1077,640,453,420,278,3,2,1,2,3,163,142,113,108,84,2,2,0,0,0,105,51,33,29,17,46.14928909952607
Flight,Flight,1,1022,420,460,430,401,2,1,2,3,8,160,105,103,104,98,41,13,2,6,0,62,33,41,16,5,49.380291524831975
The Hunt for Red October,"Hunt-for-Red-October,-The",1,783,707,489,495,288,4,4,3,5,3,134,132,112,96,86,1,0,3,2,0,66,26,60,35,17,32.509806977892076
The Addams Family,"Addams-Family,-The",1,313,288,158,173,124,2,3,2,2,2,85,90,60,71,45,0,0,0,0,0,15,17,3,3,5,31.35891819826683
Analyze This,Analyze-This,1,875,749,371,295,228,2,2,2,2,2,155,144,96,97,89,9,44,9,0,9,43,28,15,9,11,43.124036622281636
Se7en,Se7en,1,930,763,279,301,246,3,2,2,3,3,157,144,92,102,85,2,45,0,0,0,24,23,11,8,10,44.53084499740798
Up in the Air,Up-in-the-Air,1,1126,640,437,306,204,2,3,2,2,2,160,130,115,89,72,17,4,3,2,5,32,5,5,14,14,53.426366423512
Looper,Looper,1,949,679,584,376,363,2,1,2,2,2,155,131,128,81,99,12,10,13,4,10,78,78,39,36,16,39.00879142111873
Midnight in Paris,Midnight-in-Paris,1,902,524,402,327,330,4,3,3,4,5,155,112,107,101,92,0,0,0,0,0,48,32,4,2,6,49.51837739332118
Blow,Blow,1,929,453,259,167,207,2,2,2,1,2,158,124,85,63,74,45,8,27,3,0,76,49,20,16,24,61.46116041957016
Sicario,Sicario,1,477,502,483,311,179,1,2,2,1,4,130,143,113,105,63,7,0,4,13,0,15,27,19,8,10,25.02057613168725
Black Rain,Black-Rain,1,714,433,381,245,288,1,2,2,1,2,140,99,105,76,79,14,1,7,4,0,65,57,31,14,27,43.63410301953818
John Wick,John-Wick,1,325,282,101,107,133,0,3,0,1,3,98,78,40,42,51,2,8,14,0,0,29,15,2,0,6,45.28100775193799
Hanna,Hanna,1,869,699,630,410,290,3,2,3,2,3,148,133,122,113,85,2,10,0,4,4,72,96,49,39,41,35.55324238128985
Larry Crowne,Larry-Crowne,1,662,752,423,231,284,1,2,2,2,2,125,140,98,71,89,1,9,0,1,2,13,11,6,0,0,31.927177300311627
Carrie,Carrie,1,256,254,237,291,201,1,0,1,1,1,90,89,86,101,74,1,3,0,3,18,10,8,12,30,22,25.138563206139413
Get on Up,Get-on-Up,1,926,336,288,182,215,1,1,0,1,3,158,97,86,64,71,4,2,0,2,1,30,21,7,15,8,66.14040980853207
Virtuosity,Virtuosity,0,628,570,314,206,299,3,3,3,3,5,135,136,103,78,87,14,3,2,3,0,21,32,15,1,4,36.60012519997217
The Next Three Days,"Next-Three-Days,-The",1,540,345,254,107,113,1,1,4,1,3,135,118,74,48,46,3,5,0,0,1,30,13,0,2,6,51.04166666666666
Fright Night,Fright-Night,1,1044,503,611,599,478,2,1,2,2,2,177,117,148,126,111,20,0,12,12,1,268,109,94,66,106,42.65827274339422
Eight Legged Freaks,Eight-Legged-Freaks,1,391,340,325,190,300,1,1,2,0,2,112,109,104,70,89,0,1,0,3,0,22,18,10,6,10,26.928389290267745
Antitrust,Antitrust,0,793,527,338,312,224,2,3,2,2,6,148,130,107,94,66,1,0,0,0,1,44,16,22,12,8,48.82426644132988
The Imaginarium of Doctor Parnassus,"Imaginarium-of-Doctor-Parnassus,-The",1,355,540,398,296,294,1,2,2,2,2,106,133,100,101,94,5,4,2,1,1,25,16,13,18,10,18.884833592310194
Machine Gun Preacher,Machine-Gun-Preacher,0,802,358,295,273,167,1,2,1,1,1,142,117,93,76,60,24,1,0,10,0,21,10,24,7,2,55.67402376910017
12 Monkeys,12-Monkeys,1,570,592,564,154,183,1,2,3,1,5,135,135,127,57,64,5,2,5,2,2,4,12,2,0,4,36.961468838893204
Confessions of a Dangerous Mind,Confessions-of-a-Dangerous-Mind,1,1009,387,436,223,279,2,2,3,4,4,164,113,102,77,86,64,19,6,0,2,44,3,6,9,3,55.93892422174729
Mumford,Mumford,0,946,474,473,307,295,3,2,3,3,3,164,125,127,103,96,5,2,3,8,2,64,8,5,1,7,48.714711482738636
The Jacket,"Jacket,-The",0,661,369,365,409,319,1,1,2,2,2,143,115,113,108,101,6,2,0,0,3,44,12,10,12,5,45.29434269045
Indiana Jones and the Temple of Doom,Indiana-Jones-and-the-Temple-of-Doom,1,734,502,200,248,118,2,1,1,5,3,132,118,62,83,46,0,2,0,0,0,33,5,9,5,0,47.47677803965063
Straight Outta Compton,Straight-Outta-Compton,1,571,581,606,473,257,1,2,2,3,1,124,132,121,121,99,81,72,45,12,16,37,54,32,21,15,25.921653774822456
Die Hard,Die-Hard,1,614,542,355,244,243,2,3,2,2,3,126,119,98,83,78,36,4,6,0,2,43,24,1,1,5,35.54606160695053
30 Minutes or Less,30-Minutes-or-Less,1,916,861,733,299,213,1,2,2,1,2,161,148,147,86,72,107,87,60,6,3,24,26,17,15,12,38.108238041276046
Blade Runner,Blade-Runner,1,652,318,265,268,224,2,2,2,4,4,132,110,87,78,71,7,2,1,0,3,16,17,7,9,11,46.263877028181035
We Own the Night,We-Own-the-Night,1,609,363,350,346,318,2,3,3,2,3,142,100,105,89,91,48,10,1,8,1,0,0,0,0,0,46.779025168677734
Kundun,Kundun,0,666,307,172,189,163,3,5,1,3,4,138,80,76,71,58,0,0,0,0,1,24,13,7,5,3,57.96513593123762
How to Lose Friends & Alienate People,How-to-Lose-Friends-&-Alienate-People,0,1324,656,497,420,299,2,3,3,3,4,180,139,120,108,86,17,9,2,14,1,69,43,50,17,20,53.728316804689356
Knocked Up,Knocked-Up,1,1026,662,470,436,318,1,1,1,1,1,153,132,137,112,94,100,39,32,4,4,43,30,14,12,11,43.45298030150469
Anonymous,Anonymous,0,536,427,514,388,322,3,2,4,2,4,123,118,134,103,97,1,0,0,0,0,34,23,19,9,20,25.57566884067616
Limitless,Limitless,1,1160,265,404,278,230,3,1,4,2,2,166,92,95,91,81,18,10,2,5,3,50,12,9,14,11,62.93752828129575
Lake Placid,Lake-Placid,1,548,426,425,538,196,2,1,2,3,3,129,118,122,122,65,9,4,2,6,2,20,8,16,7,12,30.885734432964405
Dark City,Dark-City,1,331,476,340,188,255,1,2,3,2,5,109,122,109,69,48,4,1,1,1,0,4,12,2,11,21,25.356193009118535
Case 39,Case-39,1,606,368,304,293,250,1,1,3,3,2,133,116,94,96,87,2,0,1,0,0,29,26,11,1,0,46.98605795516676
Suspect Zero,Suspect-Zero,0,522,623,233,337,115,2,2,1,3,2,127,144,81,94,44,14,7,0,6,0,12,7,5,9,2,32.021433850702145
Shakespeare in Love,Shakespeare-in-Love,1,718,381,315,330,223,2,2,2,3,3,139,114,97,95,88,0,0,0,0,0,32,55,35,26,15,42.39821216565402
Pineapple Express,Pineapple-Express,1,756,811,368,145,171,1,1,1,1,2,145,154,106,63,69,59,132,46,2,8,74,51,20,12,7,40.511030065824585
Philadelphia,Philadelphia,1,800,880,385,254,254,3,4,4,4,4,153,155,104,80,86,11,11,1,0,0,20,48,5,10,8,34.41213365263998
Final Destination 2,Final-Destination-2,1,491,360,407,190,223,2,2,2,2,2,126,100,117,68,70,5,3,8,1,8,35,26,23,4,3,37.746442094268176
Legion,Legion,1,400,340,254,251,287,2,1,1,1,1,108,110,87,89,104,10,3,4,22,0,17,21,10,1,11,27.88922155688623
Blood and Wine,Blood-and-Wine,0,1057,791,550,557,493,2,2,1,2,2,150,133,128,124,108,15,5,5,2,7,100,70,32,43,18,35.98639086450586
The Help,"Help,-The",1,589,646,582,596,433,2,2,2,3,2,135,124,120,127,123,2,0,3,0,0,52,45,53,53,28,22.85391945524508
Gran Torino,Gran-Torino,1,1430,453,456,332,325,2,1,2,2,1,168,113,114,105,89,25,9,4,0,1,229,59,37,30,24,63.98390014177001
Schindler's List,Schindler's-List,1,744,361,250,117,94,2,2,3,1,3,161,104,82,56,39,0,2,2,0,0,30,4,7,0,0,63.67013633336839
Freddy vs. Jason,Freddy-vs.-Jason,1,430,441,405,256,300,1,3,2,1,2,123,124,111,89,91,5,3,12,4,3,69,25,21,13,2,31.80994638565354
No Country for Old Men,No-Country-for-Old-Men,1,411,501,424,192,213,1,1,2,1,3,101,123,115,69,77,3,2,0,0,1,6,22,8,4,3,23.19980829905348
No Strings Attached,No-Strings-Attached,1,1315,1114,187,286,189,2,2,1,2,2,165,159,58,85,64,38,30,1,2,3,69,45,5,8,7,49.4129001125945
Tombstone,Tombstone,1,763,478,341,271,251,1,2,1,3,1,170,129,100,82,91,4,3,3,0,0,67,34,23,13,25,50.33416022180067
Scarface,Scarface,1,529,267,81,123,113,2,3,2,4,2,115,69,33,44,36,29,3,0,3,2,16,14,2,0,4,63.49695219762592
August: Osage County,August-Osage-County,1,789,905,355,326,354,2,3,2,3,3,154,158,109,106,107,44,17,1,1,2,40,55,7,9,11,31.472959610557538
Cradle 2 the Grave,Cradle-2-the-Grave,1,400,191,364,318,206,1,0,2,3,3,111,69,98,81,75,20,0,1,16,0,34,6,9,4,9,36.28691983122363
The Shawshank Redemption,"Shawshank-Redemption,-The",1,1147,761,469,271,310,3,2,2,2,2,162,139,111,80,87,23,1,5,22,6,92,30,12,4,5,49.050851591398725
The Losers,"Losers,-The",1,524,629,475,384,368,1,4,2,2,2,126,118,121,91,107,4,9,9,7,0,59,26,18,22,11,24.48927477017365
The Ruins,"Ruins,-The",0,1347,786,801,688,319,3,2,2,2,4,185,146,141,140,70,12,4,4,14,0,314,166,148,112,53,45.6721002824159
The Box,"Box,-The",1,840,733,456,356,227,2,3,4,3,3,147,133,106,91,69,1,5,0,0,0,73,65,28,20,7,39.00519978106185
Warrior,Warrior,0,475,318,504,362,340,1,1,4,1,4,123,91,105,105,81,4,3,0,6,0,28,27,37,8,18,27.07266109463467
Deception,Deception,0,1504,759,333,234,236,3,3,4,4,6,185,140,83,76,69,6,10,0,0,0,61,63,14,4,13,64.50613780466051
Scream 2,Scream-2,1,349,353,351,312,305,2,2,3,2,2,93,91,101,90,90,6,9,1,3,4,33,25,9,3,13,23.728813559322035
I Still Know What You Did Last Summer,I-Still-Know-What-You-Did-Last-Summer,1,429,424,358,357,202,1,1,2,1,1,117,110,93,104,71,1,1,2,2,2,58,34,7,28,6,30.233674775928296
The Men Who Stare at Goats,"Men-Who-Stare-at-Goats,-The",1,898,684,335,295,193,3,2,3,4,3,151,128,90,82,73,13,4,1,3,0,6,31,1,1,0,46.208784047960386
Bad Boys,Bad-Boys,1,736,738,505,268,251,1,2,1,2,2,140,141,131,80,81,25,35,15,13,7,48,29,23,12,14,35.46678807629637
Final Destination,Final-Destination,1,352,283,167,118,123,1,2,1,3,3,116,101,71,57,54,4,5,10,2,0,11,13,4,1,5,42.989449947652396
The Ides of March,"Ides-of-March,-The",1,718,290,514,414,253,2,2,3,3,2,140,96,126,118,85,29,10,20,9,1,39,9,15,13,15,43.229635910753096
Pitch Black,Pitch-Black,1,512,561,508,233,223,1,2,2,3,3,136,135,133,92,80,13,12,15,0,0,43,17,9,3,2,31.966240721282574
Her,Her,1,723,730,356,156,145,2,2,2,2,6,143,149,104,60,41,13,10,5,0,0,43,23,4,8,5,43.25560592815467
Ghost,Ghost,1,597,541,439,446,516,1,1,1,1,4,124,126,120,113,87,12,1,1,4,0,61,40,71,41,93,24.67911949957793
Gandhi,Gandhi,1,1028,340,229,301,208,3,3,3,5,4,168,96,82,86,76,3,1,0,0,0,45,23,5,18,7,67.5992966487381
Jay and Silent Bob Strike Back,Jay-and-Silent-Bob-Strike-Back,1,893,316,447,323,389,3,2,4,2,5,152,97,113,105,101,236,8,9,19,19,64,33,11,21,19,54.19118893652063
Silver Linings Playbook,Silver-Linings-Playbook,1,939,655,314,207,269,2,2,2,0,2,165,135,93,70,81,36,32,4,1,1,107,43,26,50,21,57.003346777653825
Death at a Funeral,Death-at-a-Funeral,1,734,430,477,460,338,2,2,2,2,2,142,116,116,123,100,5,4,1,5,2,87,111,62,62,33,37.03119177571733
Pet Sematary,Pet-Sematary,1,591,583,307,319,109,1,2,2,1,1,141,140,95,94,49,9,4,0,2,0,61,57,34,4,1,34.632692594248255
Tinker Tailor Soldier Spy,Tinker-Tailor-Soldier-Spy,1,570,297,275,232,238,3,1,2,2,5,144,92,86,82,75,0,2,4,0,0,25,2,11,1,6,49.07667791526059
eXistenZ,eXistenZ,0,1110,1163,472,458,370,3,4,5,6,4,166,163,105,108,111,2,9,0,0,0,100,106,30,12,11,37.36950510693527
La La Land,La-La-Land,1,508,524,202,155,74,2,1,2,2,1,124,126,75,61,28,3,4,0,2,0,4,9,3,4,3,40.7116953762466
Jaws 2,Jaws-2,1,603,259,236,226,376,1,1,1,1,6,140,88,81,78,100,19,0,8,0,2,71,18,9,15,28,49.75413310724883
The Descendants,"Descendants,-The",1,977,435,307,340,213,2,1,1,1,2,172,127,99,104,85,17,22,8,13,4,68,26,15,4,8,60.501372662966155
Disturbia,Disturbia,1,717,467,348,259,364,2,2,2,3,3,145,129,99,86,98,26,0,9,0,2,39,26,13,11,15,44.33173490716833
Obsessed,Obsessed,1,633,485,429,261,213,2,1,2,3,2,144,128,120,92,70,8,2,3,0,2,102,80,47,13,11,39.48263073309433
12 Years a Slave,12-Years-a-Slave,1,890,710,303,313,434,4,2,4,4,4,152,161,96,95,96,2,22,3,3,8,84,72,5,15,45,39.037075917354585
Edward Scissorhands,Edward-Scissorhands,1,495,212,255,284,268,1,0,0,2,2,129,91,94,90,87,1,1,3,0,0,50,15,6,15,3,45.458536371219104
Orphan,Orphan,1,979,833,1039,263,414,3,2,3,3,5,151,150,159,87,93,8,0,7,0,0,129,85,128,20,20,32.7228665397265
The American,"American,-The",1,688,316,275,425,379,2,2,2,3,2,137,99,89,117,102,3,1,0,0,11,16,4,0,4,23,37.19806763285024
Eternal Sunshine of the Spotless Mind,Eternal-Sunshine-of-the-Spotless-Mind,1,591,830,365,233,264,1,1,2,2,3,133,152,107,75,93,11,28,8,3,0,19,41,15,12,23,30.91772084843091
Babel,Babel,1,326,370,232,136,144,2,2,2,0,2,110,105,91,57,66,17,1,0,1,0,33,20,5,6,2,36.5984217206556
She's Out of My League,She's-Out-of-My-League,1,674,604,542,275,249,1,1,1,1,2,138,135,118,81,86,14,58,2,21,5,86,51,41,12,17,38.90150637311703
Milk,Milk,1,1557,435,436,419,234,3,2,3,2,1,195,111,117,105,86,24,7,1,5,1,105,32,17,14,13,69.64690013969846
The Debt,"Debt,-The",1,375,429,337,233,139,1,1,2,1,4,122,126,112,93,59,1,15,11,2,0,15,31,12,4,0,27.55005585632036
Ghost Ship,Ghost-Ship,1,743,407,474,392,81,2,1,2,2,7,145,120,118,98,23,2,4,20,6,0,43,19,6,15,0,45.64291406743797
Wild Things,Wild-Things,1,551,582,357,381,334,2,2,1,2,2,121,137,104,117,103,12,11,13,5,16,49,72,13,44,15,26.93804250224484
High Fidelity,High-Fidelity,1,1501,557,596,218,195,3,2,3,2,2,175,145,125,72,67,74,9,42,0,0,138,35,41,22,1,65.0126751682516
From Dusk Till Dawn,From-Dusk-Till-Dawn,1,849,523,342,209,206,2,2,2,1,9,149,139,109,79,53,113,14,29,3,0,34,13,10,3,4,53.796788709347524
Monte Carlo,Monte-Carlo,1,896,978,699,426,286,3,3,2,4,3,151,155,133,104,87,0,2,1,0,0,247,282,145,71,65,31.42909139037787
Psycho,Psycho,1,506,559,373,321,296,2,2,2,2,2,127,137,115,102,96,0,0,0,0,0,21,1,36,9,15,27.43396117235193
Into the Wild,Into-the-Wild,1,779,356,563,310,264,2,2,6,3,2,153,107,114,91,86,10,0,1,0,2,26,0,40,3,3,42.3898898175193
A Most Violent Year,A-Most-Violent-Year,0,800,390,371,253,175,2,1,2,3,3,156,126,123,100,79,13,9,7,0,2,7,10,10,4,2,56.12739025653731
A Scanner Darkly,A-Scanner-Darkly,0,782,734,529,428,473,2,4,2,2,3,158,148,122,116,125,31,4,7,13,15,12,4,0,2,0,31.000237997360397
Alone in the Dark,Alone-in-the-Dark,0,315,255,258,241,198,2,3,2,4,4,103,91,84,88,65,1,1,0,0,0,16,6,14,2,3,28.059494984434448
The Brothers Bloom,"Brothers-Bloom,-The",0,824,738,560,230,308,2,2,2,2,4,149,140,122,70,87,15,3,18,0,0,40,17,9,17,3,40.331274687384074
"Synecdoche, New York","Synecdoche,-New-York",0,919,574,503,311,253,2,1,2,2,2,161,127,113,82,86,7,13,9,4,0,113,70,27,30,14,48.278816699869324
Dances with Wolves,Dances-with-Wolves,1,431,305,252,230,245,2,1,1,2,2,131,108,98,89,98,1,0,0,0,0,5,3,0,0,0,32.68111861861862
Bad Teacher,Bad-Teacher,1,1309,602,354,387,344,3,3,2,4,3,169,121,94,97,93,38,0,3,0,1,115,22,26,30,30,59.08332569438079
The Shining,"Shining,-The",1,564,428,351,438,190,2,1,3,5,2,133,118,101,110,74,13,1,5,4,2,105,91,10,11,1,34.04838239580297
Adaptation,Adaptation,1,919,803,609,518,319,3,4,4,3,5,150,141,122,116,71,15,20,6,2,10,49,1,15,5,1,37.44103470161414
The Invention of Lying,"Invention-of-Lying,-The",1,895,466,264,169,146,2,3,1,3,6,159,131,92,58,37,18,0,6,0,0,37,11,3,6,1,64.21415004748339
Fear and Loathing in Las Vegas,Fear-and-Loathing-in-Las-Vegas,0,1489,841,205,118,99,4,2,3,2,3,176,149,72,51,45,42,47,2,1,1,46,36,7,0,0,62.11314262706127
The Mask,"Mask,-The",1,893,586,590,527,370,2,3,3,3,3,147,128,117,113,88,2,2,4,2,1,89,59,45,34,36,37.38305236128168
Legally Blonde,Legally-Blonde,1,948,270,250,225,175,3,2,3,3,3,170,90,93,81,59,10,4,4,1,1,50,8,8,13,3,66.50668845093432
Bad Santa,Bad-Santa,1,584,442,225,267,186,1,2,1,2,2,127,125,80,74,65,105,75,0,22,2,26,18,14,6,0,45.24095636680065
Predator,Predator,1,331,386,235,162,138,1,2,3,2,4,94,115,76,64,53,6,3,11,7,0,36,8,2,6,1,30.517464424320828
Amadeus,Amadeus,1,831,557,378,339,712,2,2,1,2,4,155,137,119,110,154,11,0,9,0,0,6,21,6,16,35,35.99866175978588
Prom Night,Prom-Night,1,515,362,317,198,216,2,3,3,3,2,112,88,89,62,56,0,3,1,0,0,72,49,26,18,26,35.50569800569801
Peggy Sue Got Married,Peggy-Sue-Got-Married,1,958,607,446,315,259,2,2,3,3,5,152,132,115,91,74,2,2,2,1,0,84,23,13,1,13,50.511774077388104
Observe and Report,Observe-and-Report,1,1190,320,377,278,256,3,1,3,3,2,165,91,97,95,90,54,27,6,9,13,115,10,34,25,10,69.27640201420984
Raging Bull,Raging-Bull,1,1243,634,378,218,207,2,2,1,3,6,174,137,108,84,48,49,34,8,0,0,145,115,45,10,18,60.89877439854744
127 Hours,127-Hours,1,747,121,106,100,93,3,2,1,3,5,135,45,45,46,38,20,0,0,0,0,1,3,2,1,0,80.61059190031153
Youth in Revolt,Youth-in-Revolt,1,1177,642,291,315,209,3,3,2,1,2,164,130,88,99,67,11,2,0,1,3,260,130,57,47,14,54.07031778228533
The Ice Storm,"Ice-Storm,-The",0,647,424,315,362,227,3,2,1,3,3,130,118,108,96,71,7,2,4,13,0,53,32,7,13,6,41.04800563588178
The Last Station,"Last-Station,-The",0,441,583,541,480,239,2,2,2,4,1,110,136,140,123,90,1,5,2,1,0,32,22,24,25,4,19.7309535091876
Dragonslayer,Dragonslayer,0,502,391,343,261,246,2,1,2,2,2,118,115,99,91,92,0,2,0,0,0,27,14,10,1,5,31.81899321670832
Ed Wood,Ed-Wood,0,1189,567,302,315,273,2,2,2,3,3,170,131,87,95,82,12,12,6,6,0,132,62,33,32,28,63.272575694418144
RocknRolla,RocknRolla,1,180,401,629,363,476,1,2,3,2,3,1,111,127,101,113,0,19,28,6,5,0,12,42,10,27,26.701771427110767
The Salton Sea,"Salton-Sea,-The",0,919,254,294,250,212,2,0,2,2,6,152,78,85,81,51,35,4,10,3,2,121,11,16,11,2,65.08808891331563
Superbad,Superbad,1,802,559,397,341,304,1,1,1,1,1,153,128,109,107,86,132,57,11,18,22,41,37,6,0,0,44.75003935502733
Hotel Rwanda,Hotel-Rwanda,1,827,233,216,269,192,2,0,2,4,4,154,84,84,80,57,0,0,1,4,1,74,21,11,11,4,68.61806838486932
Aliens,Aliens,1,605,297,293,359,285,2,1,2,4,4,136,93,82,101,82,6,4,14,0,1,59,7,7,11,3,44.272504967140456
Sideways,Sideways,1,1008,902,366,197,186,2,2,2,2,2,159,152,112,67,69,31,53,3,6,0,65,90,13,7,7,42.31178049615364
Friday the 13th,Friday-the-13th,1,249,208,237,241,214,1,1,1,2,1,86,75,68,77,69,3,3,1,2,0,36,12,12,4,19,25.907752698724238
Evil Dead,Evil-Dead,1,319,282,182,190,224,1,1,2,1,7,101,91,75,70,63,0,2,0,0,0,44,14,8,11,0,30.572687224669604
The Hills Have Eyes,"Hills-Have-Eyes,-The",1,553,554,425,345,370,2,3,3,3,3,126,131,108,100,95,6,3,1,1,1,51,49,34,22,7,28.39559418751244
Smokin' Aces,Smokin'-Aces,1,439,446,355,607,432,4,3,3,8,5,111,112,98,112,93,1,15,25,0,14,21,10,5,28,6,20.606518528694576
My Girl,My-Girl,1,569,527,515,286,139,2,3,3,1,4,128,115,120,95,50,1,1,0,0,1,16,47,41,11,17,30.845771144278608
Wall Street,Wall-Street,1,1128,1262,391,429,318,3,4,3,4,3,152,162,110,105,81,8,9,0,2,3,80,54,14,6,24,38.7675018704289
Sense and Sensibility,Sense-and-Sensibility,1,616,594,386,463,379,4,3,3,4,4,147,139,113,116,112,0,0,0,0,0,75,58,58,32,16,30.944672626238226
Dead Poets Society,Dead-Poets-Society,1,552,754,414,284,304,2,3,1,1,3,127,146,111,99,94,3,2,1,3,2,30,32,39,30,15,25.36188669015993
The Verdict,"Verdict,-The",1,807,435,555,492,300,2,2,4,3,3,149,110,86,125,88,4,11,1,1,0,35,8,146,6,14,42.19821673525377
Moonrise Kingdom,Moonrise-Kingdom,1,482,448,387,385,218,1,2,2,3,7,122,118,111,90,51,3,0,0,0,0,11,7,7,15,1,27.960823059409773
The Roommate,"Roommate,-The",1,1063,927,415,352,346,2,2,2,2,2,166,157,105,96,95,10,4,6,1,1,196,169,36,38,21,41.86421361120156
Remember Me,Remember-Me,1,623,504,446,228,203,2,1,2,2,2,139,118,117,74,73,5,2,9,1,1,46,6,19,14,11,37.52970781490284
Jennifer's Body,Jennifer's-Body,1,730,721,433,246,151,2,2,2,2,2,131,136,116,76,54,16,18,5,1,1,43,38,29,4,1,35.84223065384276
Highlander,Highlander,0,531,503,307,381,288,2,2,1,2,3,133,131,104,104,93,0,4,0,0,2,11,20,13,8,6,28.154379020286985
Detroit Rock City,Detroit-Rock-City,0,731,425,468,403,241,2,2,2,2,3,139,114,104,98,73,34,6,17,27,2,42,11,20,13,2,37.145480179678025
Slither,Slither,0,403,416,292,178,172,2,1,1,2,1,105,122,84,59,55,8,5,5,10,3,61,62,3,5,8,31.98647778493239
The King's Speech,"King's-Speech,-The",1,956,954,424,452,319,3,3,5,5,3,168,162,98,105,93,21,3,0,0,0,36,40,5,3,9,39.78074074074074
American Beauty,American-Beauty,1,710,411,308,464,337,2,2,1,2,1,145,112,104,124,99,16,9,11,1,13,22,8,4,21,9,36.963237135780474
"Crouching Tiger, Hidden Dragon","Crouching-Tiger,-Hidden-Dragon",1,476,394,389,276,227,2,1,2,1,3,132,106,117,90,75,0,0,0,0,1,62,57,36,15,20,31.82680696912196
Twins,Twins,1,940,730,230,232,282,3,3,2,2,3,145,149,84,76,86,13,6,0,0,1,121,122,19,21,21,47.320749498720865
Scream,Scream,1,413,378,424,355,347,1,2,2,3,3,127,104,123,103,102,9,9,13,2,5,53,18,26,27,16,26.092509079299198
The Queen,"Queen,-The",1,673,538,257,294,249,3,3,2,5,3,156,136,86,74,89,1,0,0,0,0,3,5,0,2,1,39.516867385027105
The Deer Hunter,"Deer-Hunter,-The",1,405,277,268,156,179,0,0,0,0,0,132,92,100,55,72,10,20,31,1,0,98,50,35,30,20,38.605619146722155
When a Stranger Calls,When-a-Stranger-Calls,1,272,370,258,161,164,1,2,2,1,2,97,110,83,67,75,0,0,0,0,0,43,16,9,1,3,26.914840010078105
Wag the Dog,Wag-the-Dog,1,1037,820,539,197,256,3,2,2,3,7,164,155,126,68,88,8,19,3,2,0,34,15,19,2,2,42.08670880441557
The Theory of Everything,"Theory-of-Everything,-The",1,507,579,218,252,283,2,4,2,3,4,139,132,74,77,86,0,0,1,1,0,23,14,3,10,8,31.85294237925817
Drive,Drive,1,538,675,476,501,495,3,4,4,4,5,132,140,117,119,116,1,12,1,4,8,57,69,56,27,69,21.58084834603356
Malibu's Most Wanted,Malibu's-Most-Wanted,1,756,419,329,314,345,2,2,1,3,3,126,107,99,94,91,12,10,8,4,1,21,8,12,18,21,42.664086437671344
All About Steve,All-About-Steve,1,1544,879,497,292,228,3,4,2,3,2,167,144,112,90,69,14,4,8,0,0,77,104,54,12,23,56.556946376139706
The Princess Bride,"Princess-Bride,-The",1,404,417,360,382,368,3,3,3,3,4,108,116,109,120,107,0,0,0,0,0,27,2,0,1,10,25.15587178170616
Love and Basketball,Love-and-Basketball,1,602,531,334,329,217,1,1,2,2,3,126,131,97,89,71,16,18,0,5,0,18,14,8,9,8,33.634297833661556
Boogie Nights,Boogie-Nights,1,407,416,233,183,191,-1,0,0,0,0,119,116,87,61,64,33,11,4,5,9,39,33,7,14,16,39.20600767835296
The Big Lebowski,"Big-Lebowski,-The",1,788,744,314,275,156,2,3,4,2,4,152,147,95,103,61,133,100,1,3,0,176,140,13,9,20,44.103789846245775
The Hurt Locker,"Hurt-Locker,-The",1,787,552,423,176,154,1,1,2,1,3,143,126,105,59,36,11,16,7,1,0,41,32,9,2,14,44.84765386959171
Confidence,Confidence,0,978,414,314,332,324,2,2,2,2,3,167,118,93,91,90,29,19,8,9,4,62,7,6,12,6,61.275304105712394
Black Snake Moan,Black-Snake-Moan,0,854,467,309,238,214,1,1,1,1,1,148,121,92,73,71,23,26,6,14,14,22,17,14,2,6,51.88379364252214
Mulholland Drive,Mulholland-Drive,1,479,238,160,277,210,1,1,0,3,3,124,80,71,85,79,0,1,0,1,0,49,19,1,7,1,49.530890423083726
Groundhog Day,Groundhog-Day,1,1222,570,93,172,73,2,1,1,1,7,179,144,38,57,27,7,0,0,3,0,77,50,0,19,2,66.29163651642118
Pretty Woman,Pretty-Woman,1,724,686,418,259,182,1,2,2,0,3,149,148,128,83,64,16,4,5,4,0,30,33,37,2,2,38.991571787668185
Slumdog Millionaire,Slumdog-Millionaire,1,616,638,346,204,274,2,3,1,1,3,135,142,105,73,87,2,1,12,1,0,58,44,26,21,1,28.02077391852541
The Iron Lady,"Iron-Lady,-The",1,868,401,244,115,108,3,2,3,5,10,152,113,79,52,25,0,0,0,0,0,29,7,3,3,0,65.29327503015682
Jason X,Jason-X,1,405,433,344,284,271,1,2,1,1,1,123,116,99,79,83,18,10,7,4,6,18,20,14,24,18,26.935913142664017
Margaret,Margaret,0,1242,648,504,360,366,3,2,3,3,5,176,142,133,101,105,38,8,12,0,1,112,56,43,16,6,56.56212569361265
Black Swan,Black-Swan,1,611,689,440,430,126,2,3,2,2,3,128,132,106,113,32,4,8,6,1,0,44,60,39,43,10,30.48470480706064
Save the Last Dance,Save-the-Last-Dance,1,564,610,385,375,294,1,1,1,1,1,138,141,105,107,99,23,26,10,2,23,32,43,33,14,6,32.755096552095104
The Butterfly Effect,"Butterfly-Effect,-The",1,739,425,264,234,159,2,2,1,1,1,146,119,95,80,60,28,11,0,19,2,52,31,19,14,2,55.64549539500939
10 Things I Hate About You,10-Things-I-Hate-About-You,1,625,480,438,332,434,3,1,2,2,3,140,116,121,99,109,8,7,6,3,4,12,6,16,11,16,29.602410749976936
Being John Malkovich,Being-John-Malkovich,1,596,473,463,547,338,2,2,2,3,2,134,125,112,129,99,8,11,11,2,7,93,55,39,28,24,30.802122507856367
The Perks of Being a Wallflower,"Perks-of-Being-a-Wallflower,-The",1,664,542,408,300,208,2,2,1,1,2,148,120,111,85,70,2,11,3,5,0,50,42,34,14,4,46.58166934011837
Room,Room,1,730,505,232,192,139,1,1,0,1,0,150,134,92,73,56,6,0,0,0,0,65,54,22,4,19,53.54575656901238
Serial Mom,Serial-Mom,0,535,227,248,206,113,3,1,2,2,1,119,72,75,61,46,8,3,1,1,6,38,25,5,12,0,49.53224707267208
Birthday Girl,Birthday-Girl,0,481,321,366,117,152,1,0,2,0,7,129,111,104,56,41,10,3,2,2,0,7,8,14,1,11,41.748318056621656
Machete,Machete,1,386,190,373,231,162,2,0,2,3,3,101,66,107,82,61,15,1,13,10,3,3,9,11,2,1,32.173523003972825
Jaws,Jaws,1,559,814,687,321,211,2,2,3,5,1,124,136,127,92,72,2,9,3,0,0,9,3,5,3,1,24.18767767475225
The Fault in Our Stars,"Fault-in-Our-Stars,-The",1,927,773,275,276,315,2,2,1,3,4,159,154,81,93,91,19,1,0,5,0,35,39,11,11,11,46.31341945919951
American Pie,American-Pie,1,477,428,399,221,251,1,1,2,1,2,122,99,100,77,68,15,14,13,2,20,42,24,16,2,7,33.573185506075845
Star Trek II: The Wrath of Khan,Star-Trek-II-The-Wrath-of-Khan,1,728,413,337,424,350,3,5,3,4,4,156,105,104,119,99,0,0,0,0,0,80,8,3,17,10,42.40773609156007
Witness,Witness,1,618,455,301,206,258,2,1,2,1,6,138,130,93,88,55,2,0,2,0,2,25,29,13,16,39,37.420949334884064
Chronicle,Chronicle,1,476,581,393,135,59,2,2,2,1,2,119,131,108,53,24,14,23,29,1,0,12,29,20,17,4,29.61455944366353
Jackie Brown,Jackie-Brown,1,792,983,663,358,380,2,3,2,1,3,153,158,143,100,109,37,154,3,11,5,53,74,39,9,27,29.568256415026642
Crank,Crank,1,491,180,171,243,172,1,0,2,3,3,120,78,52,68,67,36,0,14,8,7,82,21,16,31,24,54.157837614347
Stir of Echoes,Stir-of-Echoes,1,936,640,456,421,298,2,2,3,2,3,158,146,115,104,104,20,4,3,5,1,113,77,38,46,9,42.52228128372168
Rachel Getting Married,Rachel-Getting-Married,1,836,597,377,260,262,3,3,2,2,3,149,143,108,94,92,9,6,4,0,1,29,23,33,9,3,43.07901689216237
Arbitrage,Arbitrage,1,829,298,374,361,277,2,1,2,2,2,159,96,101,109,83,18,31,18,3,1,57,10,12,7,2,51.318920814649665
Gremlins,Gremlins,1,952,271,263,249,278,2,2,2,2,3,148,76,76,77,74,6,0,0,1,0,112,24,37,21,19,63.39893635039464
The Fighter,"Fighter,-The",1,734,1093,570,475,270,3,4,3,2,3,137,165,117,118,74,7,29,7,20,8,80,183,91,41,31,23.939539092021928
Major League,Major-League,1,743,563,338,445,406,2,3,2,4,3,138,128,94,97,109,12,8,2,1,3,39,20,7,33,5,37.382451231833365
Phone Booth,Phone-Booth,1,939,988,318,230,152,2,3,2,3,1,162,159,101,77,54,42,9,6,5,8,19,56,1,2,1,43.3340091792159
Cruel Intentions,Cruel-Intentions,1,838,661,387,215,185,2,2,1,0,1,155,143,113,72,66,46,21,4,2,5,42,41,6,7,5,45.71328015016425
Barry Lyndon,Barry-Lyndon,1,2161,412,349,367,354,8,5,5,5,5,185,112,107,108,96,2,0,0,0,0,86,3,7,19,9,77.72448955835448
Army of Darkness,Army-of-Darkness,1,594,151,156,142,86,2,1,4,2,3,126,70,62,52,31,3,0,0,0,1,8,5,2,6,0,63.403748884260644
Alien,Alien,1,708,566,360,409,373,2,2,2,4,3,142,132,105,106,84,3,5,2,0,0,15,12,5,1,2,38.937425612195796
2001: A Space Odyssey,2001-A-Space-Odyssey,1,305,504,317,346,508,4,5,4,4,9,88,119,93,88,99,0,0,0,0,0,22,9,21,1,7,16.547982366904034
Good Will Hunting,Good-Will-Hunting,1,1012,711,618,546,420,2,2,3,3,2,153,141,145,132,115,50,9,0,55,5,76,56,75,45,34,32.69378470991374
The Grudge,"Grudge,-The",1,308,173,159,224,168,2,1,1,3,3,107,65,61,74,75,1,0,0,0,0,22,5,5,8,2,38.513402400920896
The Best Exotic Marigold Hotel,"Best-Exotic-Marigold-Hotel,-The",1,743,636,528,459,488,3,4,3,2,2,154,140,141,125,122,0,1,0,1,0,53,45,24,22,33,28.99719792816507
St. Elmo's Fire,St.-Elmo's-Fire,1,588,654,712,532,600,4,3,4,3,3,131,132,129,119,127,1,8,1,6,5,83,93,51,64,59,20.786316165500427
Commando,Commando,1,575,410,151,163,129,3,3,3,3,3,122,104,53,52,55,6,2,0,0,0,84,34,13,10,6,53.385389910613384
Snatch,Snatch,1,361,402,298,356,389,1,2,1,2,2,106,106,95,99,110,25,24,22,22,19,21,37,25,13,20,21.084383352424585
Mud,Mud,1,785,858,667,388,301,1,2,1,2,2,145,143,129,95,91,4,2,25,0,0,97,106,109,30,25,30.49784049908466
My Week with Marilyn,My-Week-with-Marilyn,1,768,771,753,379,323,3,2,4,3,4,144,148,140,96,97,2,1,5,4,1,77,87,87,57,41,28.18857702726068
Big Eyes,Big-Eyes,1,1251,761,177,177,143,2,2,0,4,5,167,145,69,69,38,10,0,0,0,0,22,43,1,0,16,56.22538267411967
Drop Dead Gorgeous,Drop-Dead-Gorgeous,1,532,527,261,311,241,2,3,1,3,2,113,110,84,78,69,4,6,6,5,5,17,19,13,11,13,32.699714250217426
Very Bad Things,Very-Bad-Things,1,590,750,370,428,433,1,2,1,2,2,131,145,113,111,114,9,25,7,25,19,37,64,7,8,11,25.671841840723786
Cedar Rapids,Cedar-Rapids,0,992,650,525,471,533,2,2,2,2,4,154,124,114,111,115,7,61,9,1,0,50,35,17,35,17,43.68244642789893
Crash,Crash,0,321,297,370,251,116,2,3,5,4,3,113,89,93,80,48,0,7,1,1,0,9,11,12,4,1,27.20253164556962
The Limey,"Limey,-The",0,972,549,406,405,316,2,3,2,2,2,170,133,116,118,91,12,2,3,7,15,113,54,33,17,17,45.54598046040472
Bamboozled,Bamboozled,0,943,457,538,627,279,3,2,3,3,2,157,112,118,114,85,11,10,2,9,5,53,16,8,26,5,42.387744785599686
Cecil B. Demented,Cecil-B.-Demented,0,904,728,280,231,211,6,5,4,4,8,119,121,76,66,51,2,16,8,0,1,134,74,17,25,11,44.81953951462353
Coriolanus,Coriolanus,0,780,625,616,492,365,4,4,4,5,4,153,142,145,118,103,0,0,0,0,0,46,46,27,34,11,31.248478948649307
Amour,Amour,1,793,383,300,187,124,2,1,2,3,2,144,115,101,66,51,3,0,0,0,1,29,8,6,0,0,58.834931646602726
Next Friday,Next-Friday,1,434,300,354,150,131,1,0,1,1,1,100,88,89,59,55,4,12,19,13,1,9,9,17,1,0,38.61748633879781
Election,Election,1,876,725,459,314,206,3,4,3,3,3,160,153,121,97,71,5,3,3,5,1,99,15,29,21,12,40.97104605210098
Pulp Fiction,Pulp-Fiction,1,669,776,448,415,415,2,3,2,3,3,137,133,113,106,103,49,115,13,3,8,32,46,12,12,25,27.62213236507675
Easy A,Easy-A,1,1378,354,254,253,214,3,2,2,3,2,172,103,86,81,77,37,23,2,1,0,35,6,4,7,4,72.00149925037479
The Good Girl,"Good-Girl,-The",1,713,395,300,276,230,2,1,1,3,1,141,100,96,80,74,5,4,2,1,0,74,15,9,6,18,47.854964418841064
An Education,An-Education,1,702,594,460,247,269,1,2,2,2,4,157,142,129,87,89,3,0,0,1,0,31,46,31,12,0,37.99642964783345
Extract,Extract,1,923,426,340,322,381,2,1,2,2,3,157,113,103,96,106,27,6,5,7,2,127,39,40,15,32,54.96028995266482
Juno,Juno,1,1158,457,308,278,300,3,2,2,1,2,163,112,97,86,92,15,5,1,0,6,61,12,18,4,7,58.64988167557149
The Piano,"Piano,-The",1,377,302,285,237,172,1,1,2,2,2,116,91,92,87,59,1,0,0,0,0,8,3,1,6,1,35.758096875895674
Capote,Capote,1,881,475,287,190,201,3,2,1,2,2,163,126,103,72,71,4,8,1,1,0,47,11,24,7,3,58.1257865316515
Logan's Run,Logan's-Run,1,501,327,238,228,143,1,1,2,3,1,143,119,93,82,59,1,0,0,1,0,48,34,5,14,2,47.644211375554654
Fargo,Fargo,1,498,390,405,222,203,2,2,2,2,2,115,99,102,79,72,0,0,38,0,1,35,51,38,14,19,31.423922990882282
Silver Bullet,Silver-Bullet,1,347,534,450,270,203,1,3,3,3,2,103,117,118,82,75,2,8,1,4,0,38,47,42,15,3,21.096278317152105
A Serious Man,A-Serious-Man,1,1281,336,377,242,204,3,3,3,4,4,172,81,94,66,69,5,12,0,2,0,315,20,35,21,26,70.37336386699894
Get Low,Get-Low,1,840,704,498,455,364,2,2,2,2,2,145,130,111,117,106,1,10,1,1,1,116,80,50,27,34,35.696007696007705
Hesher,Hesher,0,379,539,248,312,302,0,2,0,1,2,105,120,90,94,96,42,75,2,13,0,17,14,9,3,12,25.57345847143373
The Boondock Saints,"Boondock-Saints,-The",0,766,479,453,398,192,3,1,1,1,2,147,123,112,110,63,43,25,93,32,11,16,14,7,5,4,41.09664153529815
Shame,Shame,1,425,451,300,213,107,0,1,0,1,2,116,109,94,70,29,29,10,27,0,0,9,7,7,4,0,31.5954166858405
The Damned United,"Damned-United,-The",0,1127,387,286,190,203,3,1,4,2,5,178,115,100,85,77,47,6,0,1,0,40,11,5,0,10,70.23169557970843
Ordinary People,Ordinary-People,1,585,522,511,379,379,0,1,1,1,1,129,140,128,115,115,17,2,0,5,5,39,31,32,6,6,32.07125673043877
The Wrestler,"Wrestler,-The",1,729,359,214,91,125,1,1,1,1,4,144,100,73,35,30,32,20,18,1,1,16,14,0,0,1,58.774557307726184
The Wild Bunch,"Wild-Bunch,-The",0,964,464,399,408,436,4,3,2,3,3,166,120,71,108,122,3,1,0,2,0,86,41,209,16,32,44.694974469228704
The Sting,"Sting,-The",1,520,527,362,279,134,2,2,1,2,5,125,114,100,81,29,7,5,1,1,0,23,15,5,9,2,33.77939691242245
Ghost World,Ghost-World,1,919,476,611,334,206,2,2,3,6,2,149,121,132,97,73,57,11,5,0,1,210,77,110,45,18,47.35534774985389
Get Out,Get-Out,1,511,354,351,438,373,0,1,2,2,4,120,108,94,106,95,28,11,27,1,3,20,14,15,25,5,34.825922454788426
The Big Sick,"Big-Sick,-The",1,982,514,471,384,229,2,2,2,2,3,159,134,120,106,79,25,20,11,9,9,50,10,18,20,7,51.07368660882114
Dallas Buyers Club,Dallas-Buyers-Club,1,1009,363,291,162,175,2,3,1,5,9,152,107,86,53,51,95,2,5,1,0,29,10,2,2,6,65.7563988868842
The Elephant Man,"Elephant-Man,-The",1,801,424,432,259,242,3,2,4,2,4,157,111,115,95,56,6,0,1,0,0,54,17,44,5,34,50.101120654785966
Memento,Memento,1,762,452,386,139,77,2,2,2,1,1,149,133,114,58,35,24,13,26,3,1,31,22,26,8,0,55.018990775908854
Friday the 13th Part VIII: Jason Takes Manhattan,Friday-the-13th-Part-VIII-Jason-Takes-Manhattan,1,419,430,305,308,250,4,3,3,3,3,105,109,93,102,72,0,0,1,0,2,14,21,14,21,5,25.353530511480752
Lone Star,Lone-Star,1,636,485,327,396,409,3,4,4,5,4,123,130,110,106,111,1,1,0,0,0,57,19,5,29,11,35.05829350704697
April Fool's Day,April-Fool's-Day,1,622,494,602,524,501,2,2,2,3,2,127,122,133,124,121,6,3,5,3,9,75,76,80,50,41,25.83875100839937
Diner,Diner,1,633,646,558,290,262,1,2,2,2,1,126,124,116,81,77,9,9,0,0,1,60,44,28,18,21,29.584926844672122
Sunshine Cleaning,Sunshine-Cleaning,1,597,516,457,176,214,2,1,2,1,1,126,133,110,68,80,15,17,9,4,4,25,12,11,0,0,37.340340606705695
Moon,Moon,1,415,496,344,507,124,1,2,4,3,4,121,134,107,119,45,7,15,0,7,0,37,37,57,32,7,22.753886533414093
The Sweet Hereafter,"Sweet-Hereafter,-The",1,748,590,449,296,256,3,3,3,2,1,152,140,117,97,98,0,1,0,3,0,38,16,22,25,11,40.2808889783796
Light Sleeper,Light-Sleeper,0,673,481,269,226,173,1,2,2,1,2,137,116,88,77,64,7,14,6,0,0,53,7,14,1,0,47.66795036371416
Sling Blade,Sling-Blade,1,718,535,687,361,431,2,1,2,1,2,126,126,133,105,117,1,5,54,6,0,58,67,76,64,51,33.306530723831266
Only God Forgives,Only-God-Forgives,0,343,352,324,175,145,0,2,2,1,3,123,114,105,77,50,6,14,0,4,2,3,12,0,6,1,31.426023282012768
Take Shelter,Take-Shelter,1,556,385,179,105,156,1,1,0,0,2,121,97,56,42,59,5,2,7,3,0,19,9,7,1,8,51.98826118855466
Fast Times at Ridgemont High,Fast-Times-at-Ridgemont-High,1,443,369,345,356,333,1,1,1,2,2,121,107,98,105,103,5,4,9,2,4,27,3,19,22,28,29.02250826725456
Bound,Bound,1,540,467,459,212,123,1,1,1,2,1,135,120,132,75,57,15,85,17,9,9,95,79,37,20,11,34.357368393809196
After.Life,After.Life,0,523,338,303,162,146,2,0,0,1,3,140,110,98,69,44,3,4,14,2,0,20,27,58,3,16,43.694969163337355
One Flew Over the Cuckoo's Nest,One-Flew-Over-the-Cuckoo's-Nest,1,915,436,309,229,201,2,4,4,3,3,141,127,95,39,64,19,0,0,4,0,79,66,8,10,0,54.500321543408354
Lost in Translation,Lost-in-Translation,1,317,374,154,104,163,1,1,2,1,3,102,102,60,41,64,2,1,1,0,0,9,13,2,2,2,34.87703822507351
Annie Hall,Annie-Hall,1,1516,743,260,173,209,3,1,2,3,4,162,137,84,55,65,6,4,1,0,1,26,56,5,0,3,60.799415507321385
Boyhood,Boyhood,1,702,817,690,449,365,1,1,2,1,1,147,146,140,114,103,16,16,9,2,5,49,48,63,44,26,23.59147633999012
The Kids Are All Right,"Kids-Are-All-Right,-The",1,519,457,566,290,240,2,1,2,1,0,128,119,132,95,88,10,9,21,3,2,32,29,34,14,8,27.867802650629248
The Visitor,"Visitor,-The",1,470,448,327,274,119,1,0,1,1,1,123,121,106,97,58,0,3,0,1,0,40,30,37,27,2,35.58665090001314
The Cooler,"Cooler,-The",1,523,578,426,230,254,2,2,1,2,4,125,125,121,68,81,5,55,11,7,1,54,25,33,12,6,29.64947811185543
Four Rooms,Four-Rooms,1,664,392,493,300,295,2,3,4,2,3,137,108,116,97,87,31,17,17,5,5,31,30,84,17,10,41.4428548635856
Midnight Cowboy,Midnight-Cowboy,1,618,570,184,220,158,2,2,2,2,2,129,129,65,74,54,12,14,0,0,0,12,9,8,3,2,45.6322223460781
Gods and Monsters,Gods-and-Monsters,1,1204,564,318,210,193,2,1,1,2,2,170,142,101,78,81,4,23,0,0,0,58,33,4,10,0,56.70949902407287
Margin Call,Margin-Call,1,503,418,513,405,286,2,3,3,3,2,133,112,131,109,102,27,9,11,2,7,29,15,17,9,20,25.173106991288808
Beginners,Beginners,1,673,371,343,122,108,1,1,1,0,2,141,107,100,47,44,2,1,0,0,0,18,11,4,4,3,53.700099304865944
Feast,Feast,0,463,398,240,233,196,1,1,1,2,5,126,93,75,77,34,8,22,7,0,0,3,3,0,0,39,37.0058044025846
It's a Wonderful Life,It's-a-Wonderful-Life,1,1019,341,662,451,392,1,1,5,3,5,165,104,107,117,78,3,0,0,1,0,326,57,174,54,69,55.08817885535013
Trainspotting,Trainspotting,1,1013,434,282,289,245,4,3,2,2,2,153,117,95,87,84,42,15,2,48,12,44,15,9,2,6,56.86083772030214
Basquiat,Basquiat,0,603,205,468,220,216,1,1,3,1,3,131,75,112,69,74,18,3,12,5,1,13,7,3,2,4,47.37980369322907
The Wizard of Oz,"Wizard-of-Oz,-The",1,512,400,373,347,359,1,1,1,1,5,137,118,107,96,95,0,0,0,0,0,129,38,24,33,22,41.052602829518754
Garden State,Garden-State,1,1091,715,597,343,298,2,2,2,2,3,163,145,128,109,82,27,13,36,1,3,79,30,32,13,16,50.019324916258704
The French Connection,"French-Connection,-The",1,498,428,330,189,194,1,2,3,2,6,109,102,77,63,58,13,6,3,2,0,10,11,7,4,6,38.312857445456466
Mad Max 2: The Road Warrior,Mad-Max-2-The-Road-Warrior,1,405,547,366,167,186,2,3,2,4,3,99,99,86,42,48,0,1,0,0,2,10,41,20,12,7,25.46274692798258
American Splendor,American-Splendor,1,814,444,556,223,179,2,4,5,3,4,144,113,119,77,66,26,1,3,0,0,31,30,24,16,10,47.54294846184578
Buried,Buried,1,669,387,135,250,138,1,1,1,6,3,140,117,46,82,59,21,0,0,0,0,19,24,0,8,2,62.81875
Beasts of the Southern Wild,Beasts-of-the-Southern-Wild,1,746,796,330,229,152,2,4,4,4,4,119,134,79,56,52,5,2,4,3,0,75,32,18,17,5,39.09436084938827
I Spit on Your Grave,I-Spit-on-Your-Grave,0,842,836,789,481,436,3,3,3,3,2,147,141,149,113,97,10,37,15,23,14,96,106,88,47,43,29.006871912065268
In the Bedroom,In-the-Bedroom,1,860,616,503,424,382,2,1,2,2,2,150,147,118,110,95,3,1,4,0,4,188,123,87,42,67,39.519113624347746
From Here to Eternity,From-Here-to-Eternity,1,639,775,481,404,481,2,2,2,2,4,138,147,127,115,78,0,0,0,0,1,26,26,3,18,78,24.383089970031254
Insidious,Insidious,1,534,466,429,266,196,1,1,3,3,4,136,130,122,90,69,6,1,0,0,0,35,48,12,14,2,31.92865477579597
Repo Man,Repo-Man,1,445,480,178,227,168,0,2,1,1,3,109,121,68,73,64,18,31,0,7,1,42,16,10,4,0,35.511544683562924
Blood Simple,Blood-Simple,1,248,293,281,285,221,0,2,2,2,3,89,93,95,93,51,0,0,6,10,0,16,40,11,27,12,18.355756506396123
Killing Zoe,Killing-Zoe,0,576,327,289,222,186,1,1,1,1,3,147,102,92,72,67,85,5,6,19,9,29,15,4,9,0,51.72046234302654
The Believer,"Believer,-The",1,1026,300,196,361,177,3,2,2,5,3,164,107,76,84,65,26,6,1,0,3,39,10,7,5,12,66.37630662020906
The Hebrew Hammer,"Hebrew-Hammer,-The",0,817,396,271,300,197,3,3,2,4,2,143,103,92,80,68,3,4,3,0,2,33,11,5,18,8,52.386400200207355
Dear White People,Dear-White-People,1,705,429,376,415,360,3,2,2,3,3,141,108,105,105,104,9,9,2,15,4,13,11,11,10,19,36.10182322881837
Saw,Saw,1,818,692,281,408,463,3,3,2,3,4,136,127,85,98,100,20,14,5,7,0,86,72,19,30,33,38.686751641560456
Strangers on a Train,Strangers-on-a-Train,1,547,603,289,223,223,2,2,3,3,3,143,144,104,86,76,0,0,0,0,0,64,49,38,19,10,35.64406996042385
Reservoir Dogs,Reservoir-Dogs,1,538,456,469,319,213,3,2,3,4,4,118,118,115,92,69,53,29,31,8,0,5,15,6,9,4,30.883479303340106
The Rocky Horror Picture Show,"Rocky-Horror-Picture-Show,-The",1,614,384,339,210,273,3,2,2,4,5,131,112,100,67,91,2,0,0,0,0,48,35,36,9,16,37.46437552388935
Rocky,Rocky,1,716,481,237,341,368,2,2,1,2,4,129,104,78,82,85,2,1,0,4,0,36,10,16,7,1,45.110346804241885
Taxi Driver,Taxi-Driver,1,744,371,235,270,258,1,2,1,1,3,140,106,81,80,69,16,2,0,4,3,37,21,9,6,4,52.223783536485726
Hellraiser,Hellraiser,1,286,239,234,247,194,0,0,-1,1,6,101,86,94,98,53,8,0,9,2,0,18,13,13,10,16,27.58578431372549
Blue Valentine,Blue-Valentine,1,1066,986,313,285,215,1,2,2,3,1,158,143,90,74,66,18,10,7,1,7,117,140,14,19,18,45.88188167267534
The Sessions,"Sessions,-The",1,843,593,351,185,154,3,3,3,2,4,165,140,98,70,60,13,9,0,2,0,13,26,7,2,2,48.60206817311375
Martha Marcy May Marlene,Martha-Marcy-May-Marlene,1,386,441,275,250,171,0,1,1,2,2,114,123,95,91,67,5,9,1,0,3,25,30,11,7,6,30.347163420829805
Frozen River,Frozen-River,1,587,413,160,137,112,1,1,1,3,3,139,116,66,56,45,18,0,0,0,0,11,9,7,1,8,55.83204400893931
The Battle of Shaker Heights,"Battle-of-Shaker-Heights,-The",0,859,545,219,247,167,2,2,1,1,1,152,133,84,89,55,14,12,1,0,4,56,30,14,10,8,52.28563179674718
Fruitvale Station,Fruitvale-Station,1,507,299,297,120,139,0,1,1,1,1,125,97,104,47,53,46,18,0,12,4,7,4,15,0,0,49.133231842066486
American Graffiti,American-Graffiti,1,388,514,485,313,293,1,2,2,1,1,112,118,116,98,90,1,2,14,1,0,40,45,27,20,6,20.960392569225377
Brick,Brick,1,891,415,334,302,226,1,1,1,1,1,149,116,101,95,79,0,0,1,1,0,117,33,11,18,7,56.82901283058393
It Happened One Night,It-Happened-One-Night,1,1893,1245,939,471,385,3,3,3,3,2,181,168,156,104,104,12,4,1,0,0,278,192,81,45,36,49.372275856450365
Chasing Amy,Chasing-Amy,1,938,1031,792,546,290,2,3,3,4,2,159,163,139,118,92,55,40,96,20,30,35,17,13,16,3,31.85608031157291
Pi,Pi,1,651,272,367,339,217,2,2,3,3,3,129,103,97,95,72,7,0,0,2,0,25,12,14,12,5,46.904573454007355
Clerks,Clerks,1,944,962,460,372,351,2,3,2,2,1,163,164,120,112,102,50,61,15,5,35,45,47,9,15,14,39.74008207934337
