passive_ratio,pct_coref_sents,tot_unique_per_sent,tot_stop_per_sent,std_of_overall_polarity,wav_polarity,avg_FK,sign_check_char_mention_polairty,std_of_char_mention_polarity,Processed Title,avg_sim_score,Success
0.03137651821862348,0.05465587044534413,2.214574898785425,0.5485829959514171,0.7781244347789112,0.8127515182186236,2.4,0,0.7806838899324104,Avatar,0.2975144496631753,1
0.030601092896174863,0.06557377049180327,2.3737704918032785,0.5857923497267761,0.7758030188134099,0.6835028415300547,3.0,0,0.7872374294963368,"Avengers,-The",0.2847540414335931,1
0.029766693483507644,0.18584070796460173,2.172968624296058,0.4641995172968624,0.7849528760377913,0.9033551890587288,2.8,0,0.7961586374586411,Men-in-Black-3,0.2642651122064035,1
0.027926960257787327,0.06015037593984963,2.3609022556390977,0.6251342642320086,0.8713142592658518,-0.2946799140708915,2.4,0,0.9060343657941458,Guardians-of-the-Galaxy-Vol-2,0.25672634008849293,1
0.03552397868561278,0.04618117229129663,2.7921847246891653,0.8579040852575488,0.7011909651443035,0.6870861456483126,2.4,0,0.7052116051228878,2012,0.17455156063151098,1
0.06374501992031872,0.03386454183266932,3.0278884462151394,0.896414342629482,0.9474721112518301,-0.3845258964143426,3.2,0,0.7416985387608634,Terminator-Salvation,0.24202752254504858,1
0.04749679075738127,0.021822849807445442,2.4531450577663665,0.6816431322207959,0.9552085523067724,-0.374191270860077,2.6,0,0.4860709972833187,"Mummy,-The",0.24346177690467524,1
0.033913043478260865,0.16521739130434782,2.323478260869565,0.5460869565217391,0.004938663786896222,0.9984311304347826,2.8,1,0.0003826225293941377,"Great-Gatsby,-The",0.22658903920173867,1
0.03021978021978022,0.03571428571428571,1.760989010989011,0.5009157509157509,0.7890931478602511,0.8157391941391942,1.8,0,0.7463654161334112,Thor-Ragnarok,0.1934833064418349,1
0.023529411764705882,0.047058823529411764,1.6502673796791445,0.5026737967914439,0.0043347894989261,0.9975807486631016,1.0,0,0.398838757394514,Up,0.2594006351281111,1
0.0421216848673947,0.10140405616224647,2.308892355694228,0.517160686427457,0.908462259865538,-0.3037921996879875,2.2,0,0.9724493089102384,Snow-White-and-the-Huntsman,0.30486746947894555,1
0.0555984555984556,0.04324324324324325,1.827799227799228,0.4517374517374517,0.7791949548091287,0.7992497297297296,2.4,0,0.7960032427069629,Interstellar,0.26755807105769014,1
0.03392330383480826,0.0752212389380531,2.7625368731563418,0.8274336283185841,0.7870900873470584,0.7090212389380531,2.2,0,0.7889383839058662,Beauty-and-the-Beast,0.2160107100971144,1
0.03071253071253072,0.10196560196560196,2.2616707616707616,0.6154791154791155,0.0052856030876334325,0.9960190417690418,1.8,1,0.005477736758917885,Shrek-the-Third,0.32964373778869127,1
0.038880248833592534,0.07620528771384137,1.9409020217729396,0.494556765163297,0.8986684563285839,0.4724051321928461,2.6,0,0.9422951788054528,Inception,0.3570221550948711,1
0.03350083752093802,0.031825795644891124,2.6733668341708543,0.8073701842546064,0.9555496541781592,0.6479768844221104,2.8,0,0.7694532770740534,Godzilla,0.21933808362550958,1
0.05307599517490953,0.05428226779252111,2.7551266586248495,0.6936067551266586,0.0024936719912610843,0.9980159227985524,3.4,1,0.0019446336415890886,"Curious-Case-of-Benjamin-Button,-The",0.2528446666994625,1
0.02209944751381216,0.016574585635359115,2.1068139963167587,0.7458563535911602,0.7612406100570305,-0.8410441988950277,0.8,0,0.7620435746071218,War-for-the-Planet-of-the-Apes,0.2548664229911469,1
0.02600216684723727,0.0552546045503792,1.7854821235102925,0.4723726977248104,0.8330110745962505,-0.9000511375947996,0.8,0,0.488462787118937,Frozen,0.3458195011093315,1
0.02883720930232558,0.0372093023255814,1.992558139534884,0.4772093023255814,0.7736999816466329,0.8393084651162791,2.4,0,0.7918757791472094,Zootopia,0.20393024120314776,1
0.021052631578947368,0.07368421052631577,2.726315789473684,1.0210526315789474,0.7700024638921619,-0.6796071052631579,1.2,0,0.791352558598252,"Matrix-Reloaded,-The",0.19606657104859204,1
0.023458445040214475,0.15214477211796246,1.89745308310992,0.4028150134048257,0.9771672618339196,-0.12270093833780155,1.8,0,0.9794693093711512,Hancock,0.2851957786774409,1
0.03968770331815225,0.13793103448275862,2.2908262849707217,0.439167208848406,0.797892738154697,-0.5441292778139233,3.2,0,0.7995000262664161,Thor,0.39227666023750574,1
0.03048780487804878,0.1559233449477352,2.7865853658536586,0.4869337979094077,0.7827860739691272,-0.4795737804878049,3.4,0,0.7973287016030466,X-Men-Origins-Wolverine,0.28607635730490827,1
0.06183115338882283,0.026159334126040427,2.8537455410225916,0.6551724137931034,0.7099866832553975,-0.7317637336504161,4.4,0,0.8193562961251961,Angels-&-Demons,0.2706510028331082,1
0.027946537059538274,0.04495747266099635,2.099635479951397,0.6366950182260024,0.7639288788886044,0.7066969623329282,1.4,0,0.7934112719138796,How-to-Train-Your-Dragon-2,0.34448241081548053,1
0.056944444444444436,0.05,3.151388888888889,0.7361111111111112,0.972259794499392,0.05339069444444446,4.6,0,0.9769310735154246,Star-Trek,0.15225395417786677,1
0.07126696832579185,0.06787330316742081,2.8529411764705883,0.7126696832579186,0.790837650595873,0.10275056561085973,4.2,0,0.7984782316381581,"Last-Samurai,-The",0.23487772735801948,1
0.03033980582524272,0.10315533980582524,2.158980582524272,0.6080097087378641,0.7491020918406248,0.8246626213592234,2.4,0,0.7809433562045329,Spider-Man,0.23046788357772563,1
0.034361851332398316,0.1570827489481066,2.4179523141654977,0.4859747545582048,0.9349251114394136,-0.21025084151472648,3.2,0,0.9731988602541619,Watchmen,0.2550207794569392,1
0.01987899740708729,0.09507346585998272,1.4321521175453762,0.4407951598962835,0.955985314531557,-0.2804588591184097,0.2,0,0.9766372132987766,"Croods,-The",0.33332638075887394,1
0.03308823529411765,0.09375,2.75,0.7922794117647058,0.9523543697594924,-0.2758599264705883,1.0,0,0.9719849216937472,"Revenant,-The",0.2645239277694528,1
0.036610878661087864,0.02510460251046025,2.6046025104602517,0.6087866108786609,0.7675427727495062,-0.7025238493723848,2.6,0,0.7752735868066188,Miami-Vice,0.26843462871964036,1
0.043327556325823226,0.08838821490467938,2.5320623916811087,0.7677642980935875,0.8784186359589601,-0.6139225303292895,2.0,0,0.8201798617376558,"Bourne-Ultimatum,-The",0.2912630462660811,1
0.022935779816513763,0.07454128440366972,1.6685779816513762,0.5080275229357798,0.7488152706776219,0.8177325688073395,1.6,0,0.7664461390078237,Kung-Fu-Panda,0.2860333594378757,1
0.0350109409190372,0.03172866520787746,2.427789934354486,0.611597374179431,0.004515307298512472,0.9963828227571114,2.4,0,0.3978777148823493,Megamind,0.2661619808687027,1
0.028169014084507043,0.047670639219934995,1.933911159263272,0.5882990249187432,0.8576182101611416,-0.4566335861321777,1.6,0,0.8262969117696134,Logan,0.25489830544742603,1
0.05519480519480519,0.13528138528138528,3.1525974025974026,0.6471861471861472,0.9270585603941102,0.5100040043290043,3.8,0,0.9643870127702884,Clash-of-the-Titans,0.25345045986345455,1
0.030526315789473683,0.0568421052631579,2.0242105263157897,0.5231578947368422,0.9560957805575758,0.10502947368421052,2.8,0,0.9732978919118236,Prometheus,0.223212680797992,1
0.0599250936329588,0.03932584269662921,3.1928838951310863,0.8876404494382022,0.7769058063883935,0.8448177902621723,3.4,0,0.3907930777278431,Life-of-Pi,0.2643195804653775,1
0.03625730994152047,0.08538011695906432,2.7274853801169594,0.6070175438596491,0.7599273454745527,-0.7869520467836257,2.6,0,0.775247177614985,Ghost-Rider,0.24890417945252702,1
0.041168658698539175,0.13678618857901725,2.1009296148738383,0.4043824701195219,0.9607258243640586,-0.2111822045152723,3.2,0,0.9761470737547696,Oblivion,0.38975090155165404,1
0.033073929961089495,0.1828793774319066,2.259727626459144,0.5826848249027238,0.004088226999568394,0.9961479571984436,1.8,1,0.0006033241251599561,Fantastic-Four,0.24155793812085047,1
0.03811944091486658,0.012706480304955529,2.534942820838628,0.7331639135959339,0.91026125128998,0.008722998729351979,3.0,0,0.8350478750347192,"Island,-The",0.3471516287268506,1
0.03787878787878788,0.02525252525252525,2.5694444444444446,0.7108585858585859,0.7639023513512706,0.3830837121212121,2.4,0,0.7423310059535437,Ocean's-Twelve,0.22516918616883833,1
0.051347881899871634,0.06418485237483952,2.6957637997432604,0.6662387676508345,0.7327201877934032,-0.6818328626444159,3.6,0,0.7588900457905609,"Patriot,-The",0.1550468618097995,1
0.02766798418972332,0.022727272727272728,2.180830039525692,0.4881422924901186,0.9472997806396874,-0.4035772727272727,2.8,0,0.9545514578062304,Ali,0.2192976026825492,0
0.03696098562628337,0.05646817248459959,2.6262833675564683,0.5564681724845996,0.9167493406597028,0.1584475359342916,3.4,0,0.9589101951694956,"Martian,-The",0.22702749012239776,1
0.05215123859191656,0.05215123859191656,2.3846153846153846,0.6558018252933507,0.9547103049616674,-0.6217556714471969,4.0,0,0.96353955103047,"I,-Robot",0.2694239458188569,1
0.05656108597285067,0.05882352941176471,2.660633484162896,0.6527149321266968,0.7714445011794432,0.6571419683257917,2.2,0,0.7825934356995335,Gone-in-60-Seconds,0.2736063307058646,1
0.05204460966542751,0.050805452292441135,2.609665427509294,0.7187112763320942,0.7191270552551893,0.6225268897149939,2.6,0,0.7846205849963408,Gladiator,0.26138760664683475,1
0.03311867525298988,0.0827966881324747,2.4314627414903405,0.5335786568537259,0.7764578108306979,-0.02535032198712049,3.0,0,0.7938799103138963,Public-Enemies,0.19402069483537876,1
0.03417861080485116,0.08820286659316427,2.268467475192944,0.3732083792723264,0.9663691654849094,0.5765200110253583,3.2,0,0.9768561994480048,Django-Unchained,0.24785917384710604,1
0.028391167192429026,0.07649842271293375,1.9337539432176656,0.4574132492113565,0.7806441007270855,0.5349338328075711,2.0,0,0.7977414503459125,True-Lies,0.3363608771219733,1
0.030735455543358943,0.0274423710208562,2.0109769484083424,0.5708013172338089,0.9668969852057664,0.15149934138309548,2.2,0,0.9674628273995856,American-Gangster,0.24653860432369318,1
0.033837934105075684,0.034728406055209264,2.489759572573464,0.4577025823686554,0.9626815735226264,0.5838941228851293,2.8,0,0.9632378177791816,"Wolf-of-Wall-Street,-The",0.17693208186454729,1
0.02840059790732436,0.05979073243647234,2.4768310911808666,0.71898355754858,0.9068202437087518,0.27861838565022423,2.6,0,0.795672069134012,"Tourist,-The",0.3059178074963952,1
0.037170263788968816,0.058752997601918475,2.495203836930456,0.5887290167865707,0.9049891040228054,0.5928251798561152,3.8,0,0.4895065490879565,Starship-Troopers,0.21536072081588786,1
0.03493975903614458,0.027710843373493967,2.4457831325301207,0.6626506024096386,0.7331466008923455,0.7098022891566265,2.4,0,0.7747559755174529,"Fifth-Element,-The",0.1282957352099264,1
0.05145413870246085,0.07606263982102908,2.3903803131991053,0.6096196868008948,0.7789575151444397,-0.6550448545861297,2.4,0,0.7922970589368612,Rise-of-the-Planet-of-the-Apes,0.27053123784059985,1
0.02723404255319149,0.010212765957446808,1.502978723404255,0.4119148936170213,0.002751435988715725,0.9982075744680852,2.2,0,0.3982294444161557,"Secret-Life-of-Walter-Mitty,-The",0.16562556633340353,1
0.03382663847780127,0.039112050739957716,2.43446088794926,0.5718816067653277,0.9707715887890416,-0.32974291754756874,2.6,0,0.9762388408581171,Men-in-Black,0.19756811991967782,1
0.023614895549500445,0.06448683015440508,1.9028156221616712,0.4441416893732971,0.928340741322926,-0.6859643051771117,1.8,0,0.8893823443266681,Rush-Hour-2,0.23869155087240493,1
0.0351123595505618,0.04775280898876405,1.815308988764045,0.4234550561797753,0.9685694490329542,-0.6418832865168539,2.2,0,0.9780246037804979,"Departed,-The",0.3475305184331423,1
0.03547066848567531,0.058663028649386086,2.416098226466576,0.7244201909959073,0.7852645908227367,0.6230113233287858,2.0,0,0.7982654931788044,Charlie's-Angels,0.2196839887197715,1
0.030303030303030307,0.09264069264069263,2.683982683982684,0.5601731601731602,0.7923063003662156,-0.6283586147186146,2.8,0,0.7993302986875951,Tropic-Thunder,0.3498828056608138,1
0.044573643410852716,0.011627906976744186,2.781007751937985,0.9127906976744186,0.8829238245737852,0.06450155038759688,2.6,0,0.7327445939752815,"Girl-with-the-Dragon-Tattoo,-The",0.22665617050040215,1
0.06987577639751552,0.06211180124223601,2.819875776397516,0.8027950310559007,0.9417623343498084,-0.5252226708074533,3.8,0,0.975094050027996,Valkyrie,0.19438061928950404,1
0.0277992277992278,0.054054054054054064,1.762162162162162,0.4532818532818533,0.915123654158278,-0.2401389961389961,1.8,0,0.9154786848419793,Hollow-Man,0.3013990847425759,1
0.033191489361702124,0.08425531914893616,2.348085106382978,0.5225531914893617,0.9243503937360552,-0.1352342127659574,2.2,0,0.9678705339041992,Mission-to-Mars,0.2258513617360126,1
0.05568445475638052,0.05452436194895592,2.4350348027842226,0.6716937354988399,0.7852049093071185,-0.5186648491879351,2.0,0,0.7857591447765657,Conan-the-Barbarian,0.2380299635373954,0
0.04118268215417107,0.02639915522703273,2.2956705385427667,0.6325237592397043,0.008167251679726808,0.994196620908131,2.2,0,0.3992767190808901,"Three-Musketeers,-The",0.3051777302033554,1
0.01859099804305284,0.025440313111545987,1.7416829745596867,0.461839530332681,0.9521563308616919,0.6394595890410959,1.0,0,0.788755019001464,Cast-Away,0.2364627054044244,1
0.02859866539561488,0.031458531935176365,2.200190657769304,0.5548141086749285,0.039544688644620775,0.9741338417540516,2.4,0,0.3953269259739337,Ocean's-Eleven,0.2186944552533318,1
0.03467741935483872,0.055645161290322584,1.7846774193548387,0.4459677419354839,0.016085844708935856,0.997961129032258,1.6,1,0.0047516733894492295,It's-Complicated,0.280832921286328,1
0.02944711538461538,0.1045673076923077,1.9567307692307687,0.4152644230769231,0.00018547236990989363,0.99980859375,2.6,1,0.0,Meet-Joe-Black,0.3038646810901465,0
0.0341726618705036,0.012589928057553957,2.66726618705036,0.7823741007194245,0.7800734391068574,-0.7190458633093525,1.8,0,0.7441235693082164,Collateral-Damage,0.20534560926526832,0
0.04121475054229935,0.14099783080260306,2.7711496746203905,0.6496746203904555,0.7861228565561493,-0.6447216919739698,2.4,0,0.7986615438344331,Judge-Dredd,0.26776041294342734,1
0.03062302006335797,0.08130939809926083,2.1731784582893345,0.5079197465681098,0.0034055249228276165,0.998600950369588,1.4,1,0.0017176728442867273,Bruce-Almighty,0.3448047140226978,1
0.03911342894393742,0.11473272490221642,2.5893089960886573,0.666232073011734,0.7545912853989238,-0.7295238591916559,2.2,0,0.3876118037418365,Mission-Impossible,0.17581659886083492,1
0.02928615009151922,0.04148871262965223,1.7797437461866992,0.3740085417937767,0.0012734205903785175,0.9996213544844418,2.2,1,0.0013505554412907152,Something's-Gotta-Give,0.2909808086528948,1
0.035175879396984924,0.033165829145728645,2.3266331658291457,0.5628140703517588,0.784665752024389,0.5021910552763819,1.8,0,0.7420290991598644,Cold-Mountain,0.2405360885026073,1
0.047658175842235015,0.03122432210353328,1.6688578471651605,0.4872637633525062,0.7964410270698014,0.8514447000821693,1.0,0,0.3977971573553537,"Book-of-Eli,-The",0.3023486419045849,1
0.03166986564299424,0.11228406909788867,1.8896353166986564,0.5393474088291746,0.8435309160902166,0.6612397312859885,2.2,0,0.9159236356814906,"Haunting,-The",0.37461519772440977,1
0.04222972972972973,0.08783783783783784,2.7804054054054053,0.785472972972973,0.002958783533819265,0.9958440878378381,4.0,1,0.0037675456201617576,"Day-the-Earth-Stood-Still,-The",0.2381937748579429,1
0.028235294117647063,0.10352941176470587,2.2917647058823527,0.548235294117647,0.9395550691683804,0.1065421176470588,2.6,0,0.9493992353062014,Swordfish,0.17455821214504313,1
0.04280618311533888,0.05112960760998811,3.030915576694412,0.6718192627824019,0.4881214373493547,0.8400434007134364,4.4,0,0.7791705471846327,"Manchurian-Candidate,-The",0.229269282061681,1
0.03558052434456928,0.020599250936329583,2.655430711610487,0.7715355805243446,0.7624724981269816,0.6543440074906367,2.4,0,0.3999200000000001,"Time-Machine,-The",0.2721247122863392,1
0.031367628607277286,0.06148055207026349,2.2910915934755334,0.6260978670012547,0.6927073714058485,0.9004629861982435,2.4,0,0.7814688052635242,Mighty-Joe-Young,0.29312579638194125,0
0.03259259259259259,0.11555555555555555,2.5111111111111106,0.7096296296296296,0.9641124818194192,0.1937482962962963,2.0,0,0.974917284696502,Little-Nicky,0.2273238379386358,0
0.03798767967145791,0.1375770020533881,2.8562628336755647,0.5759753593429158,0.7851085922342208,-0.8139068788501027,3.4,0,0.793194646981433,Surrogates,0.2640298769775371,1
0.05865102639296187,0.020527859237536656,2.627565982404692,0.5698924731182796,0.6884303148467533,-0.26933245356793745,4.6,0,0.6991433300833242,Thirteen-Days,0.22313763736481376,0
0.023715415019762844,0.09354413702239787,1.9670619235836624,0.5942028985507246,0.7781842080124731,0.8572246376811594,2.0,0,0.3992480452049828,Nine,0.20476617056520874,0
0.04159869494290376,0.0367047308319739,1.84747145187602,0.4592169657422512,0.9182428271432346,-0.6587591353996737,1.6,0,0.7392734200551242,"Postman,-The",0.23732117117202253,0
0.055267702936096716,0.16666666666666666,2.7797927461139897,0.533678756476684,0.7693661510620284,-0.9004014680483592,3.8,0,0.7890077043983792,Wanted,0.3698846601454339,1
0.034897713598074614,0.07460890493381467,2.5740072202166067,0.6341756919374247,0.9288342056578236,-0.33061901323706383,2.8,0,0.9590457373869091,"Rock,-The",0.21682425497777988,1
0.05555555555555555,0.05555555555555555,2.433048433048433,0.6581196581196581,0.7346806843792751,-0.8582360398860398,2.8,0,0.7348362473367791,Constantine,0.24477910765880348,1
0.033123028391167195,0.06861198738170347,1.941640378548896,0.4132492113564669,0.9522542778060911,0.7519530757097792,2.2,0,0.9707164249151242,Life,0.23970881842415082,0
0.033073929961089495,0.04961089494163424,2.695525291828794,0.5856031128404671,0.003513061343045425,0.9984601167315176,3.4,0,0.3998202025911147,Spanglish,0.273485694020535,0
0.0213903743315508,0.07058823529411765,1.5647058823529412,0.4855614973262032,0.2097852711703088,-0.9402620320855616,0.8,-1,0.21443296947997528,Hostage,0.1821633424275154,1
0.02987197724039829,0.11095305832147938,2.391180654338549,0.7027027027027027,0.7878617914329898,0.2553220483641536,1.8,0,0.7965761532960927,Monkeybone,0.25036631915076296,0
0.06343283582089553,0.06716417910447761,2.370646766169154,0.5982587064676617,0.8682505813415847,0.4449733830845771,2.4,0,0.7471298452076452,Unbreakable,0.22506243794408304,1
0.023138832997987926,0.16901408450704225,1.421529175050302,0.34104627766599604,0.9507084718250912,-0.5286986921529176,2.0,0,0.9764256559513376,Sphere,0.25100342957178856,0
0.02610526315789474,0.07621052631578948,1.4538947368421054,0.2867368421052632,0.7950950267735298,0.918661684210526,2.0,0,0.7989806345588109,Funny-People,0.43236166992161457,0
0.04662379421221865,0.014469453376205787,3.189710610932476,0.8038585209003215,0.9387476201834016,0.5646250803858521,3.0,0,0.707848918908548,"Kingdom,-The",0.17117067019839635,1
0.03209459459459458,0.054054054054054064,2.613175675675676,0.847972972972973,0.7841380480502143,-0.6802393581081081,1.8,0,0.3977456875944729,Braveheart,0.19839734533564468,1
0.04488778054862843,0.04987531172069826,2.299251870324189,0.6421446384039899,0.8886812733483248,0.4247779301745636,3.2,0,0.8915215703503757,Signs,0.2680517192916304,1
0.02641802641802642,0.08391608391608392,1.961926961926962,0.4405594405594406,0.002374363072489121,0.9988237762237764,2.2,1,0.0014062716664997638,Runaway-Bride,0.29155486568574535,1
0.034676663542642934,0.033739456419868794,2.2764761012183694,0.5182755388940956,0.9415825941466844,-0.3181584817244611,2.8,0,0.7474660463191621,xXx,0.2523660350258054,1
0.05727923627684965,0.05369928400954654,3.3985680190930787,0.7386634844868735,0.5907361543024093,0.7654688544152745,4.8,0,0.6592070673164845,Inglourious-Basterds,0.19109457192737458,1
0.04498269896193772,0.034602076124567484,2.2572087658592848,0.6320645905420992,0.8637510900716711,-0.6415836216839678,2.4,0,0.939917070809973,Sleepy-Hollow,0.19513326886217125,1
0.03544776119402985,0.09763681592039801,1.9720149253731345,0.376865671641791,0.010648004507887856,0.9945110074626864,2.6,1,0.0028061361335473298,Vanilla-Sky,0.49022513756730846,1
0.05681818181818181,0.03977272727272727,4.204545454545454,1.4488636363636365,0.7914089056865609,0.2083204545454546,3.2,0,0.5745628550472089,Battle-Los-Angeles,0.3351495467783617,1
0.02253032928942808,0.015597920277296359,2.3223570190641247,0.7608318890814558,0.7420142117237378,0.6966993067590987,1.0,0,0.5946914359564967,War-Horse,0.1724132614177274,1
0.045161290322580636,0.03133640552995392,2.091244239631336,0.5336405529953917,0.0018336848147923106,0.9981680184331798,2.0,1,0.0017971087891388265,Big-Fish,0.31374308272079793,1
0.02947368421052632,0.07789473684210528,2.1042105263157893,0.5263157894736842,0.7141623809750832,0.04892442105263155,2.0,0,0.7482317539372411,"Abyss,-The",0.25974401438705724,0
0.03315343099460293,0.06399383191981496,2.1835003855050115,0.4911333847340015,0.9369964127999636,-0.2307827293754819,2.8,0,0.8880236010377202,"Siege,-The",0.3006707634569032,1
0.028605482717520857,0.07151370679380215,2.380214541120381,0.6471990464839095,0.6265180840167345,-0.7419774731823601,1.8,0,0.6787861124094984,Hard-Rain,0.2910252977301138,0
0.04381049414161997,0.020376974019358125,1.5705552725420275,0.3622007131940907,0.0029393876913398165,0.9961005603667856,1.4,1,0.00024494897427834516,Next,0.37599682815475677,1
0.023724792408066436,0.1465005931198102,2.174377224199288,0.4163701067615658,0.0017034083479894328,0.9995229537366548,2.4,1,0.0004621688003316471,Hall-Pass,0.36221065360439547,1
0.04819277108433735,0.02650602409638554,2.063453815261044,0.4650602409638554,0.7526543918692031,0.8779064257028113,3.6,0,0.75972890954603,"Insider,-The",0.18945983358669918,0
0.03700724054706357,0.029766693483507644,2.01206757843926,0.3829444891391794,0.6389193138417402,0.9449795655671762,2.8,0,0.7271366903134514,Entrapment,0.24308160889384978,1
0.08600583090379009,0.15160349854227406,2.830903790087464,0.7317784256559767,0.8295947796364198,-0.8467881924198251,4.8,0,0.8605699111635265,"X-Files-Fight-the-Future,-The",0.19975049190592797,1
0.03714565004887586,0.08797653958944282,2.419354838709677,0.5366568914956011,0.7711837213012215,-0.7440401759530791,2.8,0,0.7941307877169855,Saving-Private-Ryan,0.4576014803851012,1
0.0850253807106599,0.012690355329949237,3.449238578680203,0.699238578680203,0.755135023687817,-0.8355549492385786,5.0,0,0.7738137641577592,Lincoln,0.1681641824723248,1
0.04248704663212435,0.09637305699481866,1.9233160621761656,0.5647668393782384,0.8017096866073156,0.09154611398963733,1.6,0,0.8746436645857557,"Matrix,-The",0.2581133598997608,1
0.051347881899871634,0.1245186136071887,3.2028241335044934,0.7394094993581515,0.9523549392952187,-0.33509807445442885,3.2,0,0.97633751254369,Cliffhanger,0.26618715217272465,1
0.04372093023255814,0.1516279069767442,2.292093023255814,0.5209302325581395,0.11309965517188812,-0.9693857674418604,2.4,-1,0.04502721843507548,Broken-Arrow,0.256016239795926,1
0.06679389312977099,0.1068702290076336,3.683206106870229,0.9866412213740458,0.89883612388466,-0.3895582061068701,3.6,0,0.9553827157741552,Blade-Trinity,0.24868044020858396,1
0.034076827757125165,0.0687732342007435,1.7639405204460967,0.3172242874845105,0.7874809320866125,-0.0842021685254028,2.4,0,0.7896265968164953,Fight-Club,0.1646845107333873,1
0.04497354497354497,0.027336860670194002,2.4285714285714284,0.5105820105820106,0.009949552753767374,-0.9927689594356264,2.2,-1,0.009731885737101516,"Long-Kiss-Goodnight,-The",0.25100263397713307,0
0.0389937106918239,0.07169811320754718,3.279245283018868,0.6742138364779874,0.1905867046779497,0.9146567295597484,3.6,0,0.7468203494817209,Hudson-Hawk,0.2797019401411763,0
0.032569360675512665,0.07961399276236429,2.7515078407720144,0.6513872135102533,0.96841004744891,0.44574113389626063,3.2,0,0.9786855523609206,Jurassic-Park,0.2953631620704758,1
0.045847176079734216,0.0664451827242525,2.0265780730897007,0.3913621262458472,0.01953904808326137,0.996254485049834,3.8,1,0.0064927652044410285,"American-President,-The",0.33931545019479376,1
0.02496532593619972,0.14193250115580214,1.6176606564956082,0.30235783633841884,0.0025087048451342443,0.9976541840036984,1.4,1,0.00014142135623729392,Wild-Hogs,0.397249831665826,1
0.03209459459459458,0.07516891891891891,1.9239864864864864,0.4814189189189189,0.7891693947436127,-0.6499130912162162,1.4,0,0.7988503163922513,"Green-Mile,-The",0.26775051277448,1
0.026881720430107527,0.0846774193548387,2.5618279569892475,0.6706989247311828,0.9126888350363448,-0.18053884408602155,3.4,0,0.9501448508517004,"Truman-Show,-The",0.2591776749378535,1
0.03304597701149425,0.05603448275862069,2.800287356321839,0.7485632183908046,0.722036471654999,0.7833185344827587,2.2,0,0.7704093171814577,"Italian-Job,-The",0.2687717065936434,1
0.05476190476190476,0.03333333333333333,2.9476190476190482,1.0142857142857142,0.7582375337583862,-0.7153171428571429,2.4,0,0.7666304888275707,Antz,0.1965975735435132,1
0.01807802093244529,0.12940057088487156,2.450047573739296,0.50523311132255,0.04993361192623661,0.9929622264509992,2.8,1,0.05024370209289915,"Family-Man,-The",0.297255177805512,1
0.03573749187784275,0.06562703053931124,1.7647823261858349,0.4275503573749188,0.0009736529155710377,0.9993287849252762,2.0,1,0.0008471127433818897,"Horse-Whisperer,-The",0.3574765811383379,1
0.022865853658536585,0.05335365853658537,2.131097560975609,0.6067073170731707,0.7728362750285471,0.7665925304878048,1.8,0,0.7952433152186821,Coraline,0.19962361882230245,1
0.024079320113314446,0.04390934844192634,2.055240793201133,0.6288951841359773,0.7216959598057897,0.909196600566572,2.0,0,0.7236349206609641,"Boxtrolls,-The",0.1790449946004304,1
0.03810118675827608,0.0905683947532792,2.063710181136789,0.396002498438476,0.006533176868874749,0.9950991880074952,2.6,1,0.0008795453370918314,Year-One,0.29396435671693427,0
0.05465587044534413,0.05161943319838057,2.5364372469635628,0.569838056680162,0.08612387357753946,0.9775803643724696,4.6,1,0.08660610602030322,Star-Trek-Nemesis,0.23716960652481026,1
0.02619414483821264,0.01848998459167951,2.5315870570107863,0.7272727272727273,0.04530003973508194,0.9727278890600926,3.4,0,0.4848235654338596,Invictus,0.20786366065730355,1
0.03199343724364233,0.13535684987694832,1.882690730106645,0.4290401968826907,0.7814332508922307,0.917542493847416,2.8,0,0.7844802753415793,Intolerable-Cruelty,0.19453425944685654,1
0.05090595340811044,0.056945642795513375,2.146678170836928,0.5004314063848145,0.7688511569868384,-0.6354613459879206,2.8,0,0.7778365627816682,"Relic,-The",0.25869581792327745,0
0.028954802259887006,0.025423728813559324,1.6751412429378532,0.3820621468926554,0.7881236796341041,0.1938298022598869,1.6,0,0.7968631952851128,Analyze-That,0.24963900001037276,0
0.03791469194312797,0.13364928909952606,2.8578199052132702,0.5895734597156398,0.9638390334490506,-0.5826561137440759,3.2,0,0.9654396851176152,Priest,0.3405802000319117,1
0.048179871520342615,0.1252676659528908,2.146680942184154,0.525695931477516,0.9485510381629444,-0.4823486081370449,2.8,0,0.976273816918184,Event-Horizon,0.30370822353213545,0
0.033276450511945395,0.05887372013651877,2.7209897610921496,0.4991467576791809,0.9271433360597484,0.4913059726962457,3.2,0,0.9309110604133995,"Black-Dahlia,-The",0.20117374222670303,0
0.029255319148936167,0.023049645390070917,2.3297872340425534,0.4689716312056738,0.7851870666280742,0.6806886524822695,2.2,0,0.7902588021654678,Deadpool,0.17762837188969693,1
0.03493975903614458,0.024096385542168683,2.233734939759036,0.5903614457831325,0.03814060303665899,-0.9334460240963854,1.8,0,0.3704901045912023,American-Sniper,0.15047223372555676,1
0.03694102397926118,0.0609202851587816,1.808813998703824,0.40959170447180815,0.010364670761775307,0.9938812702527544,2.0,1,0.0008034923770640465,Sex-and-the-City,0.25095425762683043,1
0.03170577045022194,0.034242232086239686,1.6715282181357007,0.35700697526949904,0.9564590960412264,-0.12001046290424862,2.0,0,0.9740836177659492,Devil's-Advocate,0.20874363444777178,1
0.029666254635352288,0.02348578491965389,2.171817058096415,0.5871446229913473,0.03237124650055972,0.9861372064276888,2.0,0,0.3963602331213362,"Pacifier,-The",0.22495714496631938,1
0.03153153153153153,0.06981981981981981,2.831081081081081,0.8716216216216216,0.5716729785463014,0.8846454954954955,1.8,0,0.5728694881035296,Walking-Tall,0.2168576239457119,0
0.03013392857142857,0.15848214285714285,1.7689732142857142,0.4252232142857143,0.7169465570040768,0.9798080357142857,4.8,0,0.4833619116148892,Forrest-Gump,0.13621988151097553,1
0.025930851063829783,0.1589095744680851,1.8929521276595744,0.3916223404255319,0.7562282338024678,0.9396400265957447,2.6,0,0.7867439415718432,Date-Night,0.29700269130898727,1
0.04464285714285714,0.1020408163265306,2.483418367346939,0.7257653061224489,0.7855199842142782,-0.4202156887755102,2.4,0,0.7970377571984905,Ronin,0.3304400011861368,1
0.021188630490956067,0.13850129198966407,1.9751937984496124,0.3813953488372093,0.0018356470248934028,0.9981213953488371,2.2,1,0.00013564659966249044,Burlesque,0.3525090933016553,1
0.0705596107055961,0.00851581508515815,2.6362530413625302,0.6995133819951338,0.9579938726317616,0.3275880778588807,3.8,0,0.8830418313987171,Changeling,0.20613530771921,1
0.03316645807259073,0.090738423028786,2.0763454317897367,0.4055068836045057,0.7937776454398296,0.4771250312891114,2.4,0,0.7972582893893296,Semi-Pro,0.24075145423861138,0
0.061601642710472276,0.06981519507186858,4.131416837782341,0.8809034907597536,0.6724052272253689,0.7622751540041068,4.0,0,0.4861948638149112,"Godfather-Part-III,-The",0.2260203464306612,1
0.0335195530726257,0.041500399042298484,1.9449321628092575,0.43655227454110135,0.7882266389814544,-0.33544836392657623,1.8,0,0.7918436093067873,Law-Abiding-Citizen,0.2559052972125419,1
0.03024193548387097,0.03629032258064517,2.556451612903226,0.8669354838709677,0.9210755526014138,0.46931875,2.0,0,0.7756999997421684,Anastasia,0.23737980213653778,1
0.02178217821782178,0.05874587458745875,1.7023102310231024,0.4330033003300329,0.0012221292893961665,0.998966402640264,1.4,1,0.0001469693845669745,Beloved,0.44380316605527687,0
0.04945054945054945,0.05384615384615385,2.8263736263736265,0.5967032967032967,0.7631730419767196,0.2835316483516484,3.4,0,0.7585390985308537,Zero-Dark-Thirty,0.18644456305289045,1
0.0390548080078766,0.05119789957335084,1.1427633738103051,0.20216606498194944,0.969376338477477,-0.053727075812274316,1.2,0,0.8935109006609825,Casino,0.1628307671075596,1
0.033479692645444564,0.14270032930845225,2.1339187705817784,0.3391877058177827,0.011147663432307236,0.9970513721185508,3.2,1,0.001444160655882874,"Change-Up,-The",0.36690716591095945,1
0.046755059316120035,0.11165387299371947,2.201674808094906,0.4549895324494068,0.7417497081900335,0.5685041870202373,2.6,0,0.7649995728103383,"Adjustment-Bureau,-The",0.376482212351617,1
0.02604920405209841,0.1389290882778582,1.9406657018813316,0.4182344428364689,0.003296058251912438,0.9991478292329956,2.6,1,0.000462168800331647,Ted,0.24014934891070602,1
0.02840352595494613,0.04505386875612145,2.1283055827619983,0.5230166503428012,0.9743141924451271,0.1837805093046033,1.6,0,0.9759591618505358,Robin-Hood-Prince-of-Thieves,0.16990645072250543,1
0.0308300395256917,0.03715415019762846,1.935177865612648,0.4387351778656127,0.05726730306204405,0.9932274308300396,2.4,1,0.023604440260256102,Jerry-Maguire,0.31360749019509787,1
0.02073170731707317,0.07926829268292683,2.09390243902439,0.6012195121951219,0.9507011425258728,0.3156414634146341,1.4,0,0.9719514934398732,Super-8,0.22012459273281482,1
0.030034129692832763,0.1453924914675768,1.7426621160409557,0.3822525597269625,0.906971012987736,-0.6361083959044368,3.2,0,0.9306499780261104,Erin-Brockovich,0.23300022492133982,1
0.02835203780271707,0.14766686355581807,1.7790903721204965,0.4046072061429416,0.000501996015920421,0.9994910809214412,2.0,1,8.944271909998174e-05,"Crazy,-Stupid,-Love",0.32575517053959224,1
0.029747149231531975,0.06395637084779375,1.5151214675260287,0.29400099157164106,0.7903205425648507,0.9095356470004958,2.4,0,0.7978201115539768,Moneyball,0.1742691700583072,1
0.05324813631522897,0.057507987220447275,2.2236421725239617,0.610223642172524,0.9778777510507131,-0.08613556975505851,2.4,0,0.9780902261039112,V-for-Vendetta,0.18428727148610535,1
0.06346967559943582,0.04372355430183357,3.7433004231311706,0.7968970380818053,0.8619700983212816,0.0425954866008463,5.0,0,0.7084118220357422,Syriana,0.2086292555715938,1
0.052104208416833664,0.04809619238476954,3.3927855711422845,0.9879759519038076,0.8969582790743391,0.20008316633266526,2.6,0,0.8399605633599709,Absolute-Power,0.2872432071087951,1
0.04326328800988875,0.029666254635352288,2.573547589616811,0.5784919653893696,0.8913613556801753,-0.5788438813349815,4.8,0,0.8912094447434901,"Game,-The",0.2265163319720247,1
0.02884615384615385,0.06043956043956044,2.277472527472528,0.6565934065934066,0.7845867635895982,-0.4368958791208791,1.6,0,0.7932432176829499,Ninja-Assassin,0.23333024173075323,1
0.02361563517915309,0.02361563517915309,1.5358306188925082,0.4201954397394137,0.953564476267861,-0.2865451140065147,2.0,0,0.8730128049461817,Assassins,0.27075988278884056,1
0.03168469860896445,0.14528593508500773,2.0880989180834617,0.491499227202473,0.8949700710079639,-0.6582464451313754,2.8,0,0.9655558142334392,Defiance,0.25784415207953426,1
0.03553299492385787,0.04060913705583756,3.3781725888324874,0.9695431472081218,0.7582391812614275,0.5728406091370559,2.8,0,0.7454014097115728,Gamer,0.18569672356510933,0
0.03626943005181347,0.05595854922279793,2.464248704663212,0.5740932642487047,0.9682906154662452,-0.0016469430051812973,2.8,0,0.969809912508632,"Life-of-David-Gale,-The",0.16073351803093924,0
0.027808676307007785,0.07341490545050056,1.9810901001112349,0.6117908787541713,0.7390580096311791,-0.2686070077864293,1.8,0,0.7480010144378149,Eastern-Promises,0.26807782800049956,1
0.05384615384615385,0.03406593406593406,2.6208791208791213,0.5747252747252747,0.5591484539905301,0.7430479120879122,4.2,0,0.6426314639044683,Fair-Game,0.1795476802189332,0
0.03168155970755483,0.12266450040617385,2.0901705930138097,0.454914703493095,0.9157975169217266,-0.4651955320877336,1.8,0,0.9473561387355866,Drive-Angry,0.2374535003644447,0
0.03376906318082789,0.023965141612200442,2.343137254901961,0.5642701525054467,0.7952339992731698,-0.7107603485838779,2.0,0,0.4882335531280085,Three-Kings,0.20640008262614254,1
0.037037037037037035,0.0720164609053498,1.8703703703703705,0.4218106995884774,0.08197196105986487,-0.9705962962962964,1.6,-1,0.03196714563422893,Out-of-Sight,0.3022666094606183,1
0.04262295081967213,0.0546448087431694,2.1726775956284152,0.6622950819672131,0.7774283205543776,-0.6236641530054644,3.0,0,0.7934793421381554,Solaris,0.6170815407883727,0
0.030303030303030307,0.042283298097251586,1.9830866807610996,0.4291754756871036,0.13013162567185582,0.9893050035236084,2.4,1,0.010067889550446973,My-Best-Friend's-Wedding,0.3192144889051013,1
0.052364864864864864,0.03547297297297297,2.9510135135135136,0.7702702702702703,0.9608528449247574,0.1332584459459459,4.4,0,0.8876183332942149,Star-Trek-First-Contact,0.21714522620542998,1
0.017293997965412006,0.06612410986775177,1.9928789420142419,0.5391658189216684,0.7761536615902807,0.02085910478128179,2.0,0,0.7786310731020178,Insomnia,0.28182393766224534,1
0.021568627450980392,0.07058823529411765,2.037254901960784,0.4794117647058824,0.017555466385146247,0.9952413725490198,1.6,0,0.489767347217023,Liar-Liar,0.23662216150166016,1
0.028860028860028863,0.22655122655122656,3.29004329004329,0.7388167388167388,0.024623728393563787,0.9871858585858586,3.6,1,0.00790711072389911,"Flintstones,-The",0.23707127457367577,1
0.049586776859504134,0.10330578512396696,2.8980716253443526,0.743801652892562,0.9279202866625992,0.2417484848484848,3.0,0,0.9709674775192008,Blade,0.22319114257536646,1
0.025261324041811847,0.04094076655052265,1.793554006968641,0.4468641114982578,0.016259225073785064,0.9947894599303136,2.0,1,0.013649761902685364,"Bounty-Hunter,-The",0.24706821245302588,1
0.053475935828877004,0.02887700534759358,2.5336898395721925,0.6267379679144385,0.0017937669859823023,0.9968529411764704,4.4,1,0.0008423775875461612,"Hitchhiker's-Guide-to-the-Galaxy,-The",0.18252606482767406,1
0.029885057471264367,0.056321839080459776,1.9344827586206896,0.5333333333333333,0.9136625876109846,-0.1040264367816092,1.2,0,0.8833825051471191,Cellular,0.1851642240385628,1
0.04482758620689655,0.029310344827586206,2.7465517241379307,0.8206896551724138,0.9491518580290512,-0.5778581034482759,2.8,0,0.7710966149582035,Dune,0.2056979249101531,0
0.03225806451612903,0.07804370447450573,1.8470343392299688,0.5067637877211238,0.7651792427921708,0.1506840790842872,2.4,0,0.7925031472492712,Revolutionary-Road,0.3744208762081658,1
0.03522012578616352,0.052830188679245285,2.4113207547169813,0.7157232704402515,0.6796342851857903,0.7127579874213836,2.4,0,0.7819777045415043,Frankenstein,0.2038790976585788,1
0.044921875,0.044921875,2.966796875,0.904296875,0.7815619811633623,-0.80832578125,2.4,0,0.39026869923169605,Deep-Rising,0.2781556905937839,0
0.05389221556886229,0.0344311377245509,3.0508982035928143,0.7350299401197605,0.7113715721056051,-0.17545628742514974,3.2,0,0.6857144081904651,Argo,0.15431261759707288,1
0.018867924528301886,0.1289308176100629,2.5723270440251573,0.690251572327044,0.6981530290702748,-0.7241319182389937,2.4,0,0.7723809329598965,"Fugitive,-The",0.18935709066044135,1
0.03139013452914798,0.14798206278026907,1.8032511210762328,0.34417040358744394,0.7879570785264892,0.9210182174887894,2.2,0,0.7962423264308423,"Mechanic,-The",0.4045762533168748,1
0.02798507462686568,0.037313432835820885,2.154850746268657,0.4701492537313433,0.7152965997402756,0.8462375,2.6,1,0.1838770349989362,Notting-Hill,0.24041312013510127,1
0.04010695187165776,0.1089572192513369,1.9926470588235292,0.4378342245989305,0.0008059776671843876,-0.9987977272727274,2.6,-1,8.944271909998174e-05,Red-Riding-Hood,0.39745806409448287,1
0.03364969801553063,0.01725625539257981,1.815358067299396,0.4969801553062985,0.9659577539416516,-0.021160742018981847,1.6,0,0.9728947001603,15-Minutes,0.2178942498895152,1
0.05038022813688213,0.049429657794676805,2.2376425855513307,0.4372623574144487,0.8938710855598809,-0.6592012357414448,2.6,0,0.8946070771014502,Lord-of-War,0.2008669557912166,1
0.04009009009009009,0.13333333333333333,1.5144144144144145,0.2990990990990991,0.004411621017267936,0.9988467117117116,2.2,1,0.0005851495535330912,"Proposal,-The",0.422333820969699,1
0.03546910755148741,0.0,1.5709382151029752,0.3638443935926773,0.7991901936335306,0.7641023455377575,2.0,0,0.0,American-Hustle,0.3053420650402535,1
0.03139866793529972,0.02664129400570885,1.9743101807802093,0.5727878211227403,0.0011923086848630985,0.9991068506184588,1.4,1,0.0004758150901348127,He's-Just-Not-That-Into-You,0.28392988597858615,1
0.03297997644287397,0.1236749116607774,2.4734982332155475,0.6560659599528857,0.7926240082157492,-0.6806790341578328,2.6,0,0.7990201239017701,Scream-3,0.3447246902060837,1
0.06549707602339183,0.09005847953216374,2.9649122807017543,0.6795321637426901,0.7901966109772934,-0.68786,3.2,0,0.7937831809757624,"Last-of-the-Mohicans,-The",0.22541947294466547,1
0.09302325581395347,0.056976744186046514,2.6081395348837204,0.3790697674418605,0.003920510170883402,-0.9984055813953486,4.6,-1,0.00048744230427813485,JFK,0.2108477696568891,1
0.0315031503150315,0.1251125112511251,1.9936993699369936,0.4716471647164717,0.77338359951579,0.8791585058505852,1.6,0,0.7763434276143517,17-Again,0.2573814151460971,1
0.015776699029126214,0.12075242718446602,1.916868932038835,0.3774271844660194,0.9662943870270592,0.4225644417475729,2.4,0,0.9779274954719293,Unknown,0.45008045344430775,1
0.04807692307692308,0.05448717948717949,2.46474358974359,0.6228632478632479,0.9610356280596468,-0.4562404914529916,3.2,0,0.8884564435018748,Gothika,0.2537418784271165,1
0.043098063710181135,0.14116177389131793,1.9594003747657716,0.4172392254840725,0.9572411512257504,0.5867036227357901,2.8,0,0.9750589225272492,"Lincoln-Lawyer,-The",0.31185938334568175,1
0.04363001745200698,0.08027923211169284,2.1928446771378707,0.5322862129144852,0.010174753068256735,0.9937163176265268,2.6,1,0.011019691465735306,"Prestige,-The",0.22252134077257085,1
0.02779984114376489,0.028594122319301037,1.9110405083399524,0.4455917394757744,0.029551473736516086,0.9913564733915806,2.0,1,0.028285289462899238,Autumn-in-New-York,0.23547062068905886,1
0.03255813953488372,0.16434108527131785,2.002583979328165,0.3369509043927649,0.7941900236089597,0.814397622739018,2.2,0,0.79956,Paul,0.2857547383101643,1
0.03595080416272469,0.014191106906338697,2.2052980132450335,0.5260170293282876,0.9598743196898228,-0.5423561967833492,3.2,0,0.7244550183413736,8MM,0.29907021816464985,1
0.02372034956304619,0.11423220973782773,2.1885143570536827,0.3882646691635456,0.0016265300489077825,0.998667790262172,2.6,1,0.00043081318457075516,Arthur,0.25601319619640833,1
0.01762114537444934,0.04552129221732746,1.6784140969162995,0.5535976505139499,0.6338047036745625,-0.7720859030837005,0.8,0,0.6298943708273633,Get-Carter,0.22509720900352118,0
0.03505535055350553,0.03966789667896679,2.308118081180812,0.5212177121771218,0.017413626847960183,0.9959166051660516,2.6,1,0.013521686285371379,Amelia,0.2049585062214155,0
0.03317781233799896,0.1612234318299637,1.6899948159668219,0.3400725764644893,0.7852141532091741,-0.8887057024364956,2.0,0,0.7982429640153429,Cirque-du-Freak-The-Vampire's-Assistant,0.48444220186363063,0
0.03358613217768147,0.06608884073672806,1.9599133261105093,0.4929577464788733,0.021018753531073138,0.9923527627302277,1.8,1,0.006045494189890528,New-York-Minute,0.23447671729031758,0
0.05467468562055768,0.12192454893384365,2.2504100601421544,0.3717878622197922,0.7827609239097211,-0.7480496992892289,3.4,0,0.7975201680208469,Pandorum,0.43581303229713786,0
0.03166421207658321,0.04786450662739323,1.8829160530191456,0.3873343151693667,0.02393285607694997,0.9973355670103092,2.2,1,0.007164747029728258,"Ugly-Truth,-The",0.27945558071367615,1
0.03533026113671275,0.05222734254992319,2.9969278033794158,0.8156682027649771,0.8480748235857494,-0.006040552995391685,3.8,0,0.7845814155331491,Star-Trek-Generations,0.2535206699747031,1
0.045375218150087264,0.25654450261780104,2.10587550901687,0.3862710878417685,0.055552029665890686,0.9900277486910996,3.2,1,0.012095883597323493,Water-for-Elephants,0.474495947473461,1
0.021034180543383,0.09114811568799296,2.4452234881682733,0.558282208588957,0.7941725344029471,0.7780451358457493,2.0,0,0.799270198618715,Enough,0.263230158989566,1
0.03367003367003367,0.028058361391694733,2.2289562289562292,0.6195286195286195,0.7813052146248609,0.19132166105499446,2.4,0,0.7940688720759679,Rush,0.22768762468865195,1
0.04619565217391304,0.05298913043478262,2.297554347826087,0.6603260869565217,0.7628667181100509,-0.7370101902173912,1.6,0,0.7664014953012553,"Thing,-The",0.3831990111791524,0
0.023307436182019976,0.025527192008879027,2.461709211986681,0.5948945615982242,0.9452784258619256,0.2695708102108768,3.0,0,0.9706458118180906,White-Squall,0.2563426500552321,0
0.0430327868852459,0.055327868852459015,1.901639344262295,0.3975409836065574,0.8887793705976753,0.8315221311475409,2.2,0,0.9488273866199268,"Master,-The",0.19566144940402147,1
0.021568627450980392,0.1111111111111111,2.062745098039216,0.3980392156862745,0.95653035916274,0.2167235294117647,2.6,0,0.9767019762445452,Twilight,0.3368951261740111,1
0.026865671641791045,0.03980099502487562,1.981094527363184,0.5263681592039801,0.54086954286593,0.7832784079601991,2.2,0,0.7031010641436977,Burn-After-Reading,0.20728586295261867,1
0.031026252983293555,0.008353221957040573,2.775656324582339,0.6980906921241049,0.9500380876575424,-0.00457708830548926,2.8,0,0.8643415722965083,Magnolia,0.1994107677034118,1
0.030939871570344425,0.1237594862813777,1.9947460595446584,0.4004670169293637,0.9727746180899252,0.18874506713368366,2.2,0,0.9786215399223545,Hot-Tub-Time-Machine,0.341002569880926,1
0.023052464228934817,0.11526232114467408,1.9244833068362481,0.4523052464228935,0.7631812183223591,0.11906279809220985,2.0,0,0.7758498138170815,Reindeer-Games,0.291835255499689,0
0.02529960053262317,0.09587217043941412,2.1624500665778963,0.6551264980026631,0.05693801542027959,-0.9570860186418109,1.4,-1,0.01183858099604847,It,0.24414294881881346,1
0.03345388788426763,0.17540687160940324,2.1084990958408683,0.5,0.0012009995836801785,0.9994340867992768,2.0,1,0.0001599999999999824,"Hangover,-The",0.3042176422096541,1
0.02842809364548495,0.12040133779264214,2.23494983277592,0.5,0.7788918117428121,0.7459626254180602,2.8,0,0.7808013022530125,"Blind-Side,-The",0.25191251015248356,1
0.023837902264600714,0.08820023837902265,2.098927294398093,0.6436233611442194,0.02022499443757652,0.9849307508939212,1.8,1,0.005803929703226954,Batman,0.17179049175920158,1
0.02544823597455176,0.1324465008675535,1.8825910931174088,0.3863504916136495,0.003164427278355432,-0.998143782533256,2.0,-1,0.000404969134626331,Horrible-Bosses,0.2712406761409696,1
0.0216998191681736,0.028933092224231464,1.5087402049427363,0.3628691983122363,0.7987232902576462,0.8512786618444845,1.2,0,0.7996000625312631,This-is-40,0.24178780682429182,1
0.041666666666666664,0.033854166666666664,2.421875,0.6822916666666666,0.7430957903258502,0.7860453125000001,3.0,0,0.3960968437137565,"Cell,-The",0.17936191063320733,1
0.03838383838383838,0.01818181818181818,3.3070707070707077,0.9676767676767676,0.011587475997817646,0.9882634343434342,2.2,0,0.3971074685774621,TMNT,0.19182478392113977,1
0.04292237442922375,0.0273972602739726,2.410958904109589,0.5159817351598174,0.8660283334856891,0.6589049315068493,3.8,0,0.7127717755354794,Malcolm-X,0.18447927263804978,1
0.03486529318541997,0.0919175911251981,2.091125198098257,0.4809825673534073,0.9355600705459806,-0.5597796354992075,2.0,0,0.7894304108659611,Donnie-Brasco,0.18834831390695242,1
0.03826530612244898,0.07653061224489796,3.3443877551020407,1.0255102040816326,0.7502376434170709,0.2953257653061224,3.2,0,0.8270963305443931,Max-Payne,0.1826357445716989,1
0.050546448087431695,0.025956284153005462,3.5737704918032787,0.6174863387978142,0.9724686100846648,0.5891549180327867,4.0,0,0.4895062916858168,"Ladykillers,-The",0.18251811875277887,1
0.032444124008651765,0.042537851478010084,1.5025234318673395,0.3987022350396539,0.1951035150887856,0.9670747656813266,1.6,1,0.05875451982613766,"Back-up-Plan,-The",0.3134763479241363,1
0.05263157894736842,0.03289473684210526,2.594298245614035,0.8486842105263158,0.9260088388347056,0.4056436403508773,2.0,0,0.7427939768199524,"Pianist,-The",0.19071179800672675,1
0.03610675039246468,0.11459968602825744,2.5886970172684456,0.8273155416012559,0.939548196528523,0.11641538461538455,3.0,0,0.88093191246543,Mirrors,0.26141412245344925,1
0.037170263788968816,0.11750599520383695,2.225419664268585,0.6462829736211031,0.062472169803841474,0.9712978417266188,2.4,1,0.027134376720315517,Queen-of-the-Damned,0.25862556538047854,0
0.0391304347826087,0.18043478260869567,3.42608695652174,1.0239130434782608,0.9124523943746324,0.3858869565217391,2.2,0,0.7747795005032077,Flash-Gordon,0.2406326179835719,0
0.022551928783382788,0.032047477744807124,1.5839762611275965,0.372106824925816,0.786719571384874,0.6114306824925816,1.8,0,0.7963111964552553,Wonder-Boys,0.2774550281694396,0
0.02801556420233463,0.030350194552529183,2.0692607003891053,0.464591439688716,0.0571840747061627,0.9867724513618676,2.0,1,0.023630370289100408,"Shipping-News,-The",0.20070704134798736,0
0.04893350062735257,0.056461731493099125,2.3161856963613547,0.6311166875784191,0.7707890362479218,-0.6379145545796737,1.6,0,0.7783248411813668,Whiteout,0.30743682250661897,0
0.06333527019174898,0.07088901801278326,2.068564787914004,0.3904706565950029,0.9351207139187966,0.3699987797791981,4.0,0,0.968209501296078,A-Few-Good-Men,0.2678906788562017,1
0.02502360717658168,0.11189801699716714,1.6307837582625118,0.29745042492917845,0.005791856351809854,0.9985261095372991,2.4,1,0.0006615134163416649,Bridesmaids,0.292466770916848,1
0.03629032258064517,0.0228494623655914,2.1048387096774195,0.6559139784946236,0.8969659761663202,0.2406622311827957,1.8,0,0.9072126136689238,"Reader,-The",0.21057860364296863,1
0.03499786598378148,0.07895860008536065,1.57063593683312,0.3004694835680751,0.7943011806613409,-0.6321818181818181,3.0,0,0.7986346889535916,Source-Code,0.37961090172634815,1
0.04290822407628129,0.053635280095351616,2.6543504171632897,0.600715137067938,0.005175326076683501,-0.9948214541120382,2.4,0,0.3987466634343164,Apocalypse-Now,0.1908554129116014,1
0.03028064992614476,0.11004431314623338,2.1181683899556867,0.4505169867060561,0.04303452567416073,0.9925544313146236,2.2,1,0.016430532553754925,42,0.25760771487408435,1
0.0351288056206089,0.06557377049180327,2.1342701014832164,0.4449648711943794,0.9753834089218456,0.6910277907884466,3.2,0,0.7993153230108878,Flight,0.2615432622915882,1
0.04098360655737705,0.09016393442622953,2.8299180327868854,0.5727459016393442,0.8442757644277135,-0.38872950819672136,3.8,0,0.8698891147726818,"Hunt-for-Red-October,-The",0.17556875410510078,1
0.02906976744186046,0.09883720930232558,3.069767441860465,1.0203488372093024,0.8271075165901951,0.2428151162790697,2.2,0,0.9062411343566348,"Addams-Family,-The",0.20993301483547558,1
0.033273915626856804,0.035056446821152706,1.4961378490790256,0.3452168746286393,0.9617427992971924,-0.005017349970291152,2.0,0,0.9762318073080798,Analyze-This,0.23917665298754298,1
0.04389173372348208,0.04901243599122165,1.842721287490856,0.4242867593269934,0.7936442815266801,-0.8234751280175565,2.6,0,0.7982682441385226,Se7en,0.212135779051336,1
0.033236994219653176,0.031791907514450865,1.9602601156069364,0.4089595375722544,0.004295858470666879,0.99890274566474,2.2,1,0.004554558156396753,Up-in-the-Air,0.27989756092143586,1
0.02175438596491228,0.0912280701754386,2.070877192982456,0.4168421052631579,0.10569027580624436,-0.951761754385965,1.8,-1,0.10599510554737893,Looper,0.3926995271214423,1
0.021587743732590533,0.11142061281337047,1.4032033426183843,0.35097493036211697,0.7877585950023014,0.8472958217270196,1.8,0,0.7965006591334373,Blow,0.251009352945616,1
0.03811659192825112,0.014573991031390137,2.1883408071748884,0.6210762331838565,0.928784330186508,0.028509417040358774,2.0,0,0.9519911961777796,Sicario,0.16844293836755556,1
0.04,0.17888888888888888,2.29,0.5544444444444444,0.7894016128688869,-0.08571144444444444,1.6,0,0.7991806369025716,Black-Rain,0.3504931107769354,1
0.025,0.08888888888888889,2.6333333333333333,0.8583333333333333,0.8576247608365793,0.5123144444444445,1.4,0,0.6883555215148638,John-Wick,0.2200023032591461,1
0.032085561497326213,0.1520244461420932,2.2139037433155084,0.4591291061879298,0.816446306868982,-0.12216157372039725,2.6,0,0.941263263917168,Hanna,0.34491587532306667,1
0.026102610261026102,0.0018001800180018,2.117011701170117,0.4707470747074707,0.05095701718114983,0.9873078307830782,1.8,0,0.39904,Larry-Crowne,0.1871391409875142,1
0.02627939142461964,0.07468879668049792,1.7136929460580912,0.6085753803596127,0.973821875704176,0.4173325034578147,0.8,0,0.977926828755608,Carrie,0.2032442553939564,1
0.030075187969924814,0.04845446950710108,1.6265664160401003,0.3976608187134503,0.14025041033808067,0.9658164578111946,1.2,1,0.14098711146767992,Get-on-Up,0.20836693236165252,1
0.0480349344978166,0.07860262008733625,2.9359534206695783,0.7845705967976708,0.03932244142979935,-0.97581018922853,3.4,0,0.3925430809478114,Virtuosity,0.3393545582208709,0
0.016830294530154274,0.04067321178120617,1.906030855539972,0.5904628330995793,0.7479596101394781,0.8777654978962129,2.0,0,0.7177989467810606,"Next-Three-Days,-The",0.19362882828241734,1
0.024320457796852647,0.04291845493562232,2.21173104434907,0.6924177396280401,0.8821958548984459,-0.2716123032904149,1.2,0,0.9315236430708564,Eight-Legged-Freaks,0.2651734323996035,1
0.033621517771373684,0.06532180595581172,2.107588856868396,0.5235350624399616,0.08255968992189834,0.9537203650336216,3.0,0,0.626625497725715,Antitrust,0.22898320852698956,0
0.037422037422037424,0.04885654885654886,1.9573804573804572,0.5550935550935551,0.9572869337873572,-0.031393451143451115,1.8,0,0.9724944503697694,"Imaginarium-of-Doctor-Parnassus,-The",0.18823222859809308,1
0.05023364485981308,0.06191588785046729,2.2137850467289715,0.5700934579439252,0.7755073059617169,0.684863668224299,1.2,0,0.7774937051835211,Machine-Gun-Preacher,0.17256445318570907,0
0.04736842105263158,0.015789473684210527,1.8096491228070173,0.4543859649122807,0.9136015687377074,0.4355446491228069,2.4,0,0.6920634826372506,12-Monkeys,0.21538075098154713,1
0.0340632603406326,0.0170316301703163,1.8929440389294403,0.4395782643957826,0.07059109292254938,0.9902922141119219,3.0,0,0.3921172753144141,Confessions-of-a-Dangerous-Mind,0.2271109389674139,1
0.046848381601362864,0.034923339011925035,2.1252129471890973,0.5238500851788757,0.7550026320483922,0.8252001703577514,2.8,0,0.4890998523819037,Mumford,0.301288157604387,0
0.03457216940363008,0.05963699222126189,1.8349178910976665,0.5012964563526361,0.959820446541956,-0.4408972342264478,1.6,0,0.9674161681510186,"Jacket,-The",0.3734090023030001,0
0.04785894206549118,0.04282115869017632,2.2695214105793453,0.5554156171284634,0.9460618402620412,-0.06155176322418138,2.4,0,0.7415319693715168,Indiana-Jones-and-the-Temple-of-Doom,0.2897657786313911,1
0.035913806863527534,0.09577015163607344,1.9856344772545893,0.4764565043894653,0.7975079244747353,-0.5932915403032721,1.8,0,0.7997800962764702,Straight-Outta-Compton,0.2999335439501365,1
0.029829545454545456,0.05397727272727273,2.8380681818181817,0.7159090909090909,0.9222063487094416,0.4548048295454544,2.4,0,0.6197963484887596,Die-Hard,0.21930446990490401,1
0.02882984737139627,0.04296212549462974,1.7083097795364612,0.3470887507066139,0.7942913636695291,-0.9274846806105144,1.6,0,0.7976227489233241,30-Minutes-or-Less,0.44728399710369315,1
0.05473372781065089,0.042899408284023666,2.5547337278106506,0.7071005917159763,0.09767518825167422,0.956435650887574,2.8,1,0.02754795092198328,Blade-Runner,0.2576875528356699,1
0.04535637149028078,0.0,2.1447084233261338,0.5691144708423326,0.013217654860072559,0.9941349892008636,2.6,0,0.0,We-Own-the-Night,0.39795467525009526,1
0.02942979767014102,0.0809319435928878,1.959534028203556,0.3881054567749847,0.005658480361369115,0.9982636419374618,3.0,1,0.0017577258034175971,How-to-Lose-Friends-&-Alienate-People,0.2909230001627662,0
0.01912568306010929,0.03317720530835285,1.1366120218579234,0.2451209992193599,0.0016569852141766481,0.9993196330991412,1.0,1,0.0003200000000000036,Knocked-Up,0.27304043118561216,1
0.05555555555555555,0.03333333333333333,3.0375,0.7986111111111112,0.7935780783262603,0.7505488888888888,3.0,0,0.7969353624981138,Anonymous,0.16536575876627088,0
0.032323232323232316,0.05151515151515152,2.360606060606061,0.5303030303030303,0.960408882507862,0.5591036363636364,2.4,0,0.9713726526930848,Limitless,0.32072043784868753,1
0.0546218487394958,0.0546218487394958,2.240546218487395,0.5840336134453782,0.9321949959101904,0.4878505252100841,2.2,0,0.974420108577404,Lake-Placid,0.3471398285736022,1
0.02384291725105189,0.04768583450210378,2.230014025245442,0.6409537166900421,0.9481571021724194,0.09823842917251058,2.6,0,0.8798843560377693,Dark-City,0.21074545437871336,1
0.028312570781426964,0.06455266138165346,2.0622876557191394,0.5956964892412231,0.9185455446519786,0.567232502831257,2.0,0,0.8884967133310061,Case-39,0.35805206513084104,1
0.03482045701849837,0.016322089227421108,1.9912948857453756,0.5331882480957563,0.9477936243718884,0.007559085963003256,2.0,0,0.9554015143383436,Suspect-Zero,0.23477597977423958,0
0.04950495049504952,0.12376237623762375,2.4344059405940595,0.6596534653465347,0.0014587666023048351,0.9986653465346536,2.4,1,0.0008957678270623364,Shakespeare-in-Love,0.1889531281542172,1
0.02564102564102564,0.0935897435897436,1.4429487179487182,0.34423076923076923,0.015525540248249032,-0.9841547435897436,1.2,-1,0.003705887208213443,Pineapple-Express,0.31758094325981145,1
0.06557377049180327,0.04735883424408015,2.343351548269581,0.5264116575591985,0.029550810479579057,0.9932260473588344,3.8,1,0.010054929139481805,Philadelphia,0.20615388193091366,1
0.040816326530612235,0.02915451895043732,2.435860058309038,0.7011661807580175,0.7599293772450175,-0.8655844023323617,2.0,0,0.4897510567625148,Final-Destination-2,0.20640580332967548,1
0.04451510333863275,0.06677265500794913,2.435612082670906,0.7917329093799682,0.9505137760180018,-0.18661526232114464,1.2,0,0.8896961526274013,Legion,0.26592048477374713,1
0.02745576571079927,0.1366687004270897,2.1043319097010373,0.3923123856009762,0.7754543922114313,-0.27470494203782786,1.8,0,0.7946559547376459,Blood-and-Wine,0.378953170377054,0
0.03729767769176636,0.10485573539760733,2.002814919071077,0.4426460239268121,0.16553008910769068,0.9105612948627728,2.2,1,0.059041863114234476,"Help,-The",0.29373971848024844,1
0.05086848635235732,0.02357320099255583,1.9429280397022333,0.5483870967741935,0.7350171872820389,0.7779501240694789,2.2,0,0.7207587124690205,Schindler's-List,0.20703283390508265,1
0.026143790849673203,0.006535947712418301,2.2758169934640518,0.6326797385620915,0.9632059729881248,0.6564622222222223,1.6,0,0.4789835387568137,No-Country-for-Old-Men,0.2120392305662652,1
0.024420788979336257,0.055729492798998116,1.941139636819036,0.3318722604884158,0.7743426957103682,0.8802455854727615,1.8,0,0.7907318240718529,No-Strings-Attached,0.2776710940366623,1
0.033562166285278416,0.02517162471395881,2.082379862700229,0.482837528604119,0.9178968146801688,0.09856620900076282,2.6,0,0.8735725833609936,August-Osage-County,0.3892942875967334,1
0.015220700152207,0.0441400304414003,2.249619482496195,0.6605783866057838,0.7280335613143121,-0.647202283105023,1.8,0,0.763240849011634,Cradle-2-the-Grave,0.21408129751194824,1
0.0387045813586098,0.08293838862559241,2.339652448657188,0.457345971563981,0.9077028557848652,0.7650964454976303,2.2,0,0.9377321826619796,"Shawshank-Redemption,-The",0.2608179651581071,1
0.041294642857142856,0.08035714285714286,2.65625,0.6283482142857143,0.005106309822170981,-0.9914052455357142,2.2,-1,0.005151465810815407,"Losers,-The",0.35277536536438864,1
0.03776978417266187,0.1223021582733813,2.348920863309353,0.4910071942446043,0.7452932094149255,0.901755035971223,3.0,0,0.7495020827189208,"Box,-The",0.25263355336989146,1
0.045845272206303724,0.0673352435530086,2.3925501432664755,0.6661891117478511,0.02353521616641752,-0.982713753581662,2.2,-1,0.009965540627582656,Scream-2,0.1832807714239258,1
0.02464788732394366,0.11737089201877934,2.0774647887323945,0.5809859154929577,0.9648924499652798,0.02503849765258213,1.2,0,0.9764185979384048,I-Still-Know-What-You-Did-Last-Summer,0.25538135738297163,1
0.05283757338551859,0.0273972602739726,2.3542074363992174,0.512720156555773,0.9349953681168692,0.1748454990215264,3.0,0,0.6313171424886227,"Men-Who-Stare-at-Goats,-The",0.23504859889015528,1
0.01950867052023121,0.04479768786127168,1.804913294797688,0.4140173410404625,0.9531669746691814,-0.13968764450867052,1.6,0,0.9684056319538832,Bad-Boys,0.2994862863325846,1
0.0314192849404117,0.08017334777898158,2.3705308775731306,0.6121343445287107,0.795245299011569,0.7767286023835319,2.4,0,0.7970700987993465,"Ides-of-March,-The",0.3121586111708799,1
0.020023557126030624,0.0706713780918728,2.3981154299175502,0.6784452296819788,0.8991483414876547,-0.3099155477031802,2.2,0,0.8314828450425179,Pitch-Black,0.3393807111845868,1
0.02826855123674912,0.04593639575971732,1.4911660777385158,0.3512367491166078,0.003070895634827068,0.999487632508834,2.8,1,0.0008494704232638126,Her,0.2725200088880238,1
0.07440100882723834,0.09079445145018916,2.6557377049180326,0.6406052963430012,0.8956761414707884,0.4821040353089534,3.6,0,0.9267671284632402,Gandhi,0.18970252361888518,1
0.03403403403403404,0.04704704704704705,2.3703703703703702,0.5685685685685685,0.7807487775206567,-0.6885508508508508,3.2,0,0.7930934083700356,Jay-and-Silent-Bob-Strike-Back,0.18357590657848308,1
0.032740213523131674,0.099644128113879,1.735943060498221,0.42491103202846975,0.96298586199383,-0.1023425622775801,2.0,0,0.9781896122940584,Death-at-a-Funeral,0.48630872853286605,1
0.04604604604604605,0.11411411411411412,1.9109109109109108,0.5195195195195195,0.9637539374757438,-0.10080650650650652,1.4,0,0.8880311796327874,Pet-Sematary,0.33531270851302725,1
0.04560260586319218,0.0065146579804560255,2.6254071661237783,0.7801302931596091,0.9387796789449588,0.4688851791530944,2.6,0,0.5681731229123743,Tinker-Tailor-Soldier-Spy,0.24607623369677104,1
0.05936675461741425,0.10883905013192613,2.3562005277044853,0.43073878627968337,0.7968886863295274,0.17608166226912936,4.4,0,0.7992215452551314,eXistenZ,0.426246562318901,0
0.03586206896551724,0.02482758620689655,2.017931034482759,0.5710344827586207,0.06985257046093582,0.9794230344827584,1.6,1,0.03306051421257692,La-La-Land,0.21659364277883553,1
0.030456852791878174,0.01903553299492386,2.1560913705583755,0.618020304568528,0.8958039526592858,-0.3615827411167512,2.0,0,0.7602641135815895,Jaws-2,0.18907325862902966,1
0.022965879265091863,0.05511811023622047,1.489501312335958,0.3838582677165354,0.7776843714515549,0.6247559711286089,1.4,0,0.778281230404537,"Descendants,-The",0.31534569555944514,1
0.040920716112531966,0.1163682864450128,2.7557544757033248,0.7122762148337596,0.7888135860898949,0.13843874680306908,2.4,0,0.7983217336387629,Disturbia,0.3414631359224225,1
0.030097087378640777,0.08349514563106795,1.9621359223300967,0.537864077669903,0.5682831984143117,0.7968577669902913,2.0,1,0.2934740833531983,Obsessed,0.34035181935358144,1
0.01875,0.0425,1.8925,0.61375,0.9729563081659938,0.4094818750000001,1.0,0,0.9769314788663532,Edward-Scissorhands,0.2762069637178062,1
0.02323232323232324,0.03838383838383838,2.104040404040404,0.5494949494949495,0.9739200653031028,-0.0928423232323232,2.2,0,0.8932197454154269,"American,-The",0.24322512230637228,1
0.027829313543599257,0.05318491032776747,1.411873840445269,0.3463203463203463,0.0008555699854483122,0.9991104514533088,1.8,1,0.00013564659966249044,Eternal-Sunshine-of-the-Spotless-Mind,0.3641447596356319,1
0.028957528957528962,0.03861003861003861,2.3320463320463323,0.8281853281853282,0.8872051095434472,0.07558474903474904,1.6,0,0.7426916167562415,Babel,0.16659919529813202,1
0.023926812104151998,0.0907811400422238,1.64954257565095,0.3926812104152005,0.9662956992556678,0.4347110485573539,1.2,0,0.978082489363755,She's-Out-of-My-League,0.2479961323747788,1
0.03734707018673535,0.0019317450096587247,1.9839021249195103,0.3953638119768191,0.7389280251824261,0.8725373470701866,2.2,0,0.4857870167058811,Milk,0.30533722227780113,1
0.03768844221105527,0.0728643216080402,1.9007537688442209,0.6432160804020101,0.16146882795140366,0.9263680904522612,1.8,0,0.3871931486997156,"Debt,-The",0.2830212860715593,1
0.027871621621621614,0.06925675675675676,1.771114864864865,0.4256756756756757,0.8728262035479916,0.36527685810810817,2.8,0,0.8115502621526286,Ghost-Ship,0.24802955348530936,1
0.03724928366762178,0.11556829035339065,2.1060171919770774,0.5558739255014327,0.7711840651880716,-0.6299302769818529,1.8,-1,0.006415481275789092,Wild-Things,0.34943360286625247,1
0.0402755696873344,0.07101218865924748,1.6253312135665077,0.3094859565447801,0.9371644350913024,0.2696682034976152,2.4,0,0.9534629863817472,High-Fidelity,0.3195052751611207,1
0.027892561983471075,0.04132231404958678,2.199380165289256,0.5464876033057852,0.9628630673153894,-0.2090941115702479,3.2,0,0.9727335433714621,From-Dusk-Till-Dawn,0.2536457265207306,1
0.023346303501945533,0.17963683527885865,2.130350194552529,0.4085603112840467,0.008260895835198501,0.9975769130998704,3.0,1,0.0006590902821313755,Monte-Carlo,0.302619396245201,1
0.04034896401308615,0.08287895310796074,2.242093784078517,0.6292257360959651,0.8575074259736764,0.07842071973827701,2.0,0,0.9089973980160778,Psycho,0.2883595484145999,1
0.04679802955665025,0.07758620689655173,2.7980295566502464,0.6785714285714286,0.7930347039064558,0.7250923645320196,3.0,0,0.7912515974075502,Into-the-Wild,0.2212396614583497,1
0.028,0.0216,1.5912,0.4672,0.7238918250678067,0.66846352,2.2,0,0.7616938188012294,A-Most-Violent-Year,0.24694496440837566,0
0.05593220338983052,0.0,2.4966101694915253,0.5669491525423729,0.9667151783229638,-0.2343315254237288,2.6,0,0.0,A-Scanner-Darkly,0.21144529413556173,0
0.056338028169014086,0.08685446009389672,2.9741784037558685,1.0117370892018778,0.9458107138323184,0.06892042253521127,3.0,0,0.962131686205168,Alone-in-the-Dark,0.19979824801330986,0
0.035171862509992005,0.059152677857713824,2.1262989608313347,0.4540367705835332,0.020705400261767464,0.9896633093525179,2.4,1,0.01911257177880571,"Brothers-Bloom,-The",0.3221427492824456,0
0.0198482194979568,0.0986573263280794,1.4950379451255107,0.3321657910099241,0.7888184150994447,0.8765626970227669,1.8,0,0.7960871248801855,"Synecdoche,-New-York",0.24414681976942756,0
0.06713780918727916,0.00530035335689046,2.5848056537102475,0.9257950530035336,0.7610727560489864,0.281556183745583,1.6,0,0.39048,Dances-with-Wolves,0.22677724993674003,1
0.01989389920424403,0.08355437665782492,1.9867374005305043,0.3806366047745358,0.0012214745187682106,0.9993644562334216,3.0,1,0.00014142135623729392,Bad-Teacher,0.3115159914836798,1
0.034904013961605584,0.02356020942408377,1.6928446771378707,0.4162303664921466,0.7249447967949009,0.9081321116928446,3.0,0,0.7346341647377966,"Invention-of-Lying,-The",0.1911114215928103,1
0.04291187739463601,0.06130268199233716,2.1088122605363986,0.37777777777777777,0.8908755738036598,-0.908503908045977,2.8,0,0.7325517319616411,Fear-and-Loathing-in-Las-Vegas,0.23169189712032315,0
0.03324584426946632,0.12248468941382328,2.594925634295713,0.5188101487314086,0.003036708744677372,0.9966699912510936,2.8,1,0.0008708616422831017,"Mask,-The",0.2725993253558661,1
0.03647798742138365,0.05786163522012579,2.3509433962264152,0.620125786163522,0.1710417563052952,0.9471023899371068,2.8,1,0.17105938851755548,Legally-Blonde,0.19925419924917634,1
0.02030456852791878,0.036802030456852784,2.16497461928934,0.5977157360406091,0.9723494075691104,-0.6111197969543147,1.6,0,0.7985552920117679,Bad-Santa,0.25377716046643706,1
0.04106280193236715,0.07729468599033816,3.0241545893719817,0.9685990338164252,0.7376756398309489,-0.8629743961352657,2.4,0,0.7386791492928442,Predator,0.33411938993096246,1
0.01509433962264151,0.13773584905660374,3.033962264150944,0.7679245283018868,0.9377984188513008,0.2773322641509434,2.6,0,0.9637783948605614,Prom-Night,0.26198808886541597,1
0.02871148459383753,0.05812324929971989,1.8102240896358543,0.3949579831932773,0.004712536472007432,0.9989032913165266,3.0,1,0.0050031989766548615,Peggy-Sue-Got-Married,0.2675352481980821,1
0.045718432510885344,0.09506531204644413,1.7576197387518142,0.3904208998548621,0.7881217180106128,0.8743461538461538,2.4,0,0.7976017778315191,Observe-and-Report,0.387558287141491,1
0.029462738301559793,0.1340265742345465,1.5488157134604277,0.318313113807048,0.9729718113080152,0.28279774696707105,2.8,0,0.9789069324506798,Raging-Bull,0.4287683502269048,1
0.03773584905660377,0.018867924528301886,3.1455525606469004,0.8328840970350404,0.5782531577086285,0.9339916442048516,2.8,0,0.3808984242550762,127-Hours,0.38161012235854497,1
0.048722044728434506,0.15415335463258786,2.1038338658146967,0.4376996805111821,0.7853703518722871,0.8246426517571885,2.2,0,0.7960996384875451,Youth-in-Revolt,0.2482611268679959,1
0.030095759233926125,0.09028727770177836,2.7017783857729136,0.7154582763337893,0.7237547440949871,0.8274165526675786,2.4,0,0.7311887351429862,"Ice-Storm,-The",0.2825152108077055,0
0.03197925669835782,0.05704407951598961,1.9740708729472771,0.5177182368193605,0.7916201275864581,0.7751847018150387,2.2,0,0.7919000012627857,"Last-Station,-The",0.33674687246149504,0
0.04639175257731959,0.03479381443298968,2.2461340206185567,0.663659793814433,0.789206856533824,0.3664139175257733,1.8,0,0.7972470347389196,Dragonslayer,0.3104419406129757,0
0.04681404421326398,0.0247074122236671,2.6631989596879064,0.5890767230169051,0.8960570740750836,-0.10355292587776332,2.2,0,0.7434805326301422,RocknRolla,0.27452252712300235,1
0.02444208289054197,0.05844845908607864,2.0499468650371946,0.4750265674814028,0.9438475419261312,0.5643534537725823,2.4,0,0.8703784717006735,"Salton-Sea,-The",0.18764114250336061,0
0.027643400138217002,0.023496890117484445,1.6606772633033864,0.4029025570145128,0.9593080306137336,-0.5334559087767795,1.0,0,0.7433154754207664,Superbad,0.3261714607945218,1
0.02544769085768143,0.03581526861451461,1.6371347785108388,0.4326107445805844,0.7409784072427481,0.888225164938737,2.4,0,0.3846651010944455,Hotel-Rwanda,0.23909817173961204,1
0.03492063492063492,0.07513227513227512,1.4068783068783068,0.2957671957671958,0.7276583016773738,0.9369788888888888,2.0,0,0.7817805845632136,Sideways,0.3638093829574584,1
0.02444987775061125,0.12224938875305626,2.8092909535452324,0.9168704156479216,0.6830232909645175,0.3604031784841076,1.2,0,0.7748616676542982,Friday-the-13th,0.20400941555841748,1
0.01951219512195122,0.14878048780487804,2.9170731707317072,0.975609756097561,0.9611154415573604,0.3551590243902439,2.4,0,0.7981754959906999,Evil-Dead,0.41252345039216237,1
0.042160737812911735,0.1686429512516469,2.960474308300395,0.7378129117259552,0.8159894175784389,-0.11507430830039525,2.8,0,0.8804708181422027,"Hills-Have-Eyes,-The",0.4274573926446046,1
0.08414872798434443,0.07240704500978473,4.457925636007828,1.0293542074363993,0.008828272764250071,-0.992409589041096,4.6,0,0.3969407089226299,Smokin'-Aces,0.2296048227205086,1
0.03881278538812785,0.11529680365296804,2.3242009132420094,0.5799086757990868,0.0067925253035966285,0.9973618721461188,2.6,1,0.001248038460945817,My-Girl,0.338921074743425,1
0.04206349206349207,0.09047619047619047,2.8,0.4841269841269841,0.775042807591942,0.8737344444444444,3.4,0,0.7916802829425527,Wall-Street,0.28327626773195297,1
0.0452155625657203,0.1146161934805468,2.5667718191377498,0.6593059936908517,0.00025768197453452757,0.9996430073606728,3.6,1,7.483314773547058e-05,Sense-and-Sensibility,0.3522034936224282,1
0.033913043478260865,0.05304347826086957,2.0069565217391303,0.5017391304347826,0.11534533540633532,0.9758053043478262,2.0,1,0.037640371942901985,Dead-Poets-Society,0.20570487900192339,1
0.05425772418990203,0.09269027882441598,1.952524491333836,0.4204973624717408,0.7918628330714859,0.6040508666164279,2.8,0,0.7978495311774019,"Verdict,-The",0.2588143899903097,1
0.046365914786967416,0.03634085213032581,2.406015037593985,0.6165413533834586,0.7333438931360919,0.5442323308270676,3.0,0,0.7367240340860342,Moonrise-Kingdom,0.2232220801995802,1
0.022030651340996167,0.1743295019157088,1.4861111111111112,0.296455938697318,0.0061930283383817885,0.9982292145593871,2.0,1,0.0032738967607424587,"Roommate,-The",0.4935291691034119,1
0.024489795918367342,0.0673469387755102,2.0448979591836736,0.5316326530612245,0.04930991786649009,0.987878775510204,1.8,1,0.020430917747374936,Remember-Me,0.32464503196925787,1
0.03880070546737213,0.07936507936507936,2.011463844797178,0.4523809523809524,0.9697620264786614,-0.8178211640211641,2.0,0,0.9733981088948138,Jennifer's-Body,0.2938567331969235,1
0.051682692307692304,0.036057692307692304,2.4158653846153846,0.6790865384615384,0.95541762889325,-0.04825492788461538,2.0,0,0.9443465347000538,Highlander,0.1515496794416127,0
0.03333333333333333,0.08095238095238096,2.7,0.6285714285714286,0.9484618453053344,-0.1125571428571429,2.2,0,0.7943427582599341,Detroit-Rock-City,0.25013354030013124,0
0.036334913112164295,0.1627172195892575,2.308056872037915,0.669826224328594,0.9495647373402196,0.06385513428120061,1.4,0,0.973069722887317,Slither,0.29077242358238126,0
0.06190823015294975,0.029861616897305168,2.261471230881282,0.4559359067734887,0.9647944622560808,0.04674129643117264,3.8,0,0.8837118725014392,"King's-Speech,-The",0.20082871626509283,1
0.017194570135746608,0.04796380090497738,2.0180995475113117,0.5285067873303168,0.6504161793805563,0.7694521266968327,1.6,0,0.652110275950318,American-Beauty,0.3020907995797865,1
0.0305980528511822,0.1780250347705146,2.4506258692628653,0.7232267037552156,0.7858995879881857,0.5478588317107093,1.8,0,0.7963507568904546,"Crouching-Tiger,-Hidden-Dragon",0.2441102370961076,1
0.0425,0.06125,2.39625,0.69875,0.7716823714456615,-0.5872225000000001,2.2,0,0.7948908564073435,Scream,0.2641424935551475,1
0.02247191011235955,0.1544943820224719,1.2013108614232209,0.4213483146067416,0.9363199465994516,0.1530067415730337,0.0,0,0.9592422622049136,"Deer-Hunter,-The",0.25351408370852363,1
0.0379746835443038,0.03435804701627486,2.2151898734177213,0.7811934900542495,0.7770034198122939,0.41667414104882455,1.6,0,0.7794182060999089,When-a-Stranger-Calls,0.18221516709435537,1
0.020253164556962026,0.06962025316455696,2.3278481012658228,0.6430379746835443,0.011424464976531708,0.99254,3.0,1,0.0034517242068276485,"Theory-of-Everything,-The",0.24712993682359355,1
0.034207525655644236,0.060433295324971485,2.46636259977195,0.5895096921322691,0.9543111932697844,0.32200581527936145,2.2,0,0.9709185156335212,Malibu's-Most-Wanted,0.23844399461020718,1
0.028664495114006518,0.14332247557003258,2.241042345276873,0.3791530944625407,0.9405900603344692,0.6172794136807818,2.8,0,0.9730049393502584,All-About-Steve,0.3989271857269297,1
0.02516940948693127,0.028073572120038724,1.948693126815101,0.4975798644724105,0.04148954567116877,0.9929978702807356,1.8,1,0.041576070040348925,Love-and-Basketball,0.2791164325039186,1
0.02881040892193308,0.06412639405204461,1.944237918215613,0.4358736059479554,0.9463678134847994,-0.0892708178438662,1.6,0,0.96829316924163,"Hurt-Locker,-The",0.23218709663086956,1
0.04129554655870445,0.044534412955465584,1.9125506072874492,0.4526315789473685,0.024227835231402758,0.9919295546558704,2.2,1,0.00791818160943532,Confidence,0.34575626365681156,0
0.02408637873754153,0.0340531561461794,1.7325581395348837,0.4169435215946844,0.9292481326319684,0.7539894518272426,1.0,0,0.9371670088089956,Black-Snake-Moan,0.40003245229580964,0
0.02118003025718608,0.0529500756429652,2.0635400907715584,0.6641452344931922,0.02245653579695673,0.9883497730711044,1.6,0,0.3950439033829025,Mulholland-Drive,0.1923476400809164,1
0.01876019575856444,0.09787928221859707,1.737357259380098,0.3629690048939641,0.014175274247787934,0.9972835236541598,2.4,0,0.3956160279867336,Groundhog-Day,0.19103713506439457,1
0.02763636363636364,0.06909090909090909,1.6501818181818182,0.41600000000000004,0.01979428200263903,0.996354109090909,1.6,0,0.39967064740858815,Pretty-Woman,0.28453875857615607,1
0.02364273204903677,0.10245183887915936,1.8196147110332748,0.4746059544658494,0.9661124394189324,0.4777845884413311,2.0,0,0.9740084126946748,Slumdog-Millionaire,0.18965461659994,1
0.0328125,0.053125,2.7125,0.6578125,0.7089441038615104,0.9761351562499998,4.6,0,0.4872080188174247,"Iron-Lady,-The",0.16842682719609872,1
0.027624309392265192,0.03756906077348066,1.9193370165745856,0.5524861878453039,0.7892077663074533,-0.4829909392265193,1.2,0,0.7978416319044777,Jason-X,0.21984139428299612,1
0.03712871287128714,0.05198019801980198,1.545049504950495,0.3252475247524753,0.7963005538111851,0.9246770297029704,3.2,0,0.7991900059435179,Margaret,0.2757004305639106,0
0.021015761821366025,0.13485113835376533,2.010507880910683,0.44746059544658495,0.06975336551020314,0.991586952714536,2.4,1,0.022209421424251467,Black-Swan,0.3611401619349791,1
0.027550260610573345,0.07148175725986597,1.6589724497393894,0.4393149664929263,0.7879372147576227,0.8172597915115413,1.0,0,0.7894601127352794,Save-the-Last-Dance,0.3482548149865908,1
0.03532008830022075,0.04856512141280353,2.548565121412804,0.6456953642384106,0.9764736379442098,-0.05290883002207508,2.2,0,0.9794774659990908,10-Things-I-Hate-About-You,0.31777973979298996,1
0.016979445933869526,0.10098302055406612,1.8963360142984809,0.4772117962466488,0.0073007944773154955,0.9977109919571046,1.6,1,0.0010107423014794788,"Perks-of-Being-a-Wallflower,-The",0.28667507963380706,1
0.015817223198594025,0.13093145869947276,1.5799648506151145,0.4437609841827768,0.069649625986074,0.9866127416520212,0.6,1,0.025148089390647548,Room,0.26508332545592517,1
0.02325581395348837,0.1124031007751938,2.5755813953488373,0.7228682170542635,0.8766873960540325,0.31930426356589153,1.8,0,0.8054214782336016,Serial-Mom,0.20502131576623023,0
0.009793253536452664,0.04352557127312296,1.5636561479869424,0.4798694232861807,0.03411803042380967,0.988055930359086,2.0,1,0.035204920110689104,Birthday-Girl,0.3934619534119877,0
0.03481624758220503,0.02321083172147002,2.5957446808510642,0.8065764023210832,0.9385458654748844,-0.4600367504835589,2.0,0,0.7576614267600007,Machete,0.2911861054254292,1
0.03054989816700612,0.016293279022403257,2.640529531568228,0.5610997963340122,0.7751894803207794,0.26025590631364565,2.6,0,0.7922226338599523,Jaws,0.2517945356594253,1
0.01849112426035503,0.07248520710059171,1.8979289940828403,0.4275147928994083,0.04294913270369962,0.988454807692308,2.4,1,0.002949305002877805,"Fault-in-Our-Stars,-The",0.3226055275306227,1
0.037714285714285714,0.051428571428571435,2.029714285714286,0.5325714285714286,0.7980804936846909,0.8092719999999999,1.4,0,0.7997800062517192,American-Pie,0.23945578667936068,1
0.05415617128463476,0.06423173803526447,2.836272040302267,0.7342569269521411,0.20150410814670752,0.7553132241813603,3.8,1,0.19049090896943088,Star-Trek-II-The-Wrath-of-Khan,0.2650745207961391,1
0.01877346683354193,0.07133917396745933,2.3003754693366707,0.6307884856070087,0.9552154090046916,0.6274541927409262,2.4,0,0.9755634330990476,Witness,0.28126802773132215,1
0.03770739064856712,0.10558069381598792,2.479638009049774,0.6561085972850679,0.7906312075803739,0.4400022624434389,1.8,0,0.794437427617808,Chronicle,0.44453864223774764,1
0.015,0.06666666666666668,2.095,0.6416666666666667,0.7791302725475374,0.7912406666666666,1.8,0,0.7839923673097844,Crank,0.258318438942244,1
0.03252647503782148,0.11119515885022692,2.0809379727685324,0.4742813918305598,0.7767578320171609,0.7603547655068078,2.4,0,0.7827992319873596,Stir-of-Echoes,0.2786205120570382,1
0.02475685234305924,0.050397877984084884,2.061892130857648,0.5181255526083113,0.93677251966526,0.21341715296198047,2.6,0,0.8881074394463768,Rachel-Getting-Married,0.3208816898159748,1
0.022998296422487224,0.03321976149914821,1.821976149914821,0.4667802385008518,0.7476264029580549,0.8335234241908007,1.8,0,0.7489288201157703,Arbitrage,0.23873663046135,1
0.034055727554179564,0.14447884416924664,2.076367389060888,0.4643962848297213,0.920039650449914,-0.4451731682146544,2.2,0,0.9556230311163498,Gremlins,0.38705359227669095,1
0.043478260869565216,0.25102543068088595,2.5750615258408533,0.5012305168170632,0.9489909011154954,0.5952608695652174,3.0,0,0.9717404126617354,"Fighter,-The",0.3467743238287451,1
0.05375139977603583,0.03135498320268757,2.793952967525196,0.6338185890257558,0.7940403954459748,0.7476477043673012,2.8,0,0.7943705926077576,Major-League,0.26770808192748213,1
0.037641154328732745,0.033249686323713924,1.6493099121706398,0.3469259723964868,0.8688123986223953,-0.2206463613550816,2.2,0,0.8689592888047172,Phone-Booth,0.3147681617069193,1
0.02328863796753705,0.06563161609033169,1.6132674664784756,0.38743824982357095,0.7134585358659605,0.8474093860268171,1.2,0,0.7835770353960101,Cruel-Intentions,0.3875349092687681,1
0.1320754716981132,0.031446540880503145,3.818658280922432,0.6373165618448637,0.015196841777158831,0.9961180293501048,5.6,1,0.015382587558665154,Barry-Lyndon,0.22129128902242895,1
0.04030226700251889,0.03526448362720403,2.8438287153652397,0.8589420654911839,0.048859414650607516,-0.9830188916876572,2.4,0,0.4848719649556984,Army-of-Darkness,0.31128520681772226,1
0.04519774011299435,0.018832391713747645,2.274952919020716,0.5357815442561206,0.8858719826250291,0.5452687382297551,2.6,0,0.9225304409069652,Alien,0.4950084140897764,1
0.03728606356968215,0.06540342298288508,2.021393643031785,0.4193154034229829,0.0015929846201392026,0.9984988997555012,2.4,1,0.0018225257199831356,Good-Will-Hunting,0.21213149317881205,1
0.0316622691292876,0.06860158311345646,2.7229551451187337,1.0079155672823221,0.8153310272521216,0.13275831134564647,2.0,0,0.7625076749777671,"Grudge,-The",0.22014869034515128,1
0.031496062992125984,0.04881889763779528,2.247244094488189,0.537007874015748,0.0013644046320648636,0.9990600000000001,2.8,1,0.00011661903789689316,"Best-Exotic-Marigold-Hotel,-The",0.23764744385929423,1
0.03285077951002227,0.1341870824053452,1.6698218262806237,0.3357461024498886,0.94055684868061,0.4003665367483296,1.6,0,0.9516569264183392,Mud,0.428311579227433,1
0.03498542274052478,0.18002915451895046,2.182215743440233,0.4555393586005831,0.04467149426647826,0.9895323615160349,3.2,1,0.005310141241059405,My-Week-with-Marilyn,0.3774986947965509,1
0.034108527131782945,0.05193798449612403,1.9449612403100776,0.3782945736434109,0.5745512913570032,0.9502128682170542,2.6,0,0.6859692716149899,Big-Eyes,0.2172743348442083,1
0.039936102236421724,0.06070287539936103,2.9904153354632586,0.7252396166134185,0.7711503822212629,0.7738309904153354,2.2,0,0.7901802644966527,Drop-Dead-Gorgeous,0.19009652362886484,1
0.0388283378746594,0.05858310626702998,1.7513623978201636,0.4182561307901908,0.9738756010908171,0.4550489100817439,1.6,0,0.9786124237919728,Very-Bad-Things,0.2333328535140139,1
0.02254722730042657,0.07495429616087751,1.9317489335770872,0.37659963436928706,0.7990509695882987,0.6912496648385131,2.4,0,0.7999200050005,Cedar-Rapids,0.3175527914537324,0
0.05326876513317192,0.0847457627118644,3.2808716707021786,1.0242130750605327,0.8378832104774507,-0.18655593220338976,3.4,0,0.8785413561125054,Crash,0.4689373202818602,0
0.04177109440267335,0.15538847117794485,2.2130325814536342,0.5246449456975772,0.9184884722194394,0.276242522974102,2.2,0,0.9403731548699164,"Limey,-The",0.25133415156479966,0
0.05224787363304982,0.13487241798298907,3.496962332928311,0.8031591737545565,0.9646703465951464,0.4891948967193195,4.2,0,0.9778891830877362,Coriolanus,0.3197884921610605,0
0.041804180418041806,0.0352035203520352,1.9658965896589657,0.5247524752475248,0.6762765250990159,0.9254083608360836,2.0,0,0.4897999853001223,Amour,0.34665354417390093,1
0.02735562310030395,0.0243161094224924,2.080547112462006,0.5942249240121581,0.9024611060871266,0.03401990881458969,0.8,0,0.6659281703006715,Next-Friday,0.2868454835354056,1
0.04072398190045249,0.08868778280542987,2.3348416289592757,0.5447963800904977,0.7624433864884658,0.8338276018099547,3.2,0,0.7834400153170631,Election,0.3257388046524868,1
0.03269069572506287,0.03185247275775356,2.284995808885164,0.4962279966471082,0.969066143047006,-0.4560962279966471,2.6,0,0.7961299692889346,Pulp-Fiction,0.22778143401217948,1
0.03914893617021276,0.03574468085106383,2.087659574468085,0.4417021276595745,0.03921147791144833,0.9869434893617021,2.4,1,0.042439557019365776,Easy-A,0.23379350228879622,1
0.01888162672476398,0.06100217864923747,1.6499636891793754,0.4386347131445171,0.10692120463219633,0.9859984023238926,2.2,0,0.3994053479862282,An-Education,0.3636903878857177,1
0.030747728860936407,0.09294199860237597,1.6715583508036338,0.4018169112508735,0.7913067536676279,-0.12089426974143948,2.0,0,0.79466151385354,Extract,0.4498124331740596,1
0.03285593934288121,0.06318449873631002,2.106992417860152,0.4633529907329402,0.001578100123566312,0.9988996630160067,2.0,1,0.0006046486583132473,Juno,0.2977042721640745,1
0.045098039215686274,0.02549019607843137,2.6921568627450982,0.8725490196078431,0.9150439276887204,0.07582921568627456,1.6,0,0.918121310067466,"Piano,-The",0.19767596763601983,1
0.04799107142857143,0.08258928571428571,2.2700892857142856,0.5970982142857143,0.7712380317385807,0.5739531250000001,2.0,0,0.7994350290048593,Capote,0.267518964062106,1
0.025830258302583026,0.05289052890528905,1.7675276752767528,0.6100861008610086,0.7930409270649277,0.4522863468634686,1.6,0,0.7988951009988733,Logan's-Run,0.2716673923284836,1
0.037037037037037035,0.05017921146953405,2.0489844683393077,0.5567502986857825,0.7521679838972144,0.8142746714456393,2.0,0,0.7559279261940255,Fargo,0.2210013075662514,1
0.02442748091603053,0.15725190839694655,2.7541984732824427,0.7557251908396947,0.6727929708312952,0.860134961832061,2.4,0,0.3948958262630792,Silver-Bullet,0.1856611085124532,1
0.029261155815654718,0.16605705925384054,2.092904169714704,0.4455010972933431,0.6502410586851618,0.7962226042428675,2.0,0,0.7398600878544537,Get-Low,0.4947107843773639,1
0.02819738167170192,0.04934541792547835,1.7925478348439077,0.5085599194360524,0.9677058486957696,-0.2614304128902318,1.0,0,0.9775454375117302,Hesher,0.27429606477250074,0
0.04185623293903549,0.011828935395814377,2.08189262966333,0.5050045495905369,0.7333053170405898,-0.7044320291173795,1.6,0,0.7335786921660143,"Boondock-Saints,-The",0.2656052959577776,0
0.014689265536723162,0.02485875706214689,1.6903954802259886,0.472316384180791,0.7916395305945756,0.5617969491525423,0.8,0,0.7943547393954417,Shame,0.2574480368457083,1
0.04778453518679409,0.02867072111207645,1.9052997393570807,0.4821894005212858,0.7873067153276415,0.9123425716768028,3.0,0,0.3982876628769714,"Damned-United,-The",0.22998242754518503,0
0.024489795918367342,0.0163265306122449,1.5489795918367346,0.38979591836734695,0.9037701721123574,0.7326674489795917,1.6,0,0.6597698162238101,"Wrestler,-The",0.21155695172796815,1
0.02100840336134454,0.030812324929971987,2.5518207282913163,0.6288515406162465,0.8848200617074639,-0.3477757703081233,2.4,0,0.7438123080455176,"Sting,-The",0.29381452588698465,1
0.023330651649235718,0.04907481898632341,2.0482703137570395,0.4601769911504425,0.9641991819121192,0.5268716814159292,3.0,0,0.9736024252229448,Ghost-World,0.20822251077127507,1
0.02802547770700637,0.03630573248407643,1.643312101910828,0.38089171974522296,0.7956752337480413,0.7814154140127388,2.2,0,0.7991625451683781,"Big-Sick,-The",0.25970345494623154,1
0.032036613272311214,0.056064073226544615,2.2883295194508007,0.5137299771167048,0.8624329066078126,-0.6511570938215103,4.0,0,0.8744911105322913,Dallas-Buyers-Club,0.3349009415979439,1
0.05247524752475247,0.10297029702970296,2.135643564356436,0.5277227722772277,0.7610314237927366,0.8683094059405941,3.0,0,0.7786928842618249,"Elephant-Man,-The",0.24636098533195405,1
0.028571428571428567,0.08571428571428573,3.4938775510204083,0.9816326530612244,0.93577999764902,-0.3462467346938776,3.2,0,0.7657193365718277,Friday-the-13th-Part-VIII-Jason-Takes-Manhattan,0.17013340552881212,1
0.0572289156626506,0.05120481927710843,3.3930722891566263,0.8734939759036144,0.6605338640826827,0.7949240963855422,4.0,0,0.6633369653501907,Lone-Star,0.17962893478251898,1
0.05070656691604322,0.17373233582709893,2.2801330008312557,0.5211970074812967,0.9534446370922643,-0.2102148794679967,2.2,0,0.972028378186563,April-Fool's-Day,0.3879226338758398,1
0.020833333333333332,0.08333333333333333,2.6184210526315788,0.5734649122807017,0.001271219886565635,0.996545065789474,1.6,1,0.00022271057451321826,Diner,0.20303780276831943,1
0.03391472868217054,0.03100775193798449,1.8982558139534884,0.500968992248062,0.006422771987234178,0.9911933139534884,1.4,0,0.4888227261492656,Sunshine-Cleaning,0.2553229133599738,1
0.03890160183066362,0.16475972540045766,2.1578947368421053,0.6018306636155606,0.26280642001290605,0.8800465675057207,2.8,1,0.2647699862144499,Moon,0.49434872850354256,1
0.01520572450805009,0.034883720930232565,1.6296958855098391,0.43112701252236135,0.915859691437504,0.6442402504472272,1.6,0,0.7166873711737916,Light-Sleeper,0.29046317474267486,0
0.033246414602346806,0.11342894393741852,1.7809647979139505,0.3956975228161669,0.7550650250144023,0.5837780964797914,1.6,0,0.7918279671746887,Sling-Blade,0.3489842851192776,1
0.04625199362041468,0.027113237639553436,2.135566188197767,0.748006379585327,0.7831277510087356,-0.5575456140350877,1.6,0,0.387447128780173,Only-God-Forgives,0.25045146989448386,0
0.017817371937639197,0.0378619153674833,1.5378619153674833,0.4175946547884187,0.6965623458097631,0.8634716035634744,0.8,0,0.7350126485986482,Take-Shelter,0.31042760980520806,1
0.017815646785437646,0.14562354763749033,1.3950426026336171,0.40201394268009294,0.933295990776774,0.1235217660728118,1.2,0,0.9671670515479732,Bound,0.4056582153271597,1
0.022271714922048998,0.0556792873051225,2.4766146993318485,0.821826280623608,0.0520923257303799,0.9871679287305124,1.6,1,0.05296080059817826,Lost-in-Translation,0.2787581476528484,1
0.02132564841498559,0.04438040345821327,1.6720461095100865,0.2899135446685879,0.2589498901332071,0.985558674351585,2.6,0,0.3987813917423931,Annie-Hall,0.20265105532873096,1
0.016288951841359773,0.08994334277620397,1.160056657223796,0.3576487252124646,0.01366449413626427,0.9984078611898016,0.8,1,0.0038089368595449454,"Visitor,-The",0.23357879135043533,1
0.03636363636363636,0.11871657754010695,2.1518716577540107,0.5561497326203209,0.7948618128958014,0.38219368983957225,2.2,0,0.798811107584265,"Cooler,-The",0.2766650958873585,1
0.02210526315789473,0.0863157894736842,2.256842105263158,0.5736842105263158,0.7971887947029862,0.03581778947368418,2.8,0,0.7979009321964726,Four-Rooms,0.21594527493601196,1
0.023622047244094488,0.05330102967898243,1.507571168988492,0.3464566929133858,0.04549807028874959,0.9929823743185948,1.6,0,0.3970559275467375,Gods-and-Monsters,0.2309182341934023,1
0.05437352245862885,0.01773049645390071,2.5118203309692677,0.6938534278959809,0.05021031766479871,0.9571393617021275,2.6,0,0.4650854957962031,Margin-Call,0.33822984842537335,1
0.04194630872483222,0.018456375838926176,2.567114093959732,0.6795302013422819,0.7792222830489385,0.2194296979865772,2.0,0,0.39604,Feast,0.17367188743086934,0
0.050064184852374835,0.04621309370988447,2.9062901155327343,0.6880616174582799,0.7735267012844482,0.7070263157894735,2.6,0,0.7746748184883772,Trainspotting,0.2265020883258545,1
0.046966731898238745,0.035225048923679066,3.209393346379648,0.7984344422700587,0.9111510952635682,-0.4591786692759295,2.8,0,0.9215833210296289,"French-Connection,-The",0.1731802418421164,1
0.0481651376146789,0.10206422018348624,2.540137614678899,0.5951834862385321,0.7869400673494774,0.6337449541284403,3.6,0,0.7974947056877556,American-Splendor,0.2705884463269201,1
0.04416666666666667,0.029166666666666667,1.3158333333333334,0.37,0.7710466616230175,0.8223400833333334,2.4,0,0.38009567532398997,Buried,0.24402147813695016,1
0.04404761904761905,0.15833333333333333,2.682142857142857,0.5238095238095238,0.6612641753490053,0.3926830952380952,3.6,0,0.7074460165977331,Beasts-of-the-Southern-Wild,0.3973011666825803,1
0.03895231699126931,0.16521155137676294,2.2733378106111486,0.43451981195433176,0.0012595237195067125,-0.9976738750839488,2.8,-1,0.00015999999999998234,I-Spit-on-Your-Grave,0.5412551842414464,0
0.023519870235198703,0.1516626115166261,2.2587185725871857,0.5028386050283861,0.8915623401647246,-0.17848426601784262,1.8,0,0.9179559300968648,In-the-Bedroom,0.36902441125750907,1
0.039032006245121,0.0624512099921936,2.170179547228728,0.4722872755659641,0.7920906463278051,0.8058964090554256,2.4,0,0.7915393094471049,From-Here-to-Eternity,0.1564832509109471,1
0.013812154696132596,0.04834254143646409,2.069060773480663,0.600828729281768,0.8873317517140925,-0.009568646408839742,1.4,0,0.7602778292177144,Repo-Man,0.2632400616367628,1
0.03508771929824561,0.15984405458089668,2.5886939571150096,0.8206627680311891,0.6925438256168341,-0.528593567251462,1.8,0,0.7627184712592191,Blood-Simple,0.2124166410531166,1
0.02155576382380506,0.03748828491096532,1.499531396438613,0.4498594189315839,0.9373679717165506,-0.11416204311152765,1.4,0,0.7945065124969083,Killing-Zoe,0.21906807469015233,0
0.04540295119182747,0.03291713961407492,2.3382519863791145,0.5629965947786606,0.6502740265457325,-0.7340138479001134,3.0,0,0.7064992416131809,"Believer,-The",0.19749933722375573,1
0.032911392405063286,0.08734177215189873,2.507594936708861,0.6151898734177215,0.04544059858760663,0.9893732911392406,2.8,1,0.017855755374668436,"Hebrew-Hammer,-The",0.26222145811371184,0
0.04910179640718563,0.041916167664670656,2.736526946107785,0.6742514970059881,0.7823611253123458,0.3771008383233533,2.6,0,0.7961958869524509,Dear-White-People,0.2710418103653269,1
0.06666666666666668,0.03484848484848485,3.022727272727273,0.7757575757575758,0.07411597938366599,-0.9621980303030304,3.2,-1,0.02893237632825896,Reservoir-Dogs,0.4061875124303481,1
0.02107481559536354,0.04741833508956796,1.9789251844046365,0.5015806111696522,0.25743321464022473,0.9566769230769232,1.6,1,0.2580648337143207,Taxi-Driver,0.21909813780652332,1
0.022727272727272728,0.078125,1.7045454545454546,0.6136363636363636,0.798279919326548,-0.12132514204545453,1.2,0,0.8806588792489405,Hellraiser,0.24241567728779906,1
0.032225579053373615,0.04028197381671702,2.1409869083585096,0.5367573011077543,0.03374886072151178,0.9916560926485396,3.0,1,0.034200058479482175,"Sessions,-The",0.2751385897338426,1
0.02634467618002196,0.06915477497255762,1.6717892425905598,0.5378704720087816,0.1138594326351576,0.9554249176728872,1.2,1,0.023157581911762717,Martha-Marcy-May-Marlene,0.3571281694519519,1
0.030303030303030307,0.013333333333333334,1.7078787878787878,0.5115151515151515,0.7511384878968725,-0.9129952727272728,1.8,0,0.7504898917373904,Frozen-River,0.2537769047441728,1
0.025830258302583026,0.061808118081180814,1.8791512915129152,0.4732472324723247,0.8593879612840757,-0.10256319188191884,1.4,0,0.8178617863673544,"Battle-of-Shaker-Heights,-The",0.23171231499690909,0
0.02818991097922848,0.025222551928783383,2.020771513353116,0.6320474777448071,0.9365542961302352,-0.4695295252225519,0.8,0,0.7263262093577513,Fruitvale-Station,0.21470347931086048,1
0.040102389078498286,0.06313993174061433,1.8506825938566556,0.4598976109215017,0.7896344840494239,0.8444644197952219,1.0,0,0.7971859973682428,Brick,0.3748436942469049,1
0.04685264663805437,0.1123032904148784,1.7646638054363375,0.2550071530758226,0.0030148963497938033,0.9992644134477824,2.8,1,0.0008294576541331032,It-Happened-One-Night,0.334265792431584,1
