Processed Title,Release Date,Production Budget ($),Domestic Gross ($),Worldwide Gross ($),Domestic ROI (%),Worldwide ROI (%),Success
Avatar,"Dec 18, 2009",425000000,760507625.0,2776345279.0,78.9429705882353,553.2577127058823,1
"Dark-Knight-Rises,-The","Jul 20, 2012",275000000,448139099.0,1084439099.0,62.95967236363637,294.34149054545446,1
"Avengers,-The","May 4, 2012",225000000,623279547.0,1517935897.0,177.013132,574.6381764444443,1
Pirates-of-the-Caribbean-Dead-Man's-Chest,"Jul 7, 2006",225000000,423315812.0,1066215812.0,88.14036088888889,373.87369422222224,1
Men-in-Black-3,"May 25, 2012",215000000,179020854.0,654213485.0,-16.734486511627907,204.28534186046508,1
King-Kong,"Dec 14, 2005",207000000,218080025.0,550517357.0,5.352669082125604,165.95041400966184,1
Guardians-of-the-Galaxy-Vol-2,"May 5, 2017",200000000,389813101.0,862316233.0,94.9065505,331.1581165,1
Cars-2,"Jun 24, 2011",200000000,191450875.0,560155383.0,-4.2745625,180.07769150000001,1
2012,"Nov 13, 2009",200000000,166112167.0,788408539.0,-16.9439165,294.2042695,1
Terminator-Salvation,"May 21, 2009",200000000,125322469.0,365491792.0,-37.3387655,82.745896,0
"Mummy,-The","Jun 9, 2017",195000000,80101125.0,409953905.0,-58.9225,110.2327717948718,1
"Great-Gatsby,-The","May 10, 2013",190000000,144840419.0,351040419.0,-23.768200526315788,84.75811526315789,0
Thor-Ragnarok,"Nov 3, 2017",180000000,315058289.0,846980024.0,75.03238277777778,370.5444577777778,1
Up,"May 29, 2009",175000000,293004164.0,731463377.0,67.43095085714286,317.97907257142856,1
Coco,"Nov 22, 2017",175000000,209726015.0,798020225.0,19.843437142857145,356.0115571428572,1
G.I.-Joe-The-Rise-of-Cobra,"Aug 7, 2009",175000000,150201498.0,302469017.0,-14.170572571428574,72.83943828571428,0
Wild-Wild-West,"Jun 30, 1999",175000000,113805681.0,221229335.0,-34.968182285714285,26.416762857142853,0
Snow-White-and-the-Huntsman,"Jun 1, 2012",170000000,155136755.0,401021746.0,-8.743085294117646,135.89514470588236,1
How-to-Train-Your-Dragon,"Mar 26, 2010",165000000,217581232.0,494870992.0,31.86741333333333,199.92181333333332,1
Interstellar,"Nov 5, 2014",165000000,188017894.0,666379375.0,13.950238787878787,303.8662878787879,1
Beauty-and-the-Beast,"Mar 17, 2017",160000000,504014165.0,1259199706.0,215.008853125,686.99981625,1
Shrek-the-Third,"May 17, 2007",160000000,322719944.0,807330936.0,101.699965,404.581835,1
Inception,"Jul 16, 2010",160000000,292576195.0,832402082.0,82.860121875,420.25130125,1
Godzilla,"May 16, 2014",160000000,200676069.0,529076069.0,25.422543125,230.672543125,1
"Curious-Case-of-Benjamin-Button,-The","Dec 25, 2008",160000000,127509326.0,329631958.0,-20.30667125,106.01997375,1
War-for-the-Planet-of-the-Apes,"Jul 14, 2017",152000000,146880162.0,489592267.0,-3.3683144736842103,222.10017565789474,1
Frozen,"Nov 22, 2013",150000000,400738009.0,1272469910.0,167.15867266666666,748.3132733333333,1
Zootopia,"Mar 4, 2016",150000000,341268248.0,1019704348.0,127.51216533333331,579.8028986666667,1
"Matrix-Reloaded,-The","May 15, 2003",150000000,281553689.0,738576929.0,87.70245933333334,392.38461933333326,1
Hancock,"Jul 1, 2008",150000000,227946274.0,624234272.0,51.96418266666666,316.15618133333334,1
Thor,"May 6, 2011",150000000,181030624.0,449326618.0,20.687082666666665,199.55107866666665,1
X-Men-Origins-Wolverine,"May 1, 2009",150000000,179883157.0,374825760.0,19.922104666666666,149.88384,1
Angels-&-Demons,"May 15, 2009",150000000,133375846.0,490875846.0,-11.082769333333333,227.25056400000003,1
How-to-Train-Your-Dragon-2,"Jun 13, 2014",145000000,177002924.0,614586270.0,22.07098206896552,323.8526,1
Rise-of-the-Guardians,"Nov 21, 2012",145000000,103412758.0,306900902.0,-28.680856551724137,111.65579448275862,1
Star-Trek,"May 8, 2009",140000000,257730019.0,386839614.0,84.09287071428571,176.31401,1
"Last-Samurai,-The","Dec 5, 2003",140000000,111110575.0,456810575.0,-20.635303571428565,226.29326785714287,1
Spider-Man,"May 3, 2002",139000000,403706375.0,821706375.0,190.43624100719424,491.1556654676259,1
Watchmen,"Mar 6, 2009",138000000,107509799.0,186976250.0,-22.09434855072464,35.49003623188405,0
"Croods,-The","Mar 22, 2013",135000000,187168425.0,573068425.0,38.64327777777777,324.4951296296296,1
"Revenant,-The","Dec 25, 2015",135000000,183637894.0,532938302.0,36.028069629629634,294.76911259259265,1
Miami-Vice,"Jul 28, 2006",135000000,63478838.0,163818556.0,-52.97863851851852,21.34707851851852,0
War-of-the-Worlds,"Jun 29, 2005",132000000,234280354.0,606836535.0,77.48511666666667,359.7246477272727,1
"Bourne-Ultimatum,-The","Aug 3, 2007",130000000,227471070.0,444043396.0,74.97774615384616,241.5718430769231,1
Kung-Fu-Panda,"Jun 6, 2008",130000000,215434591.0,631910531.0,65.71891615384615,386.0850238461537,1
Megamind,"Nov 5, 2010",130000000,148415853.0,321887208.0,14.166040769230769,147.60554461538462,1
Logan,"Mar 3, 2017",127000000,226277068.0,615461394.0,78.17091968503938,384.61527086614166,1
Clash-of-the-Titans,"Apr 1, 2010",125000000,163214888.0,493214888.0,30.5719104,294.5719104,1
Prometheus,"Jun 8, 2012",125000000,126477084.0,402448265.0,1.1816672,221.95861200000002,1
Total-Recall,"Aug 3, 2012",125000000,58877969.0,211856088.0,-52.8976248,69.4848704,0
Life-of-Pi,"Nov 21, 2012",120000000,124987022.0,607258634.0,4.155851666666667,406.04886166666665,1
Ghost-Rider,"Feb 16, 2007",120000000,115802596.0,229545589.0,-3.4978366666666667,91.28799083333334,0
Oblivion,"Apr 19, 2013",120000000,89107235.0,287916633.0,-25.74397083333333,139.93052749999998,1
Fantastic-Four,"Aug 7, 2015",120000000,56117548.0,167849187.0,-53.23537666666667,39.8743225,0
Speed-Racer,"May 9, 2008",120000000,43945766.0,93394462.0,-63.37852833333334,-22.171281666666665,0
"Island,-The","Jul 22, 2005",120000000,35818913.0,163018913.0,-70.15090583333334,35.84909416666667,0
Ocean's-Twelve,"Dec 10, 2004",110000000,125531634.0,362989076.0,14.119667272727272,229.9900690909091,1
Tomorrow-Never-Dies,"Dec 19, 1997",110000000,125304276.0,339504276.0,13.912978181818184,208.64025090909092,1
"Patriot,-The","Jun 28, 2000",110000000,113330342.0,215300000.0,3.0275836363636364,95.72727272727272,0
Ali,"Dec 25, 2001",109000000,58183966.0,87683966.0,-46.62021467889908,-19.555994495412843,0
"Martian,-The","Oct 2, 2015",108000000,228433663.0,655271443.0,111.51265092592593,506.7328175925926,1
"I,-Robot","Jul 16, 2004",105000000,144801023.0,348629585.0,37.90573619047619,232.0281761904762,1
Gone-in-60-Seconds,"Jun 9, 2000",103300000,101643008.0,232643008.0,-1.6040580832526619,125.2110435624395,1
Gladiator,"May 5, 2000",103000000,187683805.0,457683805.0,82.21728640776698,344.35320873786407,1
Public-Enemies,"Jul 1, 2009",102500000,97104620.0,212282709.0,-5.263785365853659,107.10508195121952,1
Django-Unchained,"Dec 25, 2012",100000000,162805434.0,449948323.0,62.805434,349.948323,1
True-Lies,"Jul 15, 1994",100000000,146282411.0,365300000.0,46.282410999999996,265.3,1
American-Gangster,"Nov 2, 2007",100000000,130164645.0,267985456.0,30.164645,167.985456,1
"Wolf-of-Wall-Street,-The","Dec 25, 2013",100000000,116900694.0,389870414.0,16.900694,289.87041400000004,1
"Tourist,-The","Dec 10, 2010",100000000,67631157.0,278731369.0,-32.368843,178.731369,1
Starship-Troopers,"Nov 7, 1997",100000000,54768952.0,121100000.0,-45.231048,21.1,0
Point-Break,"Dec 25, 2015",100000000,28782481.0,126704591.0,-71.217519,26.704590999999997,0
"Fifth-Element,-The","May 9, 1997",95000000,63570862.0,263898761.0,-33.08330315789474,177.7881694736842,1
Rise-of-the-Planet-of-the-Apes,"Aug 5, 2011",93000000,176760185.0,470986200.0,90.06471505376345,406.43677419354833,1
"Secret-Life-of-Walter-Mitty,-The","Dec 25, 2013",91000000,58236838.0,187861183.0,-36.00347472527473,106.44086043956044,1
Men-in-Black,"Jul 1, 1997",90000000,250690539.0,587790539.0,178.54504333333333,553.1005988888887,1
Rush-Hour-2,"Aug 3, 2001",90000000,226164286.0,347425832.0,151.29365111111107,286.02870222222225,1
Sherlock-Holmes,"Dec 25, 2009",90000000,209028679.0,498438212.0,132.25408777777778,453.8202355555555,1
What-Lies-Beneath,"Jul 21, 2000",90000000,155464351.0,288693989.0,72.73816777777778,220.7710988888889,1
"Departed,-The","Oct 6, 2006",90000000,132384315.0,289660619.0,47.09368333333333,221.84513222222225,1
Charlie's-Angels,"Nov 3, 2000",90000000,125305545.0,259736090.0,39.22838333333333,188.59565555555562,1
Tropic-Thunder,"Aug 13, 2008",90000000,110515313.0,191145256.0,22.794792222222227,112.38361777777777,1
"Girl-with-the-Dragon-Tattoo,-The","Dec 20, 2011",90000000,102515793.0,239373970.0,13.906436666666664,165.97107777777774,1
Valkyrie,"Dec 25, 2008",90000000,83107829.0,203932174.0,-7.6579677777777775,126.59130444444445,1
Hollow-Man,"Aug 4, 2000",90000000,73209340.0,191200000.0,-18.656288888888884,112.44444444444444,1
Mission-to-Mars,"Mar 10, 2000",90000000,60874615.0,106000000.0,-32.36153888888889,17.777777777777782,0
Conan-the-Barbarian,"Aug 19, 2011",90000000,21295021.0,63356133.0,-76.33886555555556,-29.604296666666666,0
"Three-Musketeers,-The","Oct 21, 2011",90000000,20377913.0,139877913.0,-77.35787444444446,55.41990333333333,0
Hannibal,"Feb 9, 2001",87000000,165092266.0,350100280.0,89.76122528735632,302.41411494252867,1
Cast-Away,"Dec 22, 2000",85000000,233632142.0,427230516.0,174.86134352941173,402.62413647058816,1
Happy-Feet,"Nov 17, 2006",85000000,198000317.0,385000317.0,132.9415494117647,352.9415494117647,1
Ocean's-Eleven,"Dec 7, 2001",85000000,183417150.0,450728529.0,115.7848823529412,430.2688576470589,1
It's-Complicated,"Dec 25, 2009",85000000,112735375.0,224614744.0,32.629852941176466,164.25263999999999,1
Meet-Joe-Black,"Nov 13, 1998",85000000,44650003.0,44650003.0,-47.47058470588235,-47.47058470588235,0
Collateral-Damage,"Feb 8, 2002",85000000,40048332.0,78353508.0,-52.88431529411765,-7.819402352941178,0
Judge-Dredd,"Jun 30, 1995",85000000,34687912.0,113487912.0,-59.19069176470589,33.515190588235285,0
Bruce-Almighty,"May 23, 2003",81000000,242704995.0,484468608.0,199.63579629629632,498.1093925925926,1
Mission-Impossible,"May 21, 1996",80000000,180981886.0,457697994.0,126.2273575,472.12249249999996,1
Something's-Gotta-Give,"Dec 12, 2003",80000000,124685242.0,266685242.0,55.8565525,233.3565525,1
Eagle-Eye,"Sep 26, 2008",80000000,101440743.0,180585259.0,26.80092875,125.73157375,1
Cold-Mountain,"Dec 25, 2003",80000000,95632614.0,165173909.0,19.540767499999998,106.46738625,1
"Book-of-Eli,-The","Jan 15, 2010",80000000,94835059.0,158750817.0,18.54382375,98.43852125,0
"Haunting,-The","Jul 23, 1999",80000000,91188905.0,180188905.0,13.98613125,125.23613125,1
"Day-the-Earth-Stood-Still,-The","Dec 12, 2008",80000000,79366978.0,237370350.0,-0.7912775,196.7129375,1
Swordfish,"Jun 8, 2001",80000000,69772969.0,147080413.0,-12.78378875,83.85051625,0
"Manchurian-Candidate,-The","Jul 30, 2004",80000000,65948711.0,96148711.0,-17.56411125,20.18588875,0
"Time-Machine,-The","Mar 8, 2002",80000000,56684819.0,98983590.0,-29.14397625,23.7294875,0
Mighty-Joe-Young,"Dec 25, 1998",80000000,50632037.0,50632037.0,-36.70995375,-36.70995375,0
Little-Nicky,"Nov 10, 2000",80000000,39442871.0,58270391.0,-50.69641125,-27.16201125,0
Surrogates,"Sep 25, 2009",80000000,38577772.0,119668350.0,-51.777784999999994,49.5854375,0
Thirteen-Days,"Dec 22, 2000",80000000,34566746.0,66554547.0,-56.791567500000006,-16.80681625,0
Nine,"Dec 18, 2009",80000000,19676965.0,53508858.0,-75.40379375,-33.1139275,0
"Postman,-The","Dec 25, 1997",80000000,17650704.0,20841123.0,-77.93661999999999,-73.94859625,0
Despicable-Me-2,"Jul 3, 2013",76000000,368065385.0,975216835.0,384.29655921052625,1183.1800460526315,1
Wanted,"Jun 27, 2008",75000000,134508551.0,342416460.0,79.34473466666667,356.55528,1
"Rock,-The","Jun 7, 1996",75000000,134069511.0,336069511.0,78.759348,348.09268133333336,1
Constantine,"Feb 18, 2005",75000000,75976178.0,221594911.0,1.3015706666666669,195.45988133333333,1
Life,"Apr 16, 1999",75000000,64062587.0,73521587.0,-14.583217333333335,-1.9712173333333332,0
Spanglish,"Dec 17, 2004",75000000,42044321.0,54344321.0,-43.94090533333333,-27.54090533333333,0
Hostage,"Mar 11, 2005",75000000,34636443.0,77636443.0,-53.818076,3.515257333333333,0
Soldier,"Oct 23, 1998",75000000,14623082.0,14623082.0,-80.50255733333333,-80.50255733333333,0
Monkeybone,"Feb 23, 2001",75000000,5409517.0,5409517.0,-92.78731066666668,-92.78731066666668,0
Unbreakable,"Nov 22, 2000",73243106,94999143.0,248099143.0,29.703870013377088,238.7337819889834,1
Sphere,"Feb 13, 1998",73000000,37068294.0,50168294.0,-49.22151506849315,-31.27630958904109,0
Funny-People,"Jul 31, 2009",72500000,51855045.0,71880305.0,-28.4758,-0.8547517241379309,0
"Kingdom,-The","Sep 28, 2007",72500000,47467250.0,86509602.0,-34.52793103448276,19.32358896551724,0
Braveheart,"May 24, 1995",72000000,75545647.0,209045244.0,4.924509722222221,190.34061666666668,1
Signs,"Aug 2, 2002",70702619,227969295.0,408269295.0,222.4340176139727,477.44578740428267,1
Runaway-Bride,"Jul 30, 1999",70000000,152257509.0,310138178.0,117.51072714285715,343.05454,1
xXx,"Aug 9, 2002",70000000,141930000.0,267200000.0,102.75714285714285,281.7142857142857,1
Inglourious-Basterds,"Aug 21, 2009",70000000,120774594.0,316915264.0,72.53513428571429,352.73609142857146,1
Die-Hard-2,"Jul 3, 1990",70000000,117323878.0,239814025.0,67.60554,242.5914642857143,1
Sleepy-Hollow,"Nov 19, 1999",70000000,101068340.0,207068340.0,44.38334285714286,195.8119142857143,1
Vanilla-Sky,"Dec 14, 2001",70000000,100614858.0,202726605.0,43.735511428571435,189.6094357142857,1
Battle-Los-Angeles,"Mar 11, 2011",70000000,83552429.0,213463976.0,19.360612857142858,204.94853714285716,1
War-Horse,"Dec 25, 2011",70000000,79883359.0,156815529.0,14.119084285714285,124.02218428571429,1
Big-Fish,"Dec 10, 2003",70000000,66432867.0,123954323.0,-5.095904285714286,77.07760428571429,0
"Abyss,-The","Aug 9, 1989",70000000,54243125.0,54243125.0,-22.509821428571424,-22.509821428571424,0
"Siege,-The","Nov 6, 1998",70000000,40934175.0,116625798.0,-41.52260714285714,66.60828285714285,0
Hard-Rain,"Jan 16, 1998",70000000,19870567.0,19870567.0,-71.61347571428571,-71.61347571428571,0
Next,"Apr 27, 2007",70000000,18211013.0,73591500.0,-73.98426714285716,5.130714285714285,0
Hall-Pass,"Feb 25, 2011",68000000,45060734.0,87173475.0,-33.73421470588235,28.196286764705878,0
"Insider,-The","Nov 5, 1999",68000000,28965197.0,60265197.0,-57.404122058823525,-11.374710294117648,0
Entrapment,"Apr 30, 1999",66000000,87707396.0,211700000.0,32.88999393939394,220.75757575757572,1
"X-Files-Fight-the-Future,-The","Jun 19, 1998",66000000,83898313.0,189176423.0,27.11865606060606,186.63094393939397,1
Saving-Private-Ryan,"Jul 24, 1998",65000000,216335085.0,485035085.0,232.8232076923077,646.2078230769231,1
Lincoln,"Nov 9, 2012",65000000,182207973.0,273346281.0,180.31995846153842,320.53274,1
"Matrix,-The","Mar 31, 1999",65000000,171479930.0,463517383.0,163.81527692307694,613.1036661538461,1
Les-Miserables,"Dec 25, 2012",65000000,148809770.0,442169052.0,128.93810769230768,580.26008,1
Cliffhanger,"May 28, 1993",65000000,84049211.0,255000000.0,29.30647846153846,292.3076923076923,1
Broken-Arrow,"Feb 9, 1996",65000000,70645997.0,148345997.0,8.686149230769233,128.22461076923076,1
Blade-Trinity,"Dec 8, 2004",65000000,52397389.0,131353165.0,-19.38863230769231,102.08179230769233,1
Fight-Club,"Oct 15, 1999",65000000,37030102.0,100851705.0,-43.03061230769231,55.156469230769225,0
"Long-Kiss-Goodnight,-The","Oct 11, 1996",65000000,33447612.0,33447612.0,-48.542135384615385,-48.542135384615385,0
Hudson-Hawk,"May 24, 1991",65000000,17218916.0,17218916.0,-73.50936,-73.50936,0
Jurassic-Park,"Jun 11, 1993",63000000,395708305.0,1038812584.0,528.1084206349207,1548.9088634920636,1
"American-President,-The","Nov 17, 1995",62000000,60022813.0,107822813.0,-3.1890112903225805,73.90776290322579,0
Wild-Hogs,"Mar 2, 2007",60000000,168213584.0,253555383.0,180.3559733333333,322.59230499999995,1
Marley-&-Me,"Dec 25, 2008",60000000,143153751.0,247812011.0,138.589585,313.0200183333333,1
"Green-Mile,-The","Dec 10, 1999",60000000,136801374.0,290701374.0,128.00229,384.50229,1
"Truman-Show,-The","Jun 5, 1998",60000000,125618201.0,264118201.0,109.36366833333334,340.19700166666667,1
"Bourne-Identity,-The","Jun 14, 2002",60000000,121468960.0,214357371.0,102.44826666666668,257.262285,1
"Italian-Job,-The","May 30, 2003",60000000,106126012.0,176262839.0,76.87668666666667,193.7713983333333,1
Antz,"Oct 2, 1998",60000000,90757863.0,152457863.0,51.263104999999996,154.09643833333334,1
"Family-Man,-The","Dec 22, 2000",60000000,75764085.0,124715863.0,26.273475,107.85977166666666,1
"Horse-Whisperer,-The","May 15, 1998",60000000,75383563.0,186883563.0,25.639271666666666,211.472605,1
Coraline,"Feb 6, 2009",60000000,75286229.0,126037057.0,25.47704833333333,110.06176166666668,1
Hellboy,"Apr 2, 2004",60000000,59623958.0,99823958.0,-0.6267366666666667,66.37326333333333,0
ParaNorman,"Aug 17, 2012",60000000,56003051.0,108119662.0,-6.661581666666668,80.19943666666667,0
"Boxtrolls,-The","Sep 26, 2014",60000000,50837305.0,111946251.0,-15.271158333333334,86.577085,0
Year-One,"Jun 19, 2009",60000000,43337279.0,57604723.0,-27.771201666666666,-3.9921283333333335,0
Star-Trek-Nemesis,"Dec 13, 2002",60000000,43254409.0,67312826.0,-27.90931833333333,12.188043333333333,0
Invictus,"Dec 11, 2009",60000000,37491364.0,124514011.0,-37.51439333333333,107.52335166666668,1
Intolerable-Cruelty,"Oct 10, 2003",60000000,35327628.0,121327628.0,-41.12062,102.21271333333334,1
"Relic,-The","Jan 10, 1997",60000000,33956608.0,33956608.0,-43.40565333333333,-43.40565333333333,0
Analyze-That,"Dec 6, 2002",60000000,32122249.0,54994757.0,-46.46291833333333,-8.342071666666667,0
Priest,"May 13, 2011",60000000,29136626.0,84154026.0,-51.43895666666667,40.25671,0
Event-Horizon,"Aug 15, 1997",60000000,26673242.0,26673242.0,-55.54459666666666,-55.54459666666666,0
"Black-Dahlia,-The","Sep 15, 2006",60000000,22672813.0,49238525.0,-62.21197833333333,-17.935791666666667,0
Deadpool,"Feb 12, 2016",58000000,363070709.0,801025593.0,525.9839810344828,1281.0786086206895,1
American-Sniper,"Dec 25, 2014",58000000,350126372.0,547326372.0,503.6661586206897,843.6661586206897,1
Sex-and-the-City,"May 30, 2008",57500000,152647258.0,415247258.0,165.47349217391303,622.1691443478262,1
Devil's-Advocate,"Oct 17, 1997",57000000,61007424.0,153007424.0,7.0305684210526325,168.43407719298244,1
Into-the-Woods,"Dec 25, 2014",56200000,128002372.0,213116401.0,127.76222775800713,279.2106779359431,1
"Pacifier,-The","Mar 4, 2005",56000000,113006880.0,198006880.0,101.79799999999999,253.58371428571425,1
Walking-Tall,"Apr 2, 2004",56000000,46213824.0,47313824.0,-17.475314285714287,-15.511028571428573,0
Forrest-Gump,"Jul 6, 1994",55000000,330151138.0,679850637.0,500.2747963636364,1136.0920672727273,1
Date-Night,"Apr 9, 2010",55000000,98711404.0,152269033.0,79.47528,176.85278727272728,1
Alien-3,"May 22, 1992",55000000,54927174.0,158500000.0,-0.13241090909090908,188.1818181818182,1
Ronin,"Sep 25, 1998",55000000,41610884.0,70692101.0,-24.343847272727274,28.53109272727273,0
Burlesque,"Nov 24, 2010",55000000,39440655.0,90552675.0,-28.28971818181818,64.64122727272728,0
"Ghost-and-the-Darkness,-The","Oct 11, 1996",55000000,38564422.0,38564422.0,-29.88286909090909,-29.88286909090909,0
Changeling,"Oct 24, 2008",55000000,35739802.0,113805580.0,-35.018541818181816,106.91923636363636,1
Semi-Pro,"Feb 29, 2008",55000000,33479698.0,43980363.0,-39.12782181818181,-20.03570363636364,0
Elizabeth-The-Golden-Age,"Oct 12, 2007",55000000,16285240.0,74870866.0,-70.39047272727272,36.12884727272728,0
All-the-King's-Men,"Sep 22, 2006",55000000,7221458.0,9521458.0,-86.87007636363636,-82.68825818181818,0
Thunderbirds,"Jul 30, 2004",55000000,6768055.0,28231444.0,-87.69444545454546,-48.67010181818182,0
"Godfather-Part-III,-The","Dec 25, 1990",54000000,66520529.0,66520529.0,23.186164814814816,23.186164814814816,0
Law-Abiding-Citizen,"Oct 16, 2009",53000000,73357727.0,131159781.0,38.410805660377356,147.47128490566038,1
Anastasia,"Nov 14, 1997",53000000,58403409.0,139801096.0,10.195111320754716,163.7756528301887,1
Beloved,"Oct 16, 1998",53000000,22852487.0,22852487.0,-56.8821,-56.8821,0
Zero-Dark-Thirty,"Dec 19, 2012",52500000,95720716.0,134612435.0,82.32517333333334,156.40463809523808,1
Casino,"Nov 22, 1995",52000000,42438300.0,110400000.0,-18.387884615384614,112.30769230769229,1
"Change-Up,-The","Aug 5, 2011",52000000,37243418.0,75997067.0,-28.378042307692308,46.14820576923078,0
Man-on-the-Moon,"Dec 22, 1999",52000000,34580635.0,47407635.0,-33.49877884615385,-8.831471153846154,0
"Adjustment-Bureau,-The","Mar 4, 2011",50200000,62495645.0,126931325.0,24.493316733067733,152.8512450199203,1
Shrek,"May 18, 2001",50000000,267655011.0,491812794.0,435.31002199999995,883.6255880000001,1
Ted,"Jun 29, 2012",50000000,218665740.0,556016627.0,337.33148,1012.0332539999999,1
Robin-Hood-Prince-of-Thieves,"Jun 14, 1991",50000000,165493908.0,390500000.0,230.987816,681.0,1
Jerry-Maguire,"Dec 13, 1996",50000000,153952592.0,274000000.0,207.90518400000002,448.0,1
Super-8,"Jun 10, 2011",50000000,127004179.0,257972745.0,154.00835800000002,415.94549,1
Erin-Brockovich,"Mar 17, 2000",50000000,125548685.0,257805243.0,151.09736999999998,415.610486,1
Yes-Man,"Dec 19, 2008",50000000,97690976.0,225990976.0,95.381952,351.981952,1
"Crazy,-Stupid,-Love","Jul 29, 2011",50000000,84351197.0,147142328.0,68.702394,194.284656,1
Moneyball,"Sep 23, 2011",50000000,75605492.0,111300835.0,51.210984,122.60167,1
V-for-Vendetta,"Mar 17, 2006",50000000,70511035.0,130214162.0,41.02207,160.428324,1
Syriana,"Nov 23, 2005",50000000,50824620.0,92690959.0,1.64924,85.381918,0
Absolute-Power,"Feb 14, 1997",50000000,50068310.0,50068310.0,0.13662,0.13662,0
"Game,-The","Sep 12, 1997",50000000,48265581.0,80369970.0,-3.468838,60.739940000000004,0
G.I.-Jane,"Aug 22, 1997",50000000,48169156.0,48169156.0,-3.661688,-3.661688,0
"Replacements,-The","Aug 11, 2000",50000000,44737059.0,50054511.0,-10.525882000000001,0.10902200000000001,0
Ninja-Assassin,"Nov 25, 2009",50000000,38122883.0,62209892.0,-23.754234,24.419784,0
Assassins,"Oct 6, 1995",50000000,30306268.0,83306268.0,-39.387464,66.61253599999999,0
Defiance,"Jan 16, 2009",50000000,28644813.0,52987754.0,-42.710374,5.9755080000000005,0
Basic,"Mar 28, 2003",50000000,26599248.0,42598498.0,-46.801504,-14.803004000000001,0
Gamer,"Sep 4, 2009",50000000,20534907.0,42002029.0,-58.930186,-15.995942000000001,0
"Life-of-David-Gale,-The","Feb 21, 2003",50000000,19694635.0,28920188.0,-60.610730000000004,-42.159624,0
Eastern-Promises,"Sep 14, 2007",50000000,17181265.0,56077088.0,-65.63747,12.154176,0
Fair-Game,"Nov 3, 1995",50000000,11497497.0,26097497.0,-77.00500600000001,-47.805006,0
Drive-Angry,"Feb 25, 2011",50000000,10721033.0,41042583.0,-78.557934,-17.914834,0
Death-to-Smoochy,"Mar 29, 2002",50000000,8355815.0,8374062.0,-83.28837,-83.251876,0
Anna-Karenina,"Nov 16, 2012",49000000,12816367.0,71004627.0,-73.84414897959185,44.90740204081633,0
Indiana-Jones-and-the-Last-Crusade,"May 24, 1989",48000000,197171806.0,474171806.0,310.7745958333333,887.8579291666665,1
Traffic,"Dec 27, 2000",48000000,124107476.0,208300000.0,158.55724166666667,333.9583333333333,1
Panic-Room,"Mar 29, 2002",48000000,95308367.0,196308367.0,98.55909791666667,308.97576458333333,1
Three-Kings,"Oct 1, 1999",48000000,60652036.0,107752036.0,26.35840833333333,124.48340833333332,1
Out-of-Sight,"Jun 26, 1998",48000000,37562568.0,77562568.0,-21.74465,61.58868333333334,0
Solaris,"Nov 27, 2002",47000000,14970038.0,14970038.0,-68.14885531914894,-68.14885531914894,0
My-Best-Friend's-Wedding,"Jun 20, 1997",46000000,126813153.0,298923419.0,175.68076739130436,549.8335195652173,1
Star-Trek-First-Contact,"Nov 22, 1996",46000000,92027888.0,150000000.0,100.06062608695652,226.08695652173915,1
Insomnia,"May 24, 2002",46000000,67263182.0,113622499.0,46.22430869565218,147.00543260869566,1
Liar-Liar,"Mar 21, 1997",45000000,181410615.0,302710615.0,303.1347,572.6902555555556,1
"Flintstones,-The","May 27, 1994",45000000,130531208.0,358500000.0,190.0693511111111,696.6666666666665,1
Blade,"Aug 21, 1998",45000000,70141876.0,131237688.0,55.870835555555566,191.63930666666667,1
"Bounty-Hunter,-The","Mar 19, 2010",45000000,67061228.0,135808837.0,49.02495111111111,201.79741555555557,1
Tin-Cup,"Aug 16, 1996",45000000,53854588.0,75854588.0,19.676862222222226,68.56575111111111,0
"Hitchhiker's-Guide-to-the-Galaxy,-The","Apr 29, 2005",45000000,51019112.0,102746214.0,13.375804444444444,128.32492,1
Cellular,"Sep 10, 2004",45000000,32003620.0,61475984.0,-28.880844444444445,36.61329777777778,0
Dune,"Dec 14, 1984",45000000,27447471.0,27447471.0,-39.00562,-39.00562,0
Revolutionary-Road,"Dec 26, 2008",45000000,22951340.0,79604820.0,-48.99702222222222,76.8996,0
Frankenstein,"Nov 4, 1994",45000000,22006296.0,112006296.0,-51.097120000000004,148.90288,1
Deep-Rising,"Jan 30, 1998",45000000,11203026.0,11203026.0,-75.10438666666667,-75.10438666666667,0
Argo,"Oct 12, 2012",44500000,136025503.0,227140757.0,205.67528764044945,410.4286674157303,1
"Fugitive,-The","Aug 6, 1993",44000000,183875760.0,353715317.0,317.8994545454545,703.8984477272728,1
"Mechanic,-The","Jan 28, 2011",42500000,29121498.0,76347393.0,-31.478828235294124,79.64092470588236,0
Notting-Hill,"May 28, 1999",42000000,116089678.0,363728085.0,176.40399523809523,766.01925,1
Red-Riding-Hood,"Mar 11, 2011",42000000,37662162.0,91678442.0,-10.328185714285716,118.28200476190477,1
15-Minutes,"Mar 9, 2001",42000000,24375436.0,56331864.0,-41.96324761904762,34.123485714285714,0
Lord-of-War,"Sep 16, 2005",42000000,24149632.0,60437727.0,-42.50087619047619,43.89935,0
"Proposal,-The","Jun 19, 2009",40000000,163958031.0,314709717.0,309.8950775,686.7742925,1
American-Hustle,"Dec 13, 2013",40000000,150117807.0,257878294.0,275.2945175,544.695735,1
"Social-Network,-The","Oct 1, 2010",40000000,96962694.0,224922135.0,142.406735,462.3053375,1
He's-Just-Not-That-Into-You,"Feb 6, 2009",40000000,93953653.0,181053657.0,134.8841325,352.6341425,1
Scream-3,"Feb 4, 2000",40000000,89138076.0,161838076.0,122.84518999999999,304.59519,1
"Talented-Mr.-Ripley,-The","Dec 24, 1999",40000000,81292135.0,128792135.0,103.2303375,221.9803375,1
"Last-of-the-Mohicans,-The","Sep 25, 1992",40000000,75505856.0,75505856.0,88.76464,88.76464,0
JFK,"Dec 20, 1991",40000000,70405498.0,205400000.0,76.013745,413.5,1
17-Again,"Apr 17, 2009",40000000,64167069.0,139474906.0,60.417672499999995,248.687265,1
Unknown,"Feb 18, 2011",40000000,63686397.0,136123083.0,59.215992500000006,240.30770750000002,1
Gothika,"Nov 21, 2003",40000000,59588068.0,141484812.0,48.97017,253.71202999999997,1
"Lincoln-Lawyer,-The","Mar 18, 2011",40000000,58009200.0,87145086.0,45.023,117.862715,1
"Prestige,-The","Oct 20, 2006",40000000,53089891.0,104407366.0,32.7247275,161.018415,1
Autumn-in-New-York,"Aug 11, 2000",40000000,37752931.0,90717684.0,-5.6176725,126.79421,1
Paul,"Mar 18, 2011",40000000,37412945.0,101162106.0,-6.4676375,152.90526499999999,1
Colombiana,"Aug 26, 2011",40000000,36665854.0,72295262.0,-8.335365,80.738155,0
8MM,"Feb 26, 1999",40000000,36443442.0,96398826.0,-8.891395,140.997065,1
"Doors,-The","Mar 1, 1991",40000000,34416893.0,34416893.0,-13.9577675,-13.9577675,0
Arthur,"Apr 8, 2011",40000000,33035397.0,47787943.0,-17.411507500000003,19.4698575,0
"Other-Boleyn-Girl,-The","Feb 29, 2008",40000000,26814957.0,78269970.0,-32.962607500000004,95.674925,0
Get-Carter,"Oct 6, 2000",40000000,14967182.0,19417182.0,-62.582044999999994,-51.457045,0
Amelia,"Oct 23, 2009",40000000,14279575.0,19756077.0,-64.3010625,-50.6098075,0
Cirque-du-Freak-The-Vampire's-Assistant,"Oct 23, 2009",40000000,14046595.0,39753957.0,-64.8835125,-0.6151075,0
New-York-Minute,"May 7, 2004",40000000,14018364.0,21215882.0,-64.95409000000001,-46.960295,0
Pandorum,"Sep 25, 2009",40000000,10330853.0,17033431.0,-74.17286750000001,-57.416422499999996,0
"Hudsucker-Proxy,-The","Mar 11, 1994",40000000,2816518.0,14938149.0,-92.95870500000001,-62.654627500000004,0
Frankenweenie,"Oct 5, 2012",39000000,35287788.0,81150788.0,-9.518492307692307,108.0789435897436,1
Serenity,"Sep 30, 2005",39000000,25514517.0,40319440.0,-34.578161538461536,3.3831794871794867,0
"Ugly-Truth,-The","Jul 24, 2009",38000000,88915214.0,205298907.0,133.98740526315788,440.2602815789474,1
Star-Trek-Generations,"Nov 18, 1994",38000000,75671262.0,120000000.0,99.1349,215.78947368421046,1
Water-for-Elephants,"Apr 22, 2011",38000000,58709717.0,116809717.0,54.49925526315789,207.39399210526315,1
Enough,"May 24, 2002",38000000,39177215.0,50970660.0,3.0979342105263163,34.133315789473684,0
Rush,"Sep 20, 2013",38000000,26947624.0,98230839.0,-29.0852,158.50220789473684,1
Angel-Eyes,"May 18, 2001",38000000,24044532.0,29544532.0,-36.724915789473684,-22.251231578947372,0
"Thing,-The","Oct 14, 2011",38000000,16999934.0,27573078.0,-55.263331578947366,-27.439268421052628,0
White-Squall,"Feb 2, 1996",38000000,10229300.0,10229300.0,-73.0807894736842,-73.0807894736842,0
"Master,-The","Sep 14, 2012",37500000,16247159.0,50647416.0,-56.67424266666666,35.059776,0
Twilight,"Nov 21, 2008",37000000,192769854.0,402280159.0,420.99960540540536,987.2436729729731,1
Burn-After-Reading,"Sep 12, 2008",37000000,60355347.0,168167798.0,63.12255945945946,354.5075621621622,1
Magnolia,"Dec 17, 1999",37000000,22450975.0,48446802.0,-39.321689189189186,30.937302702702702,0
Hot-Tub-Time-Machine,"Mar 26, 2010",36000000,50269859.0,65967750.0,39.63849722222222,83.24375,0
Breakdown,"May 2, 1997",36000000,50159144.0,50159144.0,39.33095555555556,39.33095555555556,0
Reindeer-Games,"Feb 25, 2000",36000000,23360779.0,23360779.0,-35.10894722222222,-35.10894722222222,0
Gattaca,"Oct 24, 1997",36000000,12532777.0,12532777.0,-65.18673055555556,-65.18673055555556,0
It,"Sep 8, 2017",35000000,327481748.0,697457969.0,835.6621371428571,1892.7370542857145,1
"Hangover,-The","Jun 5, 2009",35000000,277322503.0,465764086.0,692.3500085714287,1230.7545314285715,1
"Blind-Side,-The","Nov 20, 2009",35000000,255959475.0,305705794.0,631.3127857142857,773.4451257142857,1
Batman,"Jun 23, 1989",35000000,251188924.0,411348924.0,617.68264,1075.2826400000001,1
Rush-Hour,"Sep 18, 1998",35000000,141186864.0,245300000.0,303.39104,600.8571428571429,1
Horrible-Bosses,"Jul 8, 2011",35000000,117538559.0,212417601.0,235.8244542857143,506.9074314285714,1
Saving-Mr.-Banks,"Dec 13, 2013",35000000,83299761.0,114962525.0,137.99931714285714,228.46435714285718,1
Star-Trek-The-Motion-Picture,"Dec 7, 1979",35000000,82258456.0,139000000.0,135.02416000000002,297.14285714285717,1
This-is-40,"Dec 21, 2012",35000000,67544505.0,90221182.0,92.9843,157.77480571428572,1
L.A.-Confidential,"Sep 19, 1997",35000000,64604977.0,126204977.0,84.58564857142858,260.5856485714286,1
"Cell,-The","Aug 18, 2000",35000000,61280963.0,85911226.0,75.08846571428572,145.46064571428568,1
TMNT,"Mar 23, 2007",35000000,54149098.0,96096018.0,54.711708571428574,174.56005142857143,1
Malcolm-X,"Nov 18, 1992",35000000,48169910.0,48169910.0,37.62831428571429,37.62831428571429,0
Donnie-Brasco,"Feb 28, 1997",35000000,41954997.0,65303052.0,19.87142,86.58014857142857,0
Max-Payne,"Oct 17, 2008",35000000,40689393.0,87775050.0,16.25540857142857,150.78585714285714,1
"Ladykillers,-The","Mar 26, 2004",35000000,39692139.0,77392139.0,13.406111428571426,121.12039714285713,1
"Back-up-Plan,-The","Apr 23, 2010",35000000,37490007.0,75281179.0,7.114305714285713,115.08908285714287,1
"Pianist,-The","Dec 27, 2002",35000000,32519322.0,111854182.0,-7.087651428571428,219.58337714285716,1
Mirrors,"Aug 15, 2008",35000000,30691439.0,77220596.0,-12.310174285714286,120.63027428571428,1
Queen-of-the-Damned,"Feb 22, 2002",35000000,30307804.0,30307804.0,-13.406274285714286,-13.406274285714286,0
Flash-Gordon,"Dec 5, 1980",35000000,27107960.0,27107960.0,-22.548685714285718,-22.548685714285718,0
Heist,"Nov 9, 2001",35000000,23483357.0,28906817.0,-32.904694285714285,-17.409094285714286,0
Wonder-Boys,"Feb 23, 2000",35000000,19389454.0,33422485.0,-44.60156,-4.507185714285714,0
"Shipping-News,-The","Dec 25, 2001",35000000,11405825.0,24405825.0,-67.41192857142858,-30.26907142857143,0
Whiteout,"Sep 11, 2009",35000000,10275638.0,12254746.0,-70.64103428571428,-64.98644,0
A-Few-Good-Men,"Dec 11, 1992",33000000,141340178.0,236500000.0,328.3035696969697,616.6666666666666,1
Bridesmaids,"May 13, 2011",32500000,169211718.0,289632023.0,420.65144000000004,791.1754553846154,1
"Reader,-The","Dec 10, 2008",32500000,34194407.0,112964875.0,5.21356,247.5842307692308,1
Source-Code,"Apr 1, 2011",32000000,54712227.0,140428499.0,70.975709375,338.839059375,1
Apocalypse-Now,"Aug 15, 1979",31500000,78800000.0,81250485.0,150.15873015873015,157.93804761904758,1
42,"Apr 12, 2013",31000000,95020213.0,97470701.0,206.51681612903224,214.42161612903226,1
Flight,"Nov 2, 2012",31000000,93772375.0,160558438.0,202.49153225806447,417.93044516129027,1
"Hunt-for-Red-October,-The","Mar 2, 1990",30000000,120709866.0,200500000.0,302.36622,568.3333333333334,1
"Addams-Family,-The","Nov 22, 1991",30000000,113502246.0,191502246.0,278.34082,538.34082,1
Analyze-This,"Mar 5, 1999",30000000,106885658.0,176885658.0,256.28552666666667,489.61886,1
Se7en,"Sep 22, 1995",30000000,100125643.0,328125643.0,233.7521433333333,993.7521433333334,1
Up-in-the-Air,"Dec 4, 2009",30000000,83823381.0,166842739.0,179.41127,456.14246333333335,1
Looper,"Sep 28, 2012",30000000,66486205.0,170466405.0,121.62068333333332,468.22135,1
Midnight-in-Paris,"May 20, 2011",30000000,56816662.0,162502774.0,89.38887333333334,441.67591333333326,1
Blow,"Apr 6, 2001",30000000,52990775.0,83282296.0,76.63591666666666,177.60765333333333,1
Sicario,"Sep 18, 2015",30000000,46889293.0,84393749.0,56.29764333333333,181.31249666666668,1
Black-Rain,"Sep 22, 1989",30000000,45892212.0,45892212.0,52.97404,52.97404,0
John-Wick,"Oct 24, 2014",30000000,43037835.0,76235001.0,43.45945,154.11667,1
Hanna,"Apr 8, 2011",30000000,40259119.0,65343694.0,34.19706333333333,117.81231333333334,1
Larry-Crowne,"Jul 1, 2011",30000000,35608245.0,61449135.0,18.69415,104.83045,1
Carrie,"Oct 18, 2013",30000000,35266619.0,82409520.0,17.555396666666667,174.6984,1
Get-on-Up,"Aug 1, 2014",30000000,30569935.0,33339868.0,1.8997833333333332,11.132893333333335,0
Virtuosity,"Aug 4, 1995",30000000,23998226.0,23998226.0,-20.00591333333333,-20.00591333333333,0
"Next-Three-Days,-The","Nov 19, 2010",30000000,21148651.0,67255916.0,-29.504496666666668,124.18638666666666,1
Fright-Night,"Aug 19, 2011",30000000,18298649.0,40520649.0,-39.00450333333333,35.06883,0
Eight-Legged-Freaks,"Jul 17, 2002",30000000,17266505.0,36722311.0,-42.44498333333333,22.40770333333333,0
Antitrust,"Jan 12, 2001",30000000,10965209.0,17865209.0,-63.44930333333333,-40.44930333333333,0
"Imaginarium-of-Doctor-Parnassus,-The","Dec 25, 2009",30000000,7689607.0,64352607.0,-74.36797666666666,114.50868999999999,1
Machine-Gun-Preacher,"Sep 23, 2011",30000000,538690.0,3721988.0,-98.20436666666667,-87.59337333333332,0
12-Monkeys,"Dec 27, 1995",29000000,57141459.0,168841459.0,97.03951379310345,482.2119275862069,1
Confessions-of-a-Dangerous-Mind,"Dec 31, 2002",29000000,16007718.0,33013805.0,-44.800972413793104,13.840706896551723,0
Mumford,"Sep 24, 1999",28700000,4559569.0,4559569.0,-84.113,-84.113,0
"Jacket,-The","Mar 4, 2005",28500000,6301131.0,15452978.0,-77.89076842105263,-45.7790245614035,0
Indiana-Jones-and-the-Temple-of-Doom,"May 23, 1984",28000000,179880271.0,333080271.0,542.4295392857143,1089.5723964285712,1
Straight-Outta-Compton,"Aug 14, 2015",28000000,161197785.0,202182981.0,475.706375,622.082075,1
Die-Hard,"Jul 15, 1988",28000000,81350242.0,139109346.0,190.53657857142858,396.8190928571428,1
30-Minutes-or-Less,"Aug 12, 2011",28000000,37053924.0,40966716.0,32.33544285714286,46.3097,0
Blade-Runner,"Jun 25, 1982",28000000,32656328.0,39342912.0,16.62974285714286,40.5104,0
We-Own-the-Night,"Oct 12, 2007",28000000,28563179.0,55307857.0,2.0113535714285717,97.52806071428571,0
Kundun,"Dec 25, 1997",28000000,5686694.0,5686694.0,-79.69037857142857,-79.69037857142857,0
How-to-Lose-Friends-&-Alienate-People,"Oct 3, 2008",28000000,2775593.0,12031443.0,-90.08716785714287,-57.030560714285706,0
Knocked-Up,"Jun 1, 2007",27500000,148761765.0,219265952.0,440.9518727272727,697.3307345454546,1
Anonymous,"Oct 28, 2011",27500000,4463292.0,15815509.0,-83.76984727272728,-42.48905818181818,0
Limitless,"Mar 18, 2011",27000000,79249455.0,155564919.0,193.5165,476.16636666666665,1
Lake-Placid,"Jul 16, 1999",27000000,31770413.0,31770413.0,17.668196296296298,17.668196296296298,0
Dark-City,"Feb 27, 1998",27000000,14435076.0,27257061.0,-46.536755555555565,0.9520777777777778,0
Case-39,"Oct 1, 2010",27000000,13261851.0,28773827.0,-50.88203333333333,6.56972962962963,0
Suspect-Zero,"Aug 27, 2004",27000000,8712564.0,8712564.0,-67.73124444444444,-67.73124444444444,0
Shakespeare-in-Love,"Dec 11, 1998",26000000,100317794.0,279500000.0,285.8376692307692,975.0,1
Pineapple-Express,"Aug 6, 2008",26000000,87341380.0,102404019.0,235.9283846153846,293.86161153846155,1
Philadelphia,"Dec 22, 1993",26000000,77324422.0,201324422.0,197.4016230769231,674.3247,1
Final-Destination-2,"Jan 31, 2003",26000000,46896664.0,90396664.0,80.37178461538461,247.67947692307686,1
Legion,"Jan 22, 2010",26000000,40168080.0,67647574.0,54.492615384615384,160.18297692307692,1
Blood-and-Wine,"Feb 21, 1997",26000000,1083350.0,1083350.0,-95.83326923076923,-95.83326923076923,0
"Help,-The","Aug 10, 2011",25000000,169705587.0,213120004.0,578.822348,752.480016,1
Gran-Torino,"Dec 12, 2008",25000000,148095302.0,274543085.0,492.381208,998.1723400000001,1
Schindler's-List,"Dec 15, 1993",25000000,96898818.0,322197132.0,287.595272,1188.788528,1
Freddy-vs.-Jason,"Aug 15, 2003",25000000,82622655.0,114576403.0,230.49062,358.305612,1
No-Country-for-Old-Men,"Nov 9, 2007",25000000,74273505.0,164035753.0,197.09402,556.143012,1
No-Strings-Attached,"Jan 21, 2011",25000000,70662220.0,149228078.0,182.64888,496.912312,1
Tombstone,"Dec 25, 1993",25000000,56505065.0,56505065.0,126.02026000000001,126.02026000000001,1
Scarface,"Dec 9, 1983",25000000,44942821.0,44942821.0,79.771284,79.771284,0
August-Osage-County,"Dec 25, 2013",25000000,37738810.0,50738810.0,50.95524,102.95524,1
Cradle-2-the-Grave,"Feb 28, 2003",25000000,34657731.0,56434942.0,38.630924,125.739768,1
"Shawshank-Redemption,-The","Sep 23, 1994",25000000,28241469.0,28307092.0,12.965876,13.228368,0
"Losers,-The","Apr 23, 2010",25000000,23591432.0,29863840.0,-5.634272,19.45536,0
"Ruins,-The","Apr 4, 2008",25000000,17432844.0,22910563.0,-30.268624,-8.357747999999999,0
"Box,-The","Nov 6, 2009",25000000,15051977.0,26341896.0,-39.792092,5.367584,0
Warrior,"Sep 9, 2011",25000000,13657115.0,24215385.0,-45.37154,-3.13846,0
Deception,"Apr 25, 2008",25000000,4598506.0,12850033.0,-81.605976,-48.599868,0
Scream-2,"Dec 12, 1997",24000000,101363301.0,172363301.0,322.3470875,618.1804208333333,1
I-Still-Know-What-You-Did-Last-Summer,"Nov 13, 1998",24000000,40020622.0,40020622.0,66.75259166666666,66.75259166666666,0
"Men-Who-Stare-at-Goats,-The","Nov 6, 2009",24000000,32428195.0,67348218.0,35.11747916666667,180.617575,1
Bad-Boys,"Apr 7, 1995",23000000,65647413.0,141247413.0,185.42353478260867,514.1191869565217,1
Final-Destination,"Mar 17, 2000",23000000,53302314.0,112036870.0,131.74919130434782,387.1168260869565,1
"Ides-of-March,-The","Oct 7, 2011",23000000,40962534.0,77735925.0,78.09797391304348,237.98228260869564,1
Pitch-Black,"Feb 18, 2000",23000000,39235088.0,53182088.0,70.58733913043478,131.2264695652174,1
Her,"Jan 10, 2014",23000000,25568251.0,48259031.0,11.166308695652173,109.82187391304348,1
Ghost,"Jul 13, 1990",22000000,217631306.0,517600000.0,889.2332090909091,2252.7272727272725,1
Gandhi,"Dec 8, 1982",22000000,52767889.0,127767889.0,139.8540409090909,480.7631318181818,1
Jay-and-Silent-Bob-Strike-Back,"Aug 24, 2001",22000000,30059386.0,33762400.0,36.63357272727273,53.46545454545455,0
Silver-Linings-Playbook,"Nov 16, 2012",21000000,132092958.0,236412453.0,529.0140857142857,1025.7735857142857,1
Death-at-a-Funeral,"Apr 16, 2010",21000000,42739347.0,48977233.0,103.5207,133.22491904761904,1
Pet-Sematary,"Apr 5, 2019",21000000,25000000.0,25000000.0,19.047619047619047,19.047619047619047,0
Tinker-Tailor-Soldier-Spy,"Dec 9, 2011",21000000,24149393.0,81452811.0,14.997109523809526,287.87052857142857,1
eXistenZ,"Apr 23, 1999",20700000,2840417.0,2840417.0,-86.27817874396133,-86.27817874396133,0
La-La-Land,"Dec 9, 2016",20000000,151101803.0,426524166.0,655.5090150000001,2032.62083,1
Jaws-2,"Jun 16, 1978",20000000,102922376.0,208900376.0,414.61188,944.50188,1
"Descendants,-The","Nov 16, 2011",20000000,82624961.0,175507800.0,313.124805,777.539,1
Disturbia,"Apr 13, 2007",20000000,80818974.0,118537627.0,304.09487,492.688135,1
Obsessed,"Apr 24, 2009",20000000,68261644.0,73964713.0,241.30822,269.823565,1
12-Years-a-Slave,"Oct 18, 2013",20000000,56671993.0,181025343.0,183.359965,805.126715,1
Edward-Scissorhands,"Dec 7, 1990",20000000,53976987.0,53976987.0,169.884935,169.884935,1
Orphan,"Jul 24, 2009",20000000,41596251.0,78769428.0,107.981255,293.84713999999997,1
"American,-The","Sep 1, 2010",20000000,35606376.0,67950723.0,78.03188,239.753615,1
Eternal-Sunshine-of-the-Spotless-Mind,"Mar 19, 2004",20000000,34366518.0,72570762.0,71.83259,262.85381,1
Babel,"Oct 27, 2006",20000000,34302837.0,132121212.0,71.514185,560.60606,1
She's-Out-of-My-League,"Mar 12, 2010",20000000,32010860.0,48680977.0,60.0543,143.404885,1
Milk,"Nov 26, 2008",20000000,31841299.0,57293371.0,59.206495,186.466855,1
"Debt,-The","Aug 31, 2011",20000000,31177548.0,46604054.0,55.88774,133.02026999999998,1
Ghost-Ship,"Oct 25, 2002",20000000,30113491.0,68349884.0,50.567454999999995,241.74942000000001,1
Wild-Things,"Mar 20, 1998",20000000,29795299.0,55576699.0,48.976495,177.88349499999998,1
High-Fidelity,"Mar 31, 2000",20000000,27277055.0,47881663.0,36.385275,139.408315,1
From-Dusk-Till-Dawn,"Jan 19, 1996",20000000,25728961.0,25732986.0,28.644804999999998,28.66493,0
Monte-Carlo,"Jul 1, 2011",20000000,23186769.0,39686769.0,15.933845000000002,98.43384499999999,0
Psycho,"Dec 4, 1998",20000000,21541218.0,37226218.0,7.70609,86.13109,0
Into-the-Wild,"Sep 21, 2007",20000000,18354356.0,56822960.0,-8.22822,184.1148,1
A-Most-Violent-Year,"Dec 31, 2014",20000000,5749134.0,8846875.0,-71.25433000000001,-55.765625,0
A-Scanner-Darkly,"Jul 7, 2006",20000000,5501616.0,7405084.0,-72.49192,-62.97458,0
Alone-in-the-Dark,"Jan 28, 2005",20000000,5178569.0,10588079.0,-74.107155,-47.059605,0
"Brothers-Bloom,-The","May 15, 2009",20000000,3531756.0,5531756.0,-82.34121999999999,-72.34121999999999,0
"Synecdoche,-New-York","Oct 24, 2008",20000000,3083538.0,4383538.0,-84.58230999999999,-78.08230999999999,0
Dances-with-Wolves,"Nov 9, 1990",19000000,184208842.0,424200000.0,869.5202210526315,2132.6315789473683,1
Bad-Teacher,"Jun 24, 2011",19000000,100292856.0,215448997.0,427.85713684210526,1033.9420894736843,1
"Shining,-The","May 23, 1980",19000000,44017374.0,44728227.0,131.67038947368422,135.41172105263158,1
Adaptation,"Dec 6, 2002",18500000,22498520.0,32531759.0,21.613621621621622,75.84734594594595,0
"Invention-of-Lying,-The","Oct 2, 2009",18500000,18451251.0,32679264.0,-0.2635081081081081,76.64467027027027,0
Fear-and-Loathing-in-Las-Vegas,"May 22, 1998",18500000,10680275.0,13711903.0,-42.26878378378378,-25.881605405405413,0
"Mask,-The","Jul 29, 1994",18000000,119920129.0,351620129.0,566.2229388888887,1853.4451611111112,1
Legally-Blonde,"Jul 13, 2001",18000000,96493426.0,141809235.0,436.07458888888885,687.8290833333333,1
Bad-Santa,"Nov 26, 2003",18000000,60060328.0,77147031.0,233.6684888888889,328.59461666666664,1
Predator,"Jun 12, 1987",18000000,59735548.0,98267558.0,231.8641555555556,445.93087777777777,1
Amadeus,"Sep 19, 1984",18000000,51973029.0,51973029.0,188.73905,188.73905,1
Prom-Night,"Apr 11, 2008",18000000,43869350.0,57193655.0,143.7186111111111,217.74252777777775,1
Peggy-Sue-Got-Married,"Oct 10, 1986",18000000,41382841.0,41382841.0,129.90467222222222,129.90467222222222,1
Observe-and-Report,"Apr 10, 2009",18000000,24007324.0,27148898.0,33.374022222222216,50.827211111111104,0
Raging-Bull,"Nov 14, 1980",18000000,23380203.0,23380203.0,29.89001666666667,29.89001666666667,0
127-Hours,"Nov 5, 2010",18000000,18335230.0,60217171.0,1.8623888888888889,234.53983888888888,1
Youth-in-Revolt,"Jan 8, 2010",18000000,15285588.0,19685588.0,-15.080066666666667,9.364377777777776,0
"Ice-Storm,-The","Sep 26, 1997",18000000,8038061.0,16011975.0,-55.344105555555565,-11.044583333333335,0
"Last-Station,-The","Jan 15, 2010",18000000,6617867.0,15696146.0,-63.234072222222224,-12.799188888888885,0
Dragonslayer,"Jun 26, 1981",18000000,6000000.0,6000000.0,-66.66666666666667,-66.66666666666667,0
Ed-Wood,"Sep 30, 1994",18000000,5828466.0,5828466.0,-67.61963333333334,-67.61963333333334,0
RocknRolla,"Oct 8, 2008",18000000,5700626.0,27794339.0,-68.32985555555554,54.412994444444436,0
"Salton-Sea,-The","Apr 26, 2002",18000000,676698.0,676698.0,-96.24056666666668,-96.24056666666668,0
Superbad,"Aug 17, 2007",17500000,121463226.0,169955142.0,594.0755771428571,871.17224,1
Hotel-Rwanda,"Dec 22, 2004",17500000,23519128.0,36521223.0,34.39501714285714,108.69270285714286,1
Aliens,"Jul 18, 1986",17000000,85160248.0,183316455.0,400.9426352941177,978.332088235294,1
Sideways,"Oct 22, 2004",17000000,71502303.0,109793192.0,320.60178235294114,545.8423058823529,1
Friday-the-13th,"Feb 13, 2009",17000000,65002019.0,92670237.0,282.3648176470588,445.11904117647066,1
Evil-Dead,"Apr 5, 2013",17000000,54239856.0,97778356.0,219.05797647058827,475.1668,1
"Hills-Have-Eyes,-The","Mar 10, 2006",17000000,41778863.0,70355813.0,145.75801764705884,313.8577235294117,1
Smokin'-Aces,"Jan 26, 2007",17000000,35662731.0,57263440.0,109.7807705882353,236.84376470588242,1
My-Girl,"Nov 27, 1991",16500000,58011485.0,58011485.0,251.5847575757576,251.5847575757576,1
Wall-Street,"Dec 11, 1987",16500000,43848100.0,43848100.0,165.7460606060606,165.7460606060606,1
Sense-and-Sensibility,"Dec 11, 1995",16500000,42993774.0,134993774.0,160.56832727272723,718.1440848484848,1
Dead-Poets-Society,"Jun 2, 1989",16400000,95860116.0,239500000.0,484.51290243902434,1360.3658536585365,1
"Verdict,-The","Dec 8, 1982",16000000,53977250.0,53977250.0,237.3578125,237.3578125,1
Moonrise-Kingdom,"May 25, 2012",16000000,45512466.0,68848446.0,184.4529125,330.3027875,1
"Roommate,-The","Feb 4, 2011",16000000,37300107.0,52545707.0,133.12566875,228.41066875,1
Remember-Me,"Mar 12, 2010",16000000,19068240.0,56506120.0,19.1765,253.16325,1
Jennifer's-Body,"Sep 18, 2009",16000000,16204793.0,31943401.0,1.27995625,99.64625625,0
Highlander,"Mar 7, 1986",16000000,5900000.0,12900000.0,-63.125,-19.375,0
Detroit-Rock-City,"Aug 13, 1999",16000000,4217115.0,5825314.0,-73.64303125,-63.5917875,0
Slither,"Mar 31, 2006",15250000,7802450.0,12930343.0,-48.836393442622956,-15.210865573770493,0
"King's-Speech,-The","Nov 26, 2010",15000000,138797449.0,430821168.0,825.3163266666667,2772.14112,1
American-Beauty,"Sep 15, 1999",15000000,130058047.0,356258047.0,767.0536466666665,2275.0536466666667,1
"Crouching-Tiger,-Hidden-Dragon","Dec 8, 2000",15000000,128067808.0,213514672.0,753.7853866666667,1323.4311466666666,1
Twins,"Dec 9, 1988",15000000,111936388.0,216600000.0,646.2425866666666,1344.0,1
Scream,"Dec 20, 1996",15000000,103046663.0,173046663.0,586.9777533333332,1053.6444199999999,1
"Queen,-The","Sep 30, 2006",15000000,56441711.0,128885873.0,276.27807333333334,759.2391533333333,1
"Deer-Hunter,-The","Jan 1, 1979",15000000,50000000.0,50009253.0,233.33333333333331,233.39502000000002,1
When-a-Stranger-Calls,"Feb 3, 2006",15000000,47860214.0,67215435.0,219.0680933333333,348.1029,1
Wag-the-Dog,"Dec 25, 1997",15000000,43057470.0,64252038.0,187.0498,328.34692,1
"Theory-of-Everything,-The","Nov 7, 2014",15000000,35893537.0,123327692.0,139.29024666666666,722.1846133333332,1
Drive,"Sep 16, 2011",15000000,35060689.0,81357930.0,133.73792666666668,442.3862,1
Malibu's-Most-Wanted,"Apr 18, 2003",15000000,34308901.0,34499204.0,128.72600666666668,129.99469333333334,1
All-About-Steve,"Sep 4, 2009",15000000,33862903.0,40127259.0,125.75268666666666,167.51506,1
"Princess-Bride,-The","Sep 25, 1987",15000000,30857000.0,30859628.0,105.71333333333334,105.73085333333331,1
Love-and-Basketball,"Apr 21, 2000",15000000,27441122.0,27709625.0,82.94081333333334,84.73083333333334,0
Boogie-Nights,"Oct 10, 1997",15000000,26410771.0,43111725.0,76.07180666666666,187.4115,1
"Big-Lebowski,-The","Mar 6, 1998",15000000,17498804.0,46189568.0,16.658693333333332,207.93045333333333,1
"Hurt-Locker,-The","Jun 26, 2009",15000000,17017811.0,49894223.0,13.452073333333333,232.62815333333333,1
Confidence,"Apr 25, 2003",15000000,12212417.0,12212417.0,-18.583886666666668,-18.583886666666668,0
Black-Snake-Moan,"Mar 2, 2007",15000000,9396870.0,10951153.0,-37.3542,-26.992313333333332,0
Mulholland-Drive,"Oct 8, 2001",15000000,7219578.0,20785973.0,-51.869479999999996,38.57315333333333,0
Groundhog-Day,"Feb 12, 1993",14600000,70906973.0,70906973.0,385.66419863013704,385.66419863013704,1
Pretty-Woman,"Mar 23, 1990",14000000,178406268.0,432645872.0,1174.3304857142855,2990.327657142857,1
Slumdog-Millionaire,"Nov 12, 2008",14000000,141330703.0,384530440.0,909.5050214285716,2646.6459999999997,1
"Iron-Lady,-The","Jan 13, 2012",14000000,29959436.0,115592104.0,113.99597142857141,725.6578857142857,1
Jason-X,"Apr 26, 2002",14000000,13121555.0,16951798.0,-6.274607142857143,21.08427142857143,0
Margaret,"Sep 30, 2011",14000000,47185.0,623292.0,-99.66296428571428,-95.54791428571428,0
Black-Swan,"Dec 3, 2010",13000000,106954678.0,331266710.0,722.7282923076923,2448.205461538461,1
Save-the-Last-Dance,"Jan 12, 2001",13000000,91038276.0,122244329.0,600.2944307692308,840.3409923076922,1
"Butterfly-Effect,-The","Jan 23, 2004",13000000,57924679.0,95638592.0,345.5744538461538,635.681476923077,1
10-Things-I-Hate-About-You,"Mar 31, 1999",13000000,38177966.0,60413950.0,193.67666153846156,364.72269230769234,1
Being-John-Malkovich,"Oct 29, 1999",13000000,22858926.0,32382381.0,75.83789230769231,149.09523846153846,1
"Perks-of-Being-a-Wallflower,-The","Sep 21, 2012",13000000,17742948.0,33069303.0,36.48421538461538,154.37925384615386,1
Room,"Oct 16, 2015",13000000,14677674.0,36262783.0,12.905184615384615,178.94448461538462,1
Serial-Mom,"Apr 13, 1994",13000000,7881335.0,7881335.0,-39.374346153846155,-39.374346153846155,0
Birthday-Girl,"Feb 1, 2002",13000000,4919896.0,8130727.0,-62.15464615384615,-37.455946153846156,0
Machete,"Sep 3, 2010",12500000,26593646.0,46370970.0,112.749168,270.96776,1
Jaws,"Jun 20, 1975",12000000,260000000.0,470700000.0,2066.6666666666665,3822.5,1
"Fault-in-Our-Stars,-The","Jun 6, 2014",12000000,124872350.0,307166834.0,940.6029166666667,2459.7236166666667,1
American-Pie,"Jul 9, 1999",12000000,101800948.0,234723148.0,748.3412333333333,1856.026233333333,1
Star-Trek-II-The-Wrath-of-Khan,"Jun 4, 1982",12000000,78912963.0,95800000.0,557.608025,698.3333333333335,1
Witness,"Feb 8, 1985",12000000,65532576.0,65532576.0,446.1048,446.1048,1
Chronicle,"Feb 3, 2012",12000000,64575175.0,123681790.0,438.12645833333335,930.6815833333334,1
Jackie-Brown,"Dec 25, 1997",12000000,39673162.0,74727492.0,230.6096833333333,522.7291,1
Crank,"Sep 1, 2006",12000000,27838408.0,43924923.0,131.98673333333332,266.041025,1
Stir-of-Echoes,"Sep 10, 1999",12000000,21133087.0,21133087.0,76.10905833333334,76.10905833333334,0
Rachel-Getting-Married,"Oct 3, 2008",12000000,12796861.0,17475475.0,6.640508333333332,45.62895833333334,0
Arbitrage,"Sep 14, 2012",12000000,7919574.0,35830713.0,-34.00355,198.589275,1
Gremlins,"Jun 8, 1984",11000000,148168459.0,148199515.0,1246.985990909091,1247.268318181818,1
"Fighter,-The","Dec 10, 2010",11000000,93617009.0,129262388.0,751.0637181818182,1075.1126181818179,1
Major-League,"Apr 7, 1989",11000000,49793054.0,49793054.0,352.6641272727273,352.6641272727273,1
Phone-Booth,"Apr 4, 2003",11000000,46566212.0,97837138.0,323.3292,789.4285272727273,1
Cruel-Intentions,"Mar 5, 1999",11000000,38665260.0,76238901.0,251.50236363636364,593.0809181818182,1
Barry-Lyndon,"Jan 1, 1975",11000000,20000000.0,20169934.0,81.81818181818181,83.36303636363638,0
Army-of-Darkness,"Feb 19, 1993",11000000,11502976.0,21502976.0,4.572509090909091,95.4816,0
Alien,"May 25, 1979",10700000,80930630.0,203630630.0,656.3610280373832,1803.09,1
2001-A-Space-Odyssey,"Apr 2, 1968",10500000,59936321.0,71928046.0,470.8221047619048,585.0290095238097,1
Good-Will-Hunting,"Dec 5, 1997",10000000,138433435.0,225925989.0,1284.33435,2159.25989,1
"Grudge,-The","Oct 22, 2004",10000000,110359362.0,187281115.0,1003.5936199999999,1772.81115,1
"Best-Exotic-Marigold-Hotel,-The","May 4, 2012",10000000,46383639.0,134639780.0,363.83639,1246.3978,1
St.-Elmo's-Fire,"Jun 28, 1985",10000000,37800000.0,37800000.0,278.0,278.0,1
Commando,"Oct 4, 1985",10000000,35073978.0,35073978.0,250.73977999999997,250.73977999999997,1
Snatch,"Dec 8, 2000",10000000,30093107.0,83593107.0,200.93107,735.93107,1
Mud,"Apr 26, 2013",10000000,21590086.0,31556959.0,115.90086000000001,215.56958999999998,1
My-Week-with-Marilyn,"Nov 23, 2011",10000000,14597405.0,34240572.0,45.97405,242.40572000000003,1
Big-Eyes,"Dec 25, 2014",10000000,14482031.0,27317872.0,44.82031,173.17872,1
Drop-Dead-Gorgeous,"Jul 23, 1999",10000000,10571408.0,10571408.0,5.71408,5.71408,0
Very-Bad-Things,"Nov 25, 1998",10000000,9949470.0,21094974.0,-0.5053,110.94973999999999,1
Cedar-Rapids,"Feb 11, 2011",10000000,6861102.0,7862131.0,-31.38898,-21.37869,0
Crash,"Oct 4, 1996",10000000,3357324.0,3357324.0,-66.42676,-66.42676,0
"Limey,-The","Oct 8, 1999",10000000,3193102.0,6030047.0,-68.06898000000001,-39.699529999999996,0
Bamboozled,"Oct 6, 2000",10000000,2185266.0,2373937.0,-78.14734,-76.26063,0
Cecil-B.-Demented,"Aug 11, 2000",10000000,1276984.0,1953882.0,-87.23016,-80.46118,0
Coriolanus,"Jan 20, 2012",10000000,749641.0,2179623.0,-92.50359,-78.20376999999999,0
Amour,"Dec 19, 2012",9700000,6738954.0,36787044.0,-30.526247422680413,279.24787628865977,1
Next-Friday,"Jan 12, 2000",9500000,57176582.0,59675307.0,501.85875789473687,528.1611263157895,1
Election,"Apr 23, 1999",8500000,14943582.0,17202854.0,75.80684705882355,102.38651764705881,1
Pulp-Fiction,"Oct 14, 1994",8000000,107928762.0,212928762.0,1249.109525,2561.609525,1
Easy-A,"Sep 17, 2010",8000000,58401464.0,76200721.0,630.0183,852.5090125,1
"Good-Girl,-The","Aug 7, 2002",8000000,14018296.0,16585503.0,75.2287,107.3187875,1
An-Education,"Oct 9, 2009",7500000,12574914.0,29652736.0,67.66552,295.3698133333333,1
Extract,"Sep 4, 2009",7500000,10823158.0,10849158.0,44.30877333333334,44.655440000000006,0
Juno,"Dec 5, 2007",7000000,143495265.0,231450102.0,1949.9323571428567,3206.430028571428,1
"Piano,-The","Nov 12, 1993",7000000,40157856.0,40168957.0,473.6836571428572,473.8422428571429,1
Capote,"Sep 30, 2005",7000000,28750530.0,49924079.0,310.7218571428571,613.2011285714286,1
Logan's-Run,"Jan 1, 1976",7000000,25000000.0,25000000.0,257.14285714285717,257.14285714285717,1
Fargo,"Mar 8, 1996",7000000,24567751.0,51204567.0,250.96787142857144,631.4938142857143,1
Silver-Bullet,"Oct 11, 1985",7000000,10803211.0,10803211.0,54.331585714285715,54.331585714285715,0
A-Serious-Man,"Oct 2, 2009",7000000,9228788.0,30360570.0,31.83982857142857,333.72242857142857,1
Get-Low,"Jul 30, 2010",7000000,9176933.0,10828305.0,31.09904285714286,54.690071428571436,0
Hesher,"May 13, 2011",7000000,382946.0,382946.0,-94.52934285714285,-94.52934285714285,0
"Boondock-Saints,-The","Jan 21, 2000",7000000,30471.0,411874.0,-99.5647,-94.11608571428572,0
Shame,"Dec 2, 2011",6500000,4002293.0,20412841.0,-38.42626153846154,214.0437076923077,1
"Damned-United,-The","Oct 9, 2009",6400000,449865.0,4199874.0,-92.970859375,-34.37696875,0
Ordinary-People,"Sep 19, 1980",6000000,52302978.0,52302978.0,771.7163,771.7163,1
"Wrestler,-The","Dec 17, 2008",6000000,26238243.0,46634275.0,337.30405,677.2379166666667,1
"Wild-Bunch,-The","Jun 18, 1969",6000000,509424.0,509424.0,-91.5096,-91.5096,0
"Sting,-The","Dec 25, 1973",5500000,159616327.0,159616327.0,2802.115036363637,2802.115036363637,1
Ghost-World,"Jul 20, 2001",5500000,6217849.0,8761608.0,13.0518,59.30196363636364,0
Get-Out,"Feb 24, 2017",5000000,176040665.0,255367951.0,3420.8133,5007.35902,1
"Big-Sick,-The","Jun 23, 2017",5000000,42872467.0,53972860.0,757.44934,979.4572,1
Dallas-Buyers-Club,"Nov 1, 2013",5000000,27298285.0,60611845.0,445.9657,1112.2369,1
"Elephant-Man,-The","Oct 3, 1980",5000000,26010864.0,26010864.0,420.21727999999996,420.21727999999996,1
Memento,"Mar 16, 2001",5000000,25544867.0,39723096.0,410.89734,694.46192,1
Friday-the-13th-Part-VIII-Jason-Takes-Manhattan,"Jul 28, 1989",5000000,14343976.0,14343976.0,186.87951999999999,186.87951999999999,1
Lone-Star,"Jun 21, 1996",5000000,12961389.0,12961389.0,159.22778,159.22778,1
April-Fool's-Day,"Mar 27, 1986",5000000,12947763.0,12947763.0,158.95526,158.95526,1
Diner,"Apr 2, 1982",5000000,12592907.0,12592907.0,151.85814,151.85814,1
Sunshine-Cleaning,"Mar 13, 2009",5000000,12062558.0,17329337.0,141.25116,246.58674,1
Moon,"Jun 12, 2009",5000000,5010163.0,10676073.0,0.20326,113.52146,1
"Sweet-Hereafter,-The","Oct 10, 1997",5000000,4306697.0,7951247.0,-13.866060000000001,59.02494,0
Light-Sleeper,"Sep 21, 1992",5000000,1050861.0,1050861.0,-78.98278,-78.98278,0
Sling-Blade,"Nov 20, 1996",4833610,24475416.0,34175000.0,406.35893255765365,607.0284942310199,1
Only-God-Forgives,"Jul 19, 2013",4800000,775849.0,4494560.0,-83.83647916666666,-6.363333333333332,0
Take-Shelter,"Sep 30, 2011",4750000,1728953.0,4972016.0,-63.600989473684216,4.674021052631579,0
Fast-Times-at-Ridgemont-High,"Aug 13, 1982",4500000,27092880.0,27092880.0,502.064,502.064,1
Bound,"Oct 4, 1996",4500000,3802260.0,7011317.0,-15.505333333333333,55.807044444444436,0
After.Life,"Apr 9, 2010",4500000,108596.0,2481925.0,-97.58675555555556,-44.846111111111114,0
One-Flew-Over-the-Cuckoo's-Nest,"Nov 19, 1975",4400000,108981275.0,108997629.0,2376.847159090909,2377.218840909091,1
Lost-in-Translation,"Sep 12, 2003",4000000,44585453.0,117085297.0,1014.636325,2827.132425,1
Annie-Hall,"Apr 20, 1977",4000000,38251425.0,38251425.0,856.285625,856.285625,1
Boyhood,"Jul 11, 2014",4000000,25379975.0,57273049.0,534.499375,1331.826225,1
"Kids-Are-All-Right,-The","Jul 9, 2010",4000000,20811365.0,36275469.0,420.284125,806.886725,1
"Visitor,-The","Apr 11, 2008",4000000,9427026.0,19174817.0,135.67565,379.370425,1
"Cooler,-The","Nov 26, 2003",4000000,8291572.0,11131455.0,107.2893,178.286375,1
Four-Rooms,"Dec 25, 1995",4000000,4301000.0,4301000.0,7.525,7.525,0
Midnight-Cowboy,"May 25, 1969",3600000,44785053.0,44785053.0,1144.02925,1144.02925,1
Gods-and-Monsters,"Nov 6, 1998",3500000,6451628.0,6451628.0,84.33222857142857,84.33222857142857,0
Margin-Call,"Oct 21, 2011",3400000,5353586.0,20433227.0,57.458411764705886,500.97726470588236,1
Beginners,"Jun 3, 2011",3200000,5790894.0,14314407.0,80.9654375,347.32521875,1
Feast,"Sep 22, 2006",3200000,56131.0,690872.0,-98.24590625,-78.41025,0
It's-a-Wonderful-Life,"Dec 20, 1946",3180000,6600000.0,10768908.0,107.54716981132076,238.6449056603774,1
Trainspotting,"Jul 19, 1996",3100000,16501785.0,71558971.0,432.31564516129026,2208.353903225807,1
Basquiat,"Aug 9, 1996",3000000,2962051.0,2962051.0,-1.2649666666666666,-1.2649666666666666,0
"Wizard-of-Oz,-The","Aug 25, 1939",2777000,34063405.0,34305476.0,1126.6260352898812,1135.3430320489738,1
Garden-State,"Jul 28, 2004",2500000,26782316.0,36028802.0,971.29264,1341.15208,1
"French-Connection,-The","Oct 9, 1971",2200000,41158757.0,41158757.0,1770.8525909090908,1770.8525909090908,1
Mad-Max-2-The-Road-Warrior,"May 21, 1982",2000000,24600832.0,24600832.0,1130.0416,1130.0416,1
American-Splendor,"Aug 15, 2003",2000000,6003587.0,8685632.0,200.17935,334.2816,1
Buried,"Sep 24, 2010",1987650,1044143.0,21270290.0,-47.46846778859457,970.1225064774983,1
Beasts-of-the-Southern-Wild,"Jun 27, 2012",1800000,12795746.0,23265132.0,610.8747777777778,1192.5073333333332,1
I-Spit-on-Your-Grave,"Oct 8, 2010",1750000,93051.0,1278471.0,-94.6828,-26.944514285714284,0
In-the-Bedroom,"Nov 23, 2001",1700000,35930604.0,42137871.0,2013.5649411764707,2378.698294117647,1
From-Here-to-Eternity,"Aug 5, 1953",1650000,30500000.0,30500000.0,1748.4848484848487,1748.4848484848487,1
Insidious,"Apr 1, 2011",1500000,54009150.0,99870886.0,3500.61,6558.059066666668,1
Repo-Man,"Mar 2, 1984",1500000,2300000.0,2300000.0,53.33333333333334,53.33333333333334,0
Blood-Simple,"Jan 18, 1985",1500000,1690913.0,2730877.0,12.727533333333335,82.05846666666666,0
Killing-Zoe,"Aug 31, 1994",1500000,418953.0,418953.0,-72.0698,-72.0698,0
"Believer,-The","May 17, 2002",1500000,406035.0,1840248.0,-72.931,22.6832,0
"Hebrew-Hammer,-The","Dec 19, 2003",1300000,77755.0,90213.0,-94.01884615384616,-93.06053846153844,0
Dear-White-People,"Oct 17, 2014",1250000,4404154.0,5403771.0,252.33232,332.30168,1
Saw,"Oct 29, 2004",1200000,55968727.0,103880027.0,4564.060583333333,8556.668916666667,1
Strangers-on-a-Train,"Jul 3, 1951",1200000,7000000.0,7000000.0,483.33333333333326,483.33333333333326,1
Reservoir-Dogs,"Oct 23, 1992",1200000,2832029.0,2832029.0,136.00241666666668,136.00241666666668,1
"Rocky-Horror-Picture-Show,-The","Sep 26, 1975",1200000,1414845.0,1615976.0,17.90375,34.66466666666667,0
Rocky,"Nov 21, 1976",1000000,117235147.0,225000000.0,11623.5147,22400.0,1
Taxi-Driver,"Feb 8, 1976",1000000,28262574.0,28316211.0,2726.2574,2731.6211,1
Hellraiser,"Sep 18, 1987",1000000,14564000.0,14575148.0,1356.4,1357.5148,1
Blue-Valentine,"Dec 29, 2010",1000000,9737892.0,16566240.0,873.7892,1556.624,1
"Sessions,-The","Oct 19, 2012",1000000,6002451.0,11495204.0,500.2451,1049.5204,1
Martha-Marcy-May-Marlene,"Oct 21, 2011",1000000,2981038.0,5438911.0,198.1038,443.8911,1
Frozen-River,"Aug 1, 2008",1000000,2511476.0,6030129.0,151.1476,503.0129,1
"Battle-of-Shaker-Heights,-The","Aug 22, 2003",1000000,280351.0,839145.0,-71.9649,-16.0855,0
Fruitvale-Station,"Jul 12, 2013",900000,16098998.0,17549645.0,1688.7775555555554,1849.960555555556,1
American-Graffiti,"Aug 11, 1973",777000,115000000.0,140000000.0,14700.5148005148,17918.018018018018,1
Brick,"Mar 31, 2006",450000,2075743.0,4243996.0,361.2762222222222,843.1102222222223,1
It-Happened-One-Night,"Feb 22, 1934",325000,2500000.0,2500000.0,669.2307692307693,669.2307692307693,1
Chasing-Amy,"Apr 4, 1997",250000,12006514.0,15155095.0,4702.6056,5962.0380000000005,1
Pi,"Jul 10, 1998",68000,3221152.0,4678513.0,4636.988235294118,6780.16617647059,1
Clerks,"Oct 19, 1994",27000,3073428.0,3894240.0,11283.066666666668,14323.111111111111,1
